preview_symbol,shift_label,real_origin,shuffle_origin,random_sign_origin,real_state,shuffle_state,random_sign_state,real_function,shuffle_function,random_sign_function,real_depth,shuffle_depth,random_sign_depth,real_null_share,shuffle_null_share,random_sign_null_share,real_mixed_share,shuffle_mixed_share,random_sign_mixed_share,real_count,shuffle_count,random_sign_count
dio_mcm_episode_12tgchq,realwelt_stabil,realwelt_getragen,realwelt_getragen,realwelt_getragen,positive_recoupling_field_phase,stable_crossworld_field_phase,stable_crossworld_field_phase,milieu_island,milieu_island,milieu_island,0.824693,0.859001,0.859984,0.0,0.14698492462311558,0.2624909485879797,0.0,0.0,0.0,2037,2388,2762
dio_mcm_episode_0nu3wih,realwelt_stabil,realwelt_getragen,realwelt_getragen,realwelt_getragen,stable_crossworld_field_phase,stable_crossworld_field_phase,stable_crossworld_field_phase,active_recoupling,active_recoupling,active_recoupling,0.814007,0.826714,0.822826,0.0,0.06280193236714976,0.14912280701754385,0.0,0.0,0.0,388,414,456
dio_mcm_episode_15z3zml,realwelt_stabil,realwelt_getragen,realwelt_getragen,realwelt_getragen,positive_recoupling_field_phase,stable_crossworld_field_phase,stable_crossworld_field_phase,active_recoupling,active_recoupling,active_recoupling,0.765175,0.796331,0.798964,0.0,0.16216216216216217,0.29545454545454547,0.0,0.0,0.0,31,37,44
dio_mcm_episode_171moy1,realwelt_stabil,realwelt_getragen,realwelt_getragen,realwelt_getragen,positive_recoupling_field_phase,stable_crossworld_field_phase,stable_crossworld_field_phase,active_recoupling,active_recoupling,active_recoupling,0.745621,0.771291,0.784621,0.0,0.17391304347826086,0.2962962962962963,0.0,0.0,0.0,19,23,27
dio_mcm_episode_1i3ov0z,realwelt_stabil,realwelt_getragen,realwelt_getragen,realwelt_getragen,positive_recoupling_field_phase,positive_recoupling_field_phase,positive_recoupling_field_phase,active_recoupling,active_recoupling,active_recoupling,0.729424,0.759879,0.760127,0.0,0.03125,0.015873015873015872,0.0,0.0,0.0,62,64,63
dio_mcm_episode_1fdlu6e,realwelt_stabil,realwelt_getragen,realwelt_getragen,realwelt_getragen,positive_recoupling_field_phase,positive_recoupling_field_phase,positive_recoupling_field_phase,milieu_island,milieu_island,milieu_island,0.728673,0.769849,0.728673,0.0,0.01303538175046555,0.0,0.0,0.0,0.0,530,537,530
dio_mcm_episode_0f9q533,realwelt_stabil,realwelt_getragen,realwelt_getragen,realwelt_getragen,positive_recoupling_field_phase,positive_recoupling_field_phase,positive_recoupling_field_phase,active_recoupling,active_recoupling,active_recoupling,0.717095,0.737321,0.734653,0.0,0.1875,0.1875,0.0,0.0,0.0,13,16,16
dio_mcm_episode_0hiolzy,realwelt_stabil,realwelt_getragen,realwelt_getragen,realwelt_getragen,positive_recoupling_field_phase,positive_recoupling_field_phase,positive_recoupling_field_phase,milieu_island,milieu_island,milieu_island,0.702644,0.702644,0.702644,0.0,0.0,0.0,0.0,0.0,0.0,15,15,15
dio_mcm_episode_16bqw8k,realwelt_stabil,realwelt_getragen,realwelt_getragen,realwelt_getragen,stable_crossworld_field_phase,stable_crossworld_field_phase,stable_crossworld_field_phase,active_recoupling,active_recoupling,active_recoupling,0.701787,0.73278,0.728449,0.0,0.3,0.2222222222222222,0.0,0.0,0.0,21,30,27
dio_mcm_episode_19h8lor,realwelt_stabil,realwelt_getragen,realwelt_getragen,realwelt_getragen,positive_recoupling_field_phase,positive_recoupling_field_phase,positive_recoupling_field_phase,active_recoupling,active_recoupling,active_recoupling,0.698505,0.722451,0.711966,0.0,0.2,0.047619047619047616,0.0,0.0,0.0,20,25,21
dio_mcm_episode_0nleev0,realwelt_stabil,realwelt_getragen,realwelt_getragen,realwelt_getragen,positive_recoupling_field_phase,positive_recoupling_field_phase,positive_recoupling_field_phase,active_recoupling,active_recoupling,active_recoupling,0.695127,0.714209,0.711816,0.0,0.09090909090909091,0.16666666666666666,0.0,0.0,0.0,10,11,12
dio_mcm_episode_0mfdlry,realwelt_stabil,realwelt_getragen,realwelt_getragen,realwelt_getragen,positive_recoupling_field_phase,stable_crossworld_field_phase,positive_recoupling_field_phase,active_recoupling,active_recoupling,active_recoupling,0.676972,0.709819,0.68825,0.0,0.25,0.07692307692307693,0.0,0.0,0.0,12,16,13
dio_mcm_episode_0hlxzy4,realwelt_stabil,realwelt_getragen,realwelt_getragen,realwelt_getragen,positive_recoupling_field_phase,positive_recoupling_field_phase,positive_recoupling_field_phase,active_recoupling,active_recoupling,active_recoupling,0.671779,0.671779,0.681886,0.0,0.0,0.125,0.0,0.0,0.0,7,7,8
dio_mcm_episode_1f9nms9,realwelt_stabil,realwelt_getragen,realwelt_getragen,realwelt_getragen,positive_recoupling_field_phase,positive_recoupling_field_phase,positive_recoupling_field_phase,active_recoupling,active_recoupling,active_recoupling,0.660881,0.680781,0.687039,0.0,0.125,0.2222222222222222,0.0,0.0,0.0,7,8,9
dio_mcm_episode_0d5sirp,realwelt_stabil,realwelt_getragen,realwelt_getragen,realwelt_getragen,positive_recoupling_field_phase,positive_recoupling_field_phase,positive_recoupling_field_phase,active_recoupling,active_recoupling,active_recoupling,0.651479,0.651479,0.677028,0.0,0.0,0.18181818181818182,0.0,0.0,0.0,9,9,11
dio_mcm_episode_00svqqo,realwelt_stabil,realwelt_getragen,realwelt_getragen,realwelt_getragen,positive_recoupling_field_phase,positive_recoupling_field_phase,positive_recoupling_field_phase,active_recoupling,active_recoupling,active_recoupling,0.651396,0.684034,0.681485,0.0,0.18181818181818182,0.1,0.0,0.0,0.0,9,11,10
dio_mcm_episode_17q5fcr,realwelt_stabil,realwelt_getragen,realwelt_getragen,realwelt_getragen,positive_recoupling_field_phase,positive_recoupling_field_phase,positive_recoupling_field_phase,milieu_island,milieu_island,milieu_island,0.651076,0.651076,0.651076,0.0,0.0,0.0,0.0,0.0,0.0,22,22,22
dio_mcm_episode_0a6jsal,realwelt_stabil,realwelt_getragen,realwelt_getragen,realwelt_getragen,positive_recoupling_field_phase,positive_recoupling_field_phase,positive_recoupling_field_phase,active_recoupling,active_recoupling,active_recoupling,0.649818,0.683143,0.649818,0.0,0.125,0.0,0.0,0.0,0.0,7,8,7
dio_mcm_episode_1iwpq62,realwelt_stabil,realwelt_getragen,realwelt_getragen,realwelt_getragen,positive_recoupling_field_phase,positive_recoupling_field_phase,positive_recoupling_field_phase,active_recoupling,active_recoupling,active_recoupling,0.643518,0.676988,0.678564,0.0,0.13636363636363635,0.09523809523809523,0.0,0.0,0.0,19,22,21
dio_mcm_episode_1rppkb5,realwelt_stabil,realwelt_getragen,realwelt_getragen,realwelt_getragen,positive_recoupling_field_phase,positive_recoupling_field_phase,positive_recoupling_field_phase,active_recoupling,active_recoupling,active_recoupling,0.640174,0.640174,0.640174,0.0,0.0,0.0,0.0,0.0,0.0,17,17,17
dio_mcm_episode_02ixe4y,realwelt_stabil,realwelt_getragen,realwelt_getragen,realwelt_getragen,positive_recoupling_field_phase,positive_recoupling_field_phase,positive_recoupling_field_phase,milieu_island,milieu_island,milieu_island,0.639739,0.680239,0.639739,0.0,0.14285714285714285,0.0,0.0,0.0,0.0,6,7,6
dio_mcm_episode_13upl05,realwelt_stabil,realwelt_getragen,realwelt_getragen,realwelt_getragen,positive_recoupling_field_phase,positive_recoupling_field_phase,positive_recoupling_field_phase,active_recoupling,active_recoupling,active_recoupling,0.63532,0.63532,0.63532,0.0,0.0,0.0,0.0,0.0,0.0,16,16,16
dio_mcm_episode_13vl4wk,realwelt_stabil,realwelt_getragen,realwelt_getragen,realwelt_getragen,positive_recoupling_field_phase,positive_recoupling_field_phase,positive_recoupling_field_phase,active_recoupling,active_recoupling,active_recoupling,0.630953,0.709731,0.687001,0.0,0.11538461538461539,0.20689655172413793,0.0,0.0,0.0,23,26,29
dio_mcm_episode_0g2f7e4,realwelt_stabil,realwelt_getragen,realwelt_getragen,realwelt_getragen,positive_recoupling_field_phase,positive_recoupling_field_phase,positive_recoupling_field_phase,active_recoupling,active_recoupling,active_recoupling,0.627072,0.627072,0.654844,0.0,0.0,0.25,0.0,0.0,0.0,6,6,8
dio_mcm_episode_1xppyx0,realwelt_stabil,realwelt_getragen,realwelt_getragen,realwelt_getragen,positive_recoupling_field_phase,positive_recoupling_field_phase,positive_recoupling_field_phase,active_recoupling,active_recoupling,active_recoupling,0.626926,0.626926,0.626926,0.0,0.0,0.0,0.0,0.0,0.0,6,6,6
dio_mcm_episode_0vnrnvb,realwelt_stabil,realwelt_getragen,realwelt_getragen,realwelt_getragen,positive_recoupling_field_phase,stable_crossworld_field_phase,stable_crossworld_field_phase,open_surface,open_surface,open_surface,0.62238,0.64228,0.642318,0.0,0.125,0.125,0.0,0.0,0.0,7,8,8
dio_mcm_episode_13nf5kn,realwelt_stabil,realwelt_getragen,realwelt_getragen,realwelt_getragen,positive_recoupling_field_phase,positive_recoupling_field_phase,positive_recoupling_field_phase,milieu_island,milieu_island,milieu_island,0.617074,0.617074,0.617074,0.0,0.0,0.0,0.0,0.0,0.0,8,8,8
dio_mcm_episode_0u7qgeu,realwelt_stabil,realwelt_getragen,realwelt_getragen,realwelt_getragen,positive_recoupling_field_phase,positive_recoupling_field_phase,positive_recoupling_field_phase,active_recoupling,active_recoupling,active_recoupling,0.595904,0.595904,0.643807,0.0,0.0,0.25,0.0,0.0,0.0,6,6,8
dio_mcm_episode_1e5qs1j,realwelt_stabil,realwelt_getragen,realwelt_getragen,realwelt_getragen,young_field_phase,young_field_phase,positive_recoupling_field_phase,active_recoupling,active_recoupling,active_recoupling,0.582049,0.582049,0.616871,0.0,0.0,0.25,0.0,0.0,0.0,3,3,4
dio_mcm_episode_1yhu9yb,realwelt_stabil,realwelt_getragen,realwelt_getragen,realwelt_getragen,positive_recoupling_field_phase,positive_recoupling_field_phase,positive_recoupling_field_phase,active_recoupling,active_recoupling,active_recoupling,0.581247,0.581247,0.581247,0.0,0.0,0.0,0.0,0.0,0.0,5,5,5
dio_mcm_episode_0m2pnpt,offener_wechsel,realwelt_getragen,realwelt_getragen,-,positive_recoupling_field_phase,positive_recoupling_field_phase,-,open_surface,active_recoupling,-,0.576376,0.613603,0.0,0.0,0.16666666666666666,0.0,0.0,0.0,0.0,5,6,0
dio_mcm_episode_0y53nyb,offener_wechsel,realwelt_getragen,-,realwelt_getragen,positive_recoupling_field_phase,-,positive_recoupling_field_phase,active_recoupling,-,active_recoupling,0.575558,0.0,0.622766,0.0,0.0,0.25,0.0,0.0,0.0,6,0,8
dio_mcm_episode_17e1ecl,offener_wechsel,realwelt_getragen,-,realwelt_getragen,positive_recoupling_field_phase,-,positive_recoupling_field_phase,active_recoupling,-,active_recoupling,0.565348,0.0,0.607855,0.0,0.0,0.16666666666666666,0.0,0.0,0.0,5,0,6
dio_mcm_episode_12k5tow,offener_wechsel,realwelt_getragen,realwelt_getragen,-,young_field_phase,positive_recoupling_field_phase,-,open_surface,open_surface,-,0.564864,0.60092,0.0,0.0,0.2,0.0,0.0,0.0,0.0,4,5,0
dio_mcm_episode_014zdo3,nur_stoerketten_sichtbar,-,feldinterne_nullordnung,-,-,positive_recoupling_field_phase,-,-,milieu_island,-,0.0,0.68788,0.0,0.0,0.8571428571428571,0.0,0.0,0.14285714285714285,0.0,0,7,0
dio_mcm_episode_10r2mum,nur_stoerketten_sichtbar,-,feldinterne_nullordnung,-,-,positive_recoupling_field_phase,-,-,active_recoupling,-,0.0,0.676286,0.0,0.0,1.0,0.0,0.0,0.0,0.0,0,110,0
dio_mcm_episode_07x93e7,nur_stoerketten_sichtbar,-,gemischte_bindung,gemischte_bindung,-,positive_recoupling_field_phase,positive_recoupling_field_phase,-,active_recoupling,active_recoupling,0.0,0.651332,0.604277,0.0,0.5714285714285714,0.625,0.0,0.42857142857142855,0.375,0,7,8
dio_mcm_episode_08w107d,nur_stoerketten_sichtbar,-,feldinterne_nullordnung,-,-,positive_recoupling_field_phase,-,-,open_surface,-,0.0,0.6366,0.0,0.0,0.875,0.0,0.0,0.125,0.0,0,8,0
dio_mcm_episode_1kwexso,nur_stoerketten_sichtbar,-,gemischte_bindung,-,-,positive_recoupling_field_phase,-,-,active_recoupling,-,0.0,0.631488,0.0,0.0,0.625,0.0,0.0,0.375,0.0,0,8,0
dio_mcm_episode_0wyzu1s,nur_stoerketten_sichtbar,-,gemischte_bindung,gemischte_bindung,-,stable_crossworld_field_phase,positive_recoupling_field_phase,-,open_surface,open_surface,0.0,0.623638,0.611626,0.0,0.6666666666666666,0.6666666666666666,0.0,0.3333333333333333,0.3333333333333333,0,6,6
dio_mcm_episode_0gdrwbp,nur_stoerketten_sichtbar,-,gemischte_bindung,gemischte_bindung,-,positive_recoupling_field_phase,positive_recoupling_field_phase,-,active_recoupling,active_recoupling,0.0,0.619173,0.609659,0.0,0.5,0.5,0.0,0.3333333333333333,0.3333333333333333,0,6,6
dio_mcm_episode_11dx6vi,nur_stoerketten_sichtbar,-,gemischte_bindung,gemischte_bindung,-,positive_recoupling_field_phase,positive_recoupling_field_phase,-,active_recoupling,active_recoupling,0.0,0.617026,0.614929,0.0,0.5,0.5,0.0,0.25,0.25,0,4,4
dio_mcm_episode_163b6v6,nur_stoerketten_sichtbar,-,gemischte_bindung,-,-,young_field_phase,-,-,milieu_island,-,0.0,0.615492,0.0,0.0,0.6666666666666666,0.0,0.0,0.3333333333333333,0.0,0,3,0
dio_mcm_episode_0ws9wvs,nur_stoerketten_sichtbar,-,feldinterne_nullordnung,-,-,positive_recoupling_field_phase,-,-,active_recoupling,-,0.0,0.612709,0.0,0.0,0.75,0.0,0.0,0.25,0.0,0,4,0
dio_mcm_episode_11w0mrr,nur_stoerketten_sichtbar,-,gemischte_bindung,gemischte_bindung,-,positive_recoupling_field_phase,positive_recoupling_field_phase,-,active_recoupling,active_recoupling,0.0,0.611835,0.6266,0.0,0.5,0.6,0.0,0.25,0.2,0,4,5
dio_mcm_episode_1200bb0,nur_stoerketten_sichtbar,-,gemischte_bindung,gemischte_bindung,-,positive_recoupling_field_phase,young_field_phase,-,active_recoupling,active_recoupling,0.0,0.609434,0.594425,0.0,0.6,0.5,0.0,0.4,0.25,0,5,4
dio_mcm_episode_1xdh0bk,nur_stoerketten_sichtbar,-,gemischte_bindung,-,-,positive_recoupling_field_phase,-,-,active_recoupling,-,0.0,0.609255,0.0,0.0,0.6,0.0,0.0,0.4,0.0,0,5,0
dio_mcm_episode_19ljsne,nur_stoerketten_sichtbar,-,feldinterne_nullordnung,-,-,positive_recoupling_field_phase,-,-,active_recoupling,-,0.0,0.60115,0.0,0.0,0.75,0.0,0.0,0.25,0.0,0,4,0
dio_mcm_episode_0a2pf1p,nur_stoerketten_sichtbar,-,feldinterne_nullordnung,-,-,young_field_phase,-,-,milieu_island,-,0.0,0.597932,0.0,0.0,1.0,0.0,0.0,0.0,0.0,0,2,0
dio_mcm_episode_16lqhxj,nur_stoerketten_sichtbar,-,feldinterne_nullordnung,-,-,positive_recoupling_field_phase,-,-,open_surface,-,0.0,0.595602,0.0,0.0,0.8,0.0,0.0,0.2,0.0,0,5,0
dio_mcm_episode_05kzk26,nur_stoerketten_sichtbar,-,feldinterne_nullordnung,-,-,young_field_phase,-,-,milieu_island,-,0.0,0.589582,0.0,0.0,1.0,0.0,0.0,0.0,0.0,0,2,0
dio_mcm_episode_0mtt9o5,nur_stoerketten_sichtbar,-,feldinterne_nullordnung,-,-,positive_recoupling_field_phase,-,-,milieu_island,-,0.0,0.587409,0.0,0.0,1.0,0.0,0.0,0.0,0.0,0,7,0
dio_mcm_episode_0nn6ri9,nur_stoerketten_sichtbar,-,gemischte_bindung,-,-,positive_recoupling_field_phase,-,-,open_surface,-,0.0,0.585438,0.0,0.0,0.4,0.0,0.0,0.2,0.0,0,5,0
dio_mcm_episode_1be1yef,nur_stoerketten_sichtbar,-,gemischte_bindung,-,-,young_field_phase,-,-,milieu_island,-,0.0,0.58464,0.0,0.0,0.5,0.0,0.0,0.5,0.0,0,2,0
dio_mcm_episode_1a49lc5,nur_stoerketten_sichtbar,-,feldinterne_nullordnung,-,-,young_field_phase,-,-,milieu_island,-,0.0,0.581854,0.0,0.0,1.0,0.0,0.0,0.0,0.0,0,2,0
dio_mcm_episode_14xx81a,nur_stoerketten_sichtbar,-,-,feldinterne_nullordnung,-,-,positive_recoupling_field_phase,-,-,milieu_island,0.0,0.0,0.72315,0.0,0.0,1.0,0.0,0.0,0.0,0,0,105
dio_mcm_episode_0v0uojh,nur_stoerketten_sichtbar,-,-,gemischte_bindung,-,-,positive_recoupling_field_phase,-,-,active_recoupling,0.0,0.0,0.635344,0.0,0.0,0.6666666666666666,0.0,0.0,0.3333333333333333,0,0,6
dio_mcm_episode_1ymlx26,nur_stoerketten_sichtbar,-,-,gemischte_bindung,-,-,positive_recoupling_field_phase,-,-,active_recoupling,0.0,0.0,0.629169,0.0,0.0,0.5,0.0,0.0,0.25,0,0,4
dio_mcm_episode_0quo3nn,nur_stoerketten_sichtbar,-,-,gemischte_bindung,-,-,positive_recoupling_field_phase,-,-,active_recoupling,0.0,0.0,0.625153,0.0,0.0,0.625,0.0,0.0,0.375,0,0,8
dio_mcm_episode_0r55qr8,nur_stoerketten_sichtbar,-,-,feldinterne_nullordnung,-,-,positive_recoupling_field_phase,-,-,milieu_island,0.0,0.0,0.62056,0.0,0.0,1.0,0.0,0.0,0.0,0,0,4
dio_mcm_episode_1ole1yf,nur_stoerketten_sichtbar,-,-,gemischte_bindung,-,-,positive_recoupling_field_phase,-,-,active_recoupling,0.0,0.0,0.609317,0.0,0.0,0.5,0.0,0.0,0.3333333333333333,0,0,6
dio_mcm_episode_0z1w5lo,nur_stoerketten_sichtbar,-,-,feldinterne_nullordnung,-,-,positive_recoupling_field_phase,-,-,active_recoupling,0.0,0.0,0.608488,0.0,0.0,0.7142857142857143,0.0,0.0,0.14285714285714285,0,0,7
dio_mcm_episode_1qmlwcr,nur_stoerketten_sichtbar,-,-,gemischte_bindung,-,-,young_field_phase,-,-,milieu_island,0.0,0.0,0.596434,0.0,0.0,0.5,0.0,0.0,0.5,0,0,2
dio_mcm_episode_1fy7zy2,nur_stoerketten_sichtbar,-,-,feldinterne_nullordnung,-,-,young_field_phase,-,-,active_recoupling,0.0,0.0,0.594606,0.0,0.0,1.0,0.0,0.0,0.0,0,0,3
dio_mcm_episode_04fxyrn,nur_stoerketten_sichtbar,-,-,feldinterne_nullordnung,-,-,positive_recoupling_field_phase,-,-,active_recoupling,0.0,0.0,0.587715,0.0,0.0,0.8,0.0,0.0,0.2,0,0,5
dio_mcm_episode_0ptcfn6,nur_stoerketten_sichtbar,-,-,gemischte_bindung,-,-,positive_recoupling_field_phase,-,-,active_recoupling,0.0,0.0,0.586943,0.0,0.0,0.6,0.0,0.0,0.2,0,0,5
dio_mcm_episode_08q1993,nur_stoerketten_sichtbar,-,-,gemischte_bindung,-,-,young_field_phase,-,-,active_recoupling,0.0,0.0,0.584181,0.0,0.0,0.5,0.0,0.0,0.25,0,0,4
dio_mcm_episode_0mcp9es,nur_stoerketten_sichtbar,-,-,feldinterne_nullordnung,-,-,positive_recoupling_field_phase,-,-,active_recoupling,0.0,0.0,0.581955,0.0,0.0,0.8,0.0,0.0,0.2,0,0,5
dio_mcm_episode_0sscnvc,nur_stoerketten_sichtbar,-,-,gemischte_bindung,-,-,young_field_phase,-,-,active_recoupling,0.0,0.0,0.581555,0.0,0.0,0.6666666666666666,0.0,0.0,0.3333333333333333,0,0,3
dio_mcm_episode_19ysphu,nur_real_sichtbar,realwelt_getragen,-,-,positive_recoupling_field_phase,-,-,active_recoupling,-,-,0.581041,0.0,0.0,0.0,0.0,0.0,0.0,0.0,0.0,5,0,0
dio_mcm_episode_11uzrg2,nur_real_sichtbar,realwelt_getragen,-,-,positive_recoupling_field_phase,-,-,open_surface,-,-,0.57336,0.0,0.0,0.0,0.0,0.0,0.0,0.0,0.0,6,0,0
dio_mcm_episode_0278cl0,nur_real_sichtbar,realwelt_getragen,-,-,young_field_phase,-,-,active_recoupling,-,-,0.571332,0.0,0.0,0.0,0.0,0.0,0.0,0.0,0.0,3,0,0
dio_mcm_episode_18bzc1l,nur_real_sichtbar,realwelt_getragen,-,-,young_field_phase,-,-,milieu_island,-,-,0.562257,0.0,0.0,0.0,0.0,0.0,0.0,0.0,0.0,3,0,0
dio_mcm_episode_0cpxes1,nur_real_sichtbar,realwelt_getragen,-,-,young_field_phase,-,-,milieu_island,-,-,0.562017,0.0,0.0,0.0,0.0,0.0,0.0,0.0,0.0,3,0,0
dio_mcm_episode_1ighrbw,nur_real_sichtbar,realwelt_getragen,-,-,young_field_phase,-,-,milieu_island,-,-,0.561134,0.0,0.0,0.0,0.0,0.0,0.0,0.0,0.0,3,0,0
dio_mcm_episode_0c05m49,nur_real_sichtbar,realwelt_getragen,-,-,young_field_phase,-,-,milieu_island,-,-,0.558621,0.0,0.0,0.0,0.0,0.0,0.0,0.0,0.0,2,0,0
dio_mcm_episode_1c8zokt,nur_real_sichtbar,realwelt_getragen,-,-,young_field_phase,-,-,milieu_island,-,-,0.555881,0.0,0.0,0.0,0.0,0.0,0.0,0.0,0.0,2,0,0
dio_mcm_episode_1nr3krt,nur_real_sichtbar,realwelt_getragen,-,-,positive_recoupling_field_phase,-,-,open_surface,-,-,0.555356,0.0,0.0,0.0,0.0,0.0,0.0,0.0,0.0,5,0,0
dio_mcm_episode_0c2acj0,nur_real_sichtbar,realwelt_getragen,-,-,young_field_phase,-,-,milieu_island,-,-,0.553332,0.0,0.0,0.0,0.0,0.0,0.0,0.0,0.0,3,0,0
dio_mcm_episode_19ry8iv,nur_real_sichtbar,realwelt_getragen,-,-,young_field_phase,-,-,milieu_island,-,-,0.544557,0.0,0.0,0.0,0.0,0.0,0.0,0.0,0.0,2,0,0
dio_mcm_episode_0y7hhur,nur_real_sichtbar,realwelt_getragen,-,-,young_field_phase,-,-,milieu_island,-,-,0.543435,0.0,0.0,0.0,0.0,0.0,0.0,0.0,0.0,1,0,0
dio_mcm_episode_0vidg3n,nur_real_sichtbar,realwelt_getragen,-,-,young_field_phase,-,-,milieu_island,-,-,0.542113,0.0,0.0,0.0,0.0,0.0,0.0,0.0,0.0,1,0,0
dio_mcm_episode_075h63q,nur_real_sichtbar,realwelt_getragen,-,-,young_field_phase,-,-,milieu_island,-,-,0.541942,0.0,0.0,0.0,0.0,0.0,0.0,0.0,0.0,1,0,0
dio_mcm_episode_0icnf2v,kippt_zu_gemischt,realwelt_getragen,gemischte_bindung,gemischte_bindung,stable_crossworld_field_phase,stable_crossworld_field_phase,stable_crossworld_field_phase,milieu_island,active_recoupling,active_recoupling,0.847206,0.870324,0.870452,0.0,0.5592011412268189,0.5282802839477903,0.0,0.16176890156918688,0.13937867338371115,12360,28040,26202
dio_mcm_episode_1qlxgj7,kippt_zu_gemischt,realwelt_getragen,realwelt_getragen,gemischte_bindung,stable_crossworld_field_phase,stable_crossworld_field_phase,stable_crossworld_field_phase,active_recoupling,active_recoupling,active_recoupling,0.843927,0.858598,0.860043,0.0,0.23922686945500635,0.30284552845528456,0.0,0.0,0.0,2401,3156,3444
dio_mcm_episode_1rj8742,kippt_zu_gemischt,realwelt_getragen,gemischte_bindung,gemischte_bindung,stable_crossworld_field_phase,stable_crossworld_field_phase,stable_crossworld_field_phase,active_recoupling,active_recoupling,active_recoupling,0.84252,0.860633,0.859945,0.0,0.4171168129642134,0.40083289953149404,0.0,0.0,0.0,3453,5924,5763
dio_mcm_episode_0wo0tz1,kippt_zu_gemischt,realwelt_getragen,gemischte_bindung,gemischte_bindung,stable_crossworld_field_phase,stable_crossworld_field_phase,stable_crossworld_field_phase,active_recoupling,active_recoupling,active_recoupling,0.82569,0.83967,0.851621,0.0,0.3194570135746606,0.5409035409035409,0.0,0.0,0.0989010989010989,1504,2210,3276
dio_mcm_episode_0tfzgic,kippt_zu_gemischt,realwelt_getragen,gemischte_bindung,gemischte_bindung,stable_crossworld_field_phase,stable_crossworld_field_phase,stable_crossworld_field_phase,active_recoupling,active_recoupling,active_recoupling,0.820822,0.835336,0.837329,0.0,0.3812360387192852,0.40600428877769834,0.0,0.0,0.0,831,1343,1399
dio_mcm_episode_1yxc2ug,kippt_zu_gemischt,realwelt_getragen,realwelt_getragen,gemischte_bindung,positive_recoupling_field_phase,stable_crossworld_field_phase,stable_crossworld_field_phase,active_recoupling,active_recoupling,active_recoupling,0.812387,0.821621,0.836176,0.0,0.004273504273504274,0.33045977011494254,0.0,0.0,0.0,233,234,348
dio_mcm_episode_0vcr3lw,kippt_zu_gemischt,realwelt_getragen,gemischte_bindung,gemischte_bindung,stable_crossworld_field_phase,stable_crossworld_field_phase,stable_crossworld_field_phase,active_recoupling,active_recoupling,active_recoupling,0.811692,0.840265,0.835031,0.0,0.3595505617977528,0.3522727272727273,0.0,0.0,0.0,57,89,88
dio_mcm_episode_1eav7xq,kippt_zu_gemischt,realwelt_getragen,gemischte_bindung,gemischte_bindung,stable_crossworld_field_phase,stable_crossworld_field_phase,stable_crossworld_field_phase,active_recoupling,active_recoupling,active_recoupling,0.809676,0.838604,0.841739,0.0,0.425531914893617,0.46,0.0,0.0,0.02,54,94,100
dio_mcm_episode_0bsaqu1,kippt_zu_gemischt,realwelt_getragen,gemischte_bindung,gemischte_bindung,stable_crossworld_field_phase,stable_crossworld_field_phase,stable_crossworld_field_phase,active_recoupling,active_recoupling,active_recoupling,0.809338,0.83783,0.842171,0.0,0.375,0.43820224719101125,0.0,0.0,0.0,50,80,89
dio_mcm_episode_0hvxln3,kippt_zu_gemischt,realwelt_getragen,gemischte_bindung,realwelt_getragen,stable_crossworld_field_phase,stable_crossworld_field_phase,stable_crossworld_field_phase,active_recoupling,active_recoupling,active_recoupling,0.80086,0.8326,0.826352,0.0,0.3561643835616438,0.27692307692307694,0.0,0.0,0.0,47,73,65
dio_mcm_episode_08g1nk4,kippt_zu_gemischt,realwelt_getragen,gemischte_bindung,gemischte_bindung,stable_crossworld_field_phase,stable_crossworld_field_phase,stable_crossworld_field_phase,active_recoupling,active_recoupling,active_recoupling,0.784989,0.829568,0.823218,0.0,0.39285714285714285,0.3625,0.0,0.0,0.0,51,84,80
dio_mcm_episode_14sn1ov,kippt_zu_gemischt,realwelt_getragen,gemischte_bindung,gemischte_bindung,positive_recoupling_field_phase,stable_crossworld_field_phase,stable_crossworld_field_phase,active_recoupling,active_recoupling,active_recoupling,0.778156,0.824319,0.810365,0.0,0.4050632911392405,0.3561643835616438,0.0,0.0,0.0,47,79,73
dio_mcm_episode_0b8eoy2,kippt_zu_gemischt,realwelt_getragen,gemischte_bindung,gemischte_bindung,positive_recoupling_field_phase,stable_crossworld_field_phase,stable_crossworld_field_phase,active_recoupling,active_recoupling,active_recoupling,0.77008,0.809808,0.809398,0.0,0.373134328358209,0.3225806451612903,0.0,0.0,0.0,42,67,62
dio_mcm_episode_14pd6eb,kippt_zu_gemischt,realwelt_getragen,gemischte_bindung,gemischte_bindung,positive_recoupling_field_phase,positive_recoupling_field_phase,stable_crossworld_field_phase,milieu_island,active_recoupling,milieu_island,0.769585,0.824771,0.821029,0.0,0.5,0.3684210526315789,0.0,0.125,0.0,24,48,38
dio_mcm_episode_0iwh9d2,kippt_zu_gemischt,realwelt_getragen,realwelt_getragen,gemischte_bindung,positive_recoupling_field_phase,positive_recoupling_field_phase,positive_recoupling_field_phase,milieu_island,milieu_island,milieu_island,0.764748,0.830692,0.819789,0.0,0.17215189873417722,0.40219378427787933,0.0,0.0,0.010968921389396709,327,395,547
dio_mcm_episode_1aejc9m,kippt_zu_gemischt,realwelt_getragen,gemischte_bindung,realwelt_getragen,stable_crossworld_field_phase,stable_crossworld_field_phase,stable_crossworld_field_phase,active_recoupling,active_recoupling,active_recoupling,0.761695,0.79109,0.780835,0.0,0.4444444444444444,0.2261904761904762,0.0,0.0,0.0,65,117,84
dio_mcm_episode_05upp98,kippt_zu_gemischt,realwelt_getragen,gemischte_bindung,gemischte_bindung,positive_recoupling_field_phase,positive_recoupling_field_phase,positive_recoupling_field_phase,milieu_island,milieu_island,milieu_island,0.742449,0.823773,0.812739,0.0,0.5227272727272727,0.43243243243243246,0.0,0.20454545454545456,0.10810810810810811,21,44,37
dio_mcm_episode_0vig3jz,kippt_zu_gemischt,realwelt_getragen,realwelt_getragen,gemischte_bindung,positive_recoupling_field_phase,positive_recoupling_field_phase,positive_recoupling_field_phase,milieu_island,milieu_island,milieu_island,0.729193,0.77091,0.771836,0.0,0.07434944237918216,0.6016,0.0,0.0,0.36,249,269,625
dio_mcm_episode_17i3weh,kippt_zu_gemischt,realwelt_getragen,gemischte_bindung,realwelt_getragen,positive_recoupling_field_phase,positive_recoupling_field_phase,positive_recoupling_field_phase,active_recoupling,active_recoupling,active_recoupling,0.72428,0.767415,0.755599,0.0,0.4,0.2,0.0,0.0,0.0,12,20,15
dio_mcm_episode_0bygq81,kippt_zu_gemischt,realwelt_getragen,gemischte_bindung,gemischte_bindung,positive_recoupling_field_phase,positive_recoupling_field_phase,positive_recoupling_field_phase,milieu_island,milieu_island,milieu_island,0.723534,0.80615,0.810913,0.0,0.5161290322580645,0.5161290322580645,0.0,0.1935483870967742,0.22580645161290322,15,31,31
dio_mcm_episode_0ca57t8,kippt_zu_gemischt,realwelt_getragen,gemischte_bindung,realwelt_getragen,positive_recoupling_field_phase,positive_recoupling_field_phase,positive_recoupling_field_phase,milieu_island,milieu_island,milieu_island,0.714981,0.78049,0.714981,0.0,0.578125,0.0,0.0,0.28125,0.0,27,64,27
dio_mcm_episode_0rbjarj,kippt_zu_gemischt,realwelt_getragen,gemischte_bindung,realwelt_getragen,positive_recoupling_field_phase,positive_recoupling_field_phase,positive_recoupling_field_phase,milieu_island,milieu_island,milieu_island,0.710842,0.748304,0.749381,0.0,0.6860795454545454,0.12301587301587301,0.0,0.3068181818181818,0.0,221,704,252
dio_mcm_episode_0n6m7si,kippt_zu_gemischt,realwelt_getragen,gemischte_bindung,gemischte_bindung,positive_recoupling_field_phase,positive_recoupling_field_phase,positive_recoupling_field_phase,milieu_island,active_recoupling,milieu_island,0.69374,0.809423,0.760316,0.0,0.6666666666666666,0.35294117647058826,0.0,0.3333333333333333,0.0,11,33,17
dio_mcm_episode_0whyn34,kippt_zu_gemischt,realwelt_getragen,gemischte_bindung,realwelt_getragen,positive_recoupling_field_phase,stable_crossworld_field_phase,stable_crossworld_field_phase,active_recoupling,active_recoupling,active_recoupling,0.681351,0.740728,0.711453,0.0,0.4375,0.18181818181818182,0.0,0.0,0.0,9,16,11
dio_mcm_episode_12fuh1y,kippt_zu_gemischt,realwelt_getragen,gemischte_bindung,gemischte_bindung,positive_recoupling_field_phase,positive_recoupling_field_phase,positive_recoupling_field_phase,active_recoupling,active_recoupling,active_recoupling,0.680569,0.729257,0.730749,0.0,0.45454545454545453,0.3333333333333333,0.0,0.0,0.0,6,11,9
dio_mcm_episode_16rq8r1,kippt_zu_gemischt,realwelt_getragen,gemischte_bindung,realwelt_getragen,positive_recoupling_field_phase,stable_crossworld_field_phase,positive_recoupling_field_phase,active_recoupling,active_recoupling,active_recoupling,0.677609,0.719851,0.690661,0.0,0.36363636363636365,0.125,0.0,0.0,0.0,7,11,8
dio_mcm_episode_1rzvh02,kippt_zu_gemischt,realwelt_getragen,realwelt_getragen,gemischte_bindung,positive_recoupling_field_phase,positive_recoupling_field_phase,positive_recoupling_field_phase,milieu_island,milieu_island,milieu_island,0.674499,0.674499,0.786459,0.0,0.0,0.3181818181818182,0.0,0.0,0.0,45,45,66
dio_mcm_episode_0he6atw,kippt_zu_gemischt,realwelt_getragen,gemischte_bindung,gemischte_bindung,positive_recoupling_field_phase,positive_recoupling_field_phase,positive_recoupling_field_phase,milieu_island,active_recoupling,active_recoupling,0.673306,0.753402,0.733439,0.0,0.5,0.3333333333333333,0.0,0.125,0.0,8,16,12
dio_mcm_episode_0tnueiv,kippt_zu_gemischt,realwelt_getragen,gemischte_bindung,gemischte_bindung,positive_recoupling_field_phase,positive_recoupling_field_phase,positive_recoupling_field_phase,active_recoupling,active_recoupling,active_recoupling,0.668485,0.745216,0.748243,0.0,0.42105263157894735,0.42105263157894735,0.0,0.10526315789473684,0.10526315789473684,11,19,19
dio_mcm_episode_1foqdcq,kippt_zu_gemischt,realwelt_getragen,realwelt_getragen,gemischte_bindung,positive_recoupling_field_phase,positive_recoupling_field_phase,positive_recoupling_field_phase,active_recoupling,active_recoupling,active_recoupling,0.664436,0.664436,0.726737,0.0,0.0,0.4,0.0,0.0,0.0,6,6,10
dio_mcm_episode_0xg0gjh,kippt_zu_gemischt,realwelt_getragen,realwelt_getragen,gemischte_bindung,stable_crossworld_field_phase,stable_crossworld_field_phase,stable_crossworld_field_phase,active_recoupling,active_recoupling,active_recoupling,0.661977,0.678598,0.715325,0.0,0.18181818181818182,0.5,0.0,0.0,0.1111111111111111,9,11,18
dio_mcm_episode_0m8cxz1,kippt_zu_gemischt,realwelt_getragen,gemischte_bindung,gemischte_bindung,positive_recoupling_field_phase,positive_recoupling_field_phase,positive_recoupling_field_phase,active_recoupling,active_recoupling,active_recoupling,0.654171,0.739562,0.724857,0.0,0.6037735849056604,0.34375,0.0,0.32075471698113206,0.0,21,53,32
dio_mcm_episode_0usdsrp,kippt_zu_gemischt,realwelt_getragen,realwelt_getragen,gemischte_bindung,positive_recoupling_field_phase,positive_recoupling_field_phase,stable_crossworld_field_phase,active_recoupling,active_recoupling,active_recoupling,0.631508,0.665684,0.678529,0.0,0.25,0.4,0.0,0.0,0.0,6,8,10
dio_mcm_episode_16nc9gj,kippt_zu_gemischt,realwelt_getragen,gemischte_bindung,realwelt_getragen,positive_recoupling_field_phase,positive_recoupling_field_phase,positive_recoupling_field_phase,active_recoupling,active_recoupling,active_recoupling,0.630979,0.689849,0.660937,0.0,0.42857142857142855,0.2727272727272727,0.0,0.0,0.0,8,14,11
dio_mcm_episode_0x60uui,kippt_zu_gemischt,realwelt_getragen,gemischte_bindung,gemischte_bindung,stable_crossworld_field_phase,stable_crossworld_field_phase,stable_crossworld_field_phase,open_surface,active_recoupling,active_recoupling,0.628007,0.68057,0.711595,0.0,0.46153846153846156,0.631578947368421,0.0,0.0,0.3157894736842105,7,13,19
dio_mcm_episode_1rf1k15,kippt_zu_gemischt,realwelt_getragen,gemischte_bindung,gemischte_bindung,positive_recoupling_field_phase,positive_recoupling_field_phase,positive_recoupling_field_phase,milieu_island,milieu_island,milieu_island,0.627397,0.740509,0.7026,0.0,0.5555555555555556,0.42857142857142855,0.0,0.3333333333333333,0.14285714285714285,4,9,7
dio_mcm_episode_1qeor08,kippt_zu_gemischt,realwelt_getragen,realwelt_getragen,gemischte_bindung,positive_recoupling_field_phase,positive_recoupling_field_phase,positive_recoupling_field_phase,active_recoupling,active_recoupling,active_recoupling,0.618869,0.660615,0.687559,0.0,0.25,0.3333333333333333,0.0,0.0,0.0,6,8,9
dio_mcm_episode_0uie72q,kippt_zu_gemischt,realwelt_getragen,gemischte_bindung,realwelt_getragen,positive_recoupling_field_phase,stable_crossworld_field_phase,positive_recoupling_field_phase,active_recoupling,active_recoupling,active_recoupling,0.617226,0.669087,0.638309,0.0,0.4,0.14285714285714285,0.0,0.0,0.0,6,10,7
dio_mcm_episode_09ugoh7,kippt_zu_gemischt,realwelt_getragen,realwelt_getragen,gemischte_bindung,positive_recoupling_field_phase,positive_recoupling_field_phase,positive_recoupling_field_phase,active_recoupling,active_recoupling,active_recoupling,0.60309,0.60309,0.682522,0.0,0.0,0.4444444444444444,0.0,0.0,0.1111111111111111,5,5,9
dio_mcm_episode_16yidit,kippt_zu_gemischt,realwelt_getragen,gemischte_bindung,realwelt_getragen,positive_recoupling_field_phase,stable_crossworld_field_phase,stable_crossworld_field_phase,open_surface,active_recoupling,active_recoupling,0.601437,0.675286,0.624179,0.0,0.5454545454545454,0.16666666666666666,0.0,0.18181818181818182,0.0,5,11,6
dio_mcm_episode_13e4mrt,kippt_zu_gemischt,realwelt_getragen,gemischte_bindung,realwelt_getragen,positive_recoupling_field_phase,stable_crossworld_field_phase,positive_recoupling_field_phase,active_recoupling,active_recoupling,active_recoupling,0.598498,0.66758,0.598498,0.0,0.5,0.0,0.0,0.125,0.0,4,8,4
dio_mcm_episode_0op9h66,kippt_zu_gemischt,realwelt_getragen,gemischte_bindung,gemischte_bindung,positive_recoupling_field_phase,positive_recoupling_field_phase,positive_recoupling_field_phase,active_recoupling,active_recoupling,active_recoupling,0.591934,0.653212,0.648685,0.0,0.375,0.375,0.0,0.0,0.0,5,8,8
dio_mcm_episode_1dpkuqy,kippt_zu_gemischt,realwelt_getragen,realwelt_getragen,gemischte_bindung,positive_recoupling_field_phase,positive_recoupling_field_phase,positive_recoupling_field_phase,active_recoupling,active_recoupling,active_recoupling,0.590665,0.629064,0.659559,0.0,0.2,0.42857142857142855,0.0,0.0,0.14285714285714285,4,5,7
dio_mcm_episode_1416rrs,kippt_zu_gemischt,realwelt_getragen,realwelt_getragen,gemischte_bindung,positive_recoupling_field_phase,positive_recoupling_field_phase,positive_recoupling_field_phase,active_recoupling,active_recoupling,active_recoupling,0.588995,0.588995,0.653041,0.0,0.0,0.3333333333333333,0.0,0.0,0.0,6,6,9
dio_mcm_episode_0uq3m48,kippt_zu_gemischt,realwelt_getragen,realwelt_getragen,gemischte_bindung,young_field_phase,young_field_phase,positive_recoupling_field_phase,milieu_island,milieu_island,active_recoupling,0.587044,0.587044,0.669108,0.0,0.0,0.6,0.0,0.0,0.4,2,2,5
dio_mcm_episode_06eyd53,kippt_zu_gemischt,realwelt_getragen,gemischte_bindung,realwelt_getragen,young_field_phase,young_field_phase,young_field_phase,milieu_island,milieu_island,milieu_island,0.584029,0.633035,0.584029,0.0,0.3333333333333333,0.0,0.0,0.0,0.0,2,3,2
dio_mcm_episode_0iiwvci,kippt_zu_gemischt,realwelt_getragen,gemischte_bindung,realwelt_getragen,young_field_phase,positive_recoupling_field_phase,positive_recoupling_field_phase,active_recoupling,active_recoupling,active_recoupling,0.58311,0.638313,0.617353,0.0,0.5,0.25,0.0,0.16666666666666666,0.0,3,6,4
dio_mcm_episode_0o47ti3,kippt_zu_gemischt,realwelt_getragen,gemischte_bindung,realwelt_getragen,positive_recoupling_field_phase,positive_recoupling_field_phase,positive_recoupling_field_phase,milieu_island,milieu_island,milieu_island,0.581153,0.650278,0.581153,0.0,0.375,0.0,0.0,0.0,0.0,5,8,5
dio_mcm_episode_0ww122h,kippt_zu_gemischt,realwelt_getragen,realwelt_getragen,gemischte_bindung,young_field_phase,positive_recoupling_field_phase,positive_recoupling_field_phase,active_recoupling,active_recoupling,active_recoupling,0.575742,0.614498,0.651973,0.0,0.25,0.5,0.0,0.0,0.16666666666666666,3,4,6
dio_mcm_episode_08op00s,kippt_zu_gemischt,realwelt_getragen,gemischte_bindung,gemischte_bindung,young_field_phase,positive_recoupling_field_phase,positive_recoupling_field_phase,milieu_island,milieu_island,milieu_island,0.573418,0.677476,0.635515,0.0,0.5714285714285714,0.4,0.0,0.42857142857142855,0.2,3,7,5
dio_mcm_episode_1u5i0pf,kippt_zu_gemischt,realwelt_getragen,gemischte_bindung,realwelt_getragen,positive_recoupling_field_phase,positive_recoupling_field_phase,positive_recoupling_field_phase,active_recoupling,active_recoupling,active_recoupling,0.570594,0.617091,0.61045,0.0,0.3333333333333333,0.2,0.0,0.0,0.0,4,6,5
dio_mcm_episode_0m6y6bs,kippt_zu_gemischt,realwelt_getragen,-,gemischte_bindung,positive_recoupling_field_phase,-,positive_recoupling_field_phase,active_recoupling,-,active_recoupling,0.56331,0.0,0.611183,0.0,0.0,0.3333333333333333,0.0,0.0,0.0,4,0,6
dio_mcm_episode_1avuyqc,kippt_zu_gemischt,realwelt_getragen,gemischte_bindung,-,young_field_phase,young_field_phase,-,milieu_island,milieu_island,-,0.558452,0.598713,0.0,0.0,0.3333333333333333,0.0,0.0,0.0,0.0,2,3,0
dio_mcm_episode_1xol2nw,kippt_zu_gemischt,realwelt_getragen,-,gemischte_bindung,young_field_phase,-,positive_recoupling_field_phase,milieu_island,-,active_recoupling,0.556441,0.0,0.624777,0.0,0.0,0.5,0.0,0.0,0.25,2,0,4
dio_mcm_episode_0wyfujk,kippt_zu_gemischt,realwelt_getragen,gemischte_bindung,gemischte_bindung,young_field_phase,positive_recoupling_field_phase,young_field_phase,active_recoupling,active_recoupling,active_recoupling,0.555413,0.623062,0.599743,0.0,0.5,0.3333333333333333,0.0,0.25,0.0,2,4,3
dio_mcm_episode_0bb4ews,kippt_zu_gemischt,realwelt_getragen,gemischte_bindung,-,young_field_phase,positive_recoupling_field_phase,-,milieu_island,active_recoupling,-,0.553812,0.670842,0.0,0.0,0.5714285714285714,0.0,0.0,0.2857142857142857,0.0,3,7,0
dio_mcm_episode_00fgo5z,kippt_zu_gemischt,realwelt_getragen,-,gemischte_bindung,young_field_phase,-,positive_recoupling_field_phase,milieu_island,-,active_recoupling,0.553391,0.0,0.637214,0.0,0.0,0.6,0.0,0.0,0.4,2,0,5
dio_mcm_episode_01x8qw1,kippt_zu_gemischt,realwelt_getragen,gemischte_bindung,gemischte_bindung,young_field_phase,young_field_phase,young_field_phase,active_recoupling,active_recoupling,active_recoupling,0.553228,0.59862,0.596297,0.0,0.3333333333333333,0.3333333333333333,0.0,0.0,0.0,2,3,3
dio_mcm_episode_1y7uo9c,kippt_zu_gemischt,realwelt_getragen,gemischte_bindung,gemischte_bindung,young_field_phase,positive_recoupling_field_phase,positive_recoupling_field_phase,open_surface,active_recoupling,active_recoupling,0.552232,0.625006,0.646181,0.0,0.5,0.6666666666666666,0.0,0.25,0.16666666666666666,2,4,6
dio_mcm_episode_13yo8ly,kippt_zu_gemischt,realwelt_getragen,gemischte_bindung,gemischte_bindung,young_field_phase,positive_recoupling_field_phase,positive_recoupling_field_phase,open_surface,active_recoupling,active_recoupling,0.551776,0.669413,0.650064,0.0,0.5714285714285714,0.5714285714285714,0.0,0.42857142857142855,0.2857142857142857,3,7,7
dio_mcm_episode_0j53akt,kippt_zu_gemischt,realwelt_getragen,-,gemischte_bindung,young_field_phase,-,young_field_phase,active_recoupling,-,active_recoupling,0.547573,0.0,0.585702,0.0,0.0,0.3333333333333333,0.0,0.0,0.0,2,0,3
dio_mcm_episode_0r0u3sv,kippt_zu_gemischt,realwelt_getragen,-,gemischte_bindung,positive_recoupling_field_phase,-,positive_recoupling_field_phase,open_surface,-,open_surface,0.54533,0.0,0.606252,0.0,0.0,0.42857142857142855,0.0,0.0,0.14285714285714285,4,0,7
dio_mcm_episode_0ys880e,kippt_zu_gemischt,realwelt_getragen,gemischte_bindung,gemischte_bindung,young_field_phase,positive_recoupling_field_phase,positive_recoupling_field_phase,open_surface,active_recoupling,active_recoupling,0.543652,0.600113,0.599049,0.0,0.4,0.4,0.0,0.0,0.0,3,5,5
dio_mcm_episode_159zeqh,kippt_zu_gemischt,realwelt_getragen,gemischte_bindung,gemischte_bindung,young_field_phase,young_field_phase,young_field_phase,milieu_island,milieu_island,milieu_island,0.54267,0.589145,0.589453,0.0,0.6666666666666666,0.5,0.0,0.3333333333333333,0.5,1,3,2
dio_mcm_episode_0z9bokp,kippt_zu_gemischt,realwelt_getragen,gemischte_bindung,-,young_field_phase,young_field_phase,-,milieu_island,milieu_island,-,0.540251,0.614005,0.0,0.0,0.6666666666666666,0.0,0.0,0.3333333333333333,0.0,1,3,0
dio_mcm_episode_0zlfibm,kippt_zu_gemischt,realwelt_getragen,gemischte_bindung,-,young_field_phase,young_field_phase,-,milieu_island,milieu_island,-,0.539912,0.6177,0.0,0.0,0.6666666666666666,0.0,0.0,0.3333333333333333,0.0,1,3,0
dio_mcm_episode_0zm713b,kippt_zu_gemischt,realwelt_getragen,gemischte_bindung,gemischte_bindung,young_field_phase,positive_recoupling_field_phase,positive_recoupling_field_phase,active_recoupling,active_recoupling,active_recoupling,0.538714,0.620811,0.63698,0.0,0.4,0.5714285714285714,0.0,0.2,0.2857142857142857,3,5,7
dio_mcm_episode_01u58q5,kippt_zu_feldintern,realwelt_getragen,realwelt_getragen,feldinterne_nullordnung,positive_recoupling_field_phase,positive_recoupling_field_phase,positive_recoupling_field_phase,active_recoupling,active_recoupling,active_recoupling,0.68059,0.68059,0.789868,0.0,0.0,0.7912087912087912,0.0,0.0,0.18681318681318682,19,19,91
dio_mcm_episode_1qv5i56,kippt_zu_feldintern,realwelt_getragen,gemischte_bindung,feldinterne_nullordnung,young_field_phase,positive_recoupling_field_phase,positive_recoupling_field_phase,milieu_island,milieu_island,milieu_island,0.613271,0.713525,0.738698,0.0,0.5714285714285714,0.7,0.0,0.2857142857142857,0.4,3,7,10
dio_mcm_episode_094f7up,kippt_zu_feldintern,realwelt_getragen,feldinterne_nullordnung,gemischte_bindung,young_field_phase,positive_recoupling_field_phase,positive_recoupling_field_phase,milieu_island,milieu_island,milieu_island,0.607367,0.779865,0.690247,0.0,0.8421052631578947,0.625,0.0,0.15789473684210525,0.375,3,19,8
dio_mcm_episode_16hqn22,kippt_zu_feldintern,realwelt_getragen,gemischte_bindung,feldinterne_nullordnung,positive_recoupling_field_phase,positive_recoupling_field_phase,positive_recoupling_field_phase,milieu_island,active_recoupling,active_recoupling,0.595121,0.718528,0.739436,0.0,0.6,0.75,0.0,0.3,0.1875,4,10,16
dio_mcm_episode_0izppf1,kippt_zu_feldintern,realwelt_getragen,feldinterne_nullordnung,realwelt_getragen,positive_recoupling_field_phase,positive_recoupling_field_phase,positive_recoupling_field_phase,active_recoupling,active_recoupling,active_recoupling,0.583706,0.769834,0.655298,0.0,0.782608695652174,0.2857142857142857,0.0,0.21739130434782608,0.0,5,23,7
