counterform_kind,window_reading,phase_key,world,data_file,current_start_tick,current_end_tick,center_tick,current_loudness,current_intake,current_sharpness,current_rekopplung,current_strain,delta_next_rekopplung,delta_next_strain,raw_return,range_ratio,expansion_ratio,direction_consistency,movement_class,severity
rueckfall_nach_kurzer_rekopplung,rekopplung_vor_neuer_last,spannungsrand_kippnaehe->zentrum_stabil->spannungsrand_kippnaehe,XRP_5M_10K,kontrolliert_xrp_2024_5m_10k_XRPUSDT.csv,7272,7275,7274,0.174233,0.10935,0.654364,0.71904,0.136307,-0.148242,0.158572,0.00038956,0.01051811,4.27178423,0.03125,bewegungsbruch,0.510221
rueckfall_nach_kurzer_rekopplung,rekopplung_vor_neuer_last,spannungsrand_kippnaehe->zentrum_stabil->spannungsrand_kippnaehe,NEG_STRESS_10K,kontrolliert_2023_negative_stress_10k_5m_SOLUSDT.csv,7849,7850,7850,0.285913,0.158641,0.796345,0.71793,0.143217,-0.146819,0.153232,-0.00186741,0.02147526,3.10282776,0.06896552,bewegungsbruch,0.500077
rueckfall_nach_kurzer_rekopplung,rekopplung_vor_neuer_last,spannungsrand_kippnaehe->zentrum_stabil->spannungsrand_kippnaehe,DOGE_5M_10K,kontrolliert_doge_2024_5m_10k_DOGEUSDT.csv,4477,4481,4479,0.179201,0.103543,0.68606,0.716208,0.147264,-0.139583,0.15009,-0.01241631,0.02884967,3.21035387,0.01538462,bewegungsbruch,0.484509
rueckfall_nach_kurzer_rekopplung,rekopplung_vor_neuer_last,spannungsrand_kippnaehe->zentrum_stabil->spannungsrand_kippnaehe,XRP_5M_10K,kontrolliert_xrp_2024_5m_10k_XRPUSDT.csv,4066,4069,4068,0.146188,0.085417,0.793066,0.727117,0.136236,-0.132201,0.136425,0.01145237,0.02290474,3.26634383,0.07462687,bewegungsbruch,0.452939
rueckfall_nach_kurzer_rekopplung,rekopplung_vor_neuer_last,spannungsrand_kippnaehe->zentrum_stabil->spannungsrand_kippnaehe,DOGE_5M_10K,kontrolliert_doge_2024_5m_10k_DOGEUSDT.csv,4430,4430,4430,0.199133,0.119774,0.682809,0.711862,0.136647,-0.116663,0.122634,0.01465839,0.02906832,8.47226891,0.1641791,bewegungsbruch,0.408945
rueckfall_nach_kurzer_rekopplung,rekopplung_vor_neuer_last,spannungsrand_kippnaehe->zentrum_stabil->spannungsrand_kippnaehe,POS_EXPANSION_10K,kontrolliert_2023_positive_expansion_10k_5m_SOLUSDT.csv,9728,9731,9730,0.189824,0.106923,0.738579,0.726687,0.132862,-0.107515,0.125181,-0.01637454,0.02975092,2.65118397,0.02941176,bewegungsbruch,0.399044
rueckfall_nach_kurzer_rekopplung,rekopplung_vor_neuer_last,spannungsrand_kippnaehe->zentrum_stabil->spannungsrand_kippnaehe,POS_EXPANSION_10K,kontrolliert_2023_positive_expansion_10k_5m_SOLUSDT.csv,5728,5735,5732,0.172301,0.111879,0.570191,0.71004,0.147757,-0.109085,0.123524,-0.01235312,0.03916842,2.87959442,0.05882353,bewegungsbruch,0.398914
rueckfall_nach_kurzer_rekopplung,rekopplung_vor_neuer_last,spannungsrand_kippnaehe->rekopplungsnaehe->spannungsrand_kippnaehe,POS_EXPANSION_10K,kontrolliert_2023_positive_expansion_10k_5m_SOLUSDT.csv,6521,6522,6522,0.181954,0.109023,0.624791,0.704932,0.136774,-0.104466,0.118622,-0.00901741,0.02736318,4.0291411,0.07692308,bewegungsbruch,0.384632
aktive_nachlast,gemischtes_fenster,spannungsrand_kippnaehe->zentrum_stabil->rekopplungsnaehe,PAXG_5M_10K,kontrolliert_paxg_2024_5m_10k_PAXGUSDT.csv,9219,9223,9221,0.121232,0.079972,0.639502,0.750713,0.143374,-0.055833,0.039826,-0.00098184,0.00490918,4.4375,0.09090909,bewegungsbruch,0.193489
rueckfall_nach_kurzer_rekopplung,rekopplung_vor_neuer_last,spannungsrand_kippnaehe->zentrum_stabil->rekopplungsnaehe,NEG_STRESS_10K,kontrolliert_2023_negative_stress_10k_5m_SOLUSDT.csv,4454,4457,4456,0.158629,0.092681,0.772628,0.723164,0.132986,-0.028486,0.0426,0.089141,0.10089141,2.57683398,0.01538462,bewegungsbruch,0.156629
aktive_nachlast,gemischtes_fenster,spannungsrand_kippnaehe->zentrum_stabil->rekopplungsnaehe,PAXG_5M_10K,kontrolliert_paxg_2024_5m_10k_PAXGUSDT.csv,9534,9541,9538,0.166083,0.1051,0.657688,0.724437,0.141167,-0.026487,0.037969,0.00049432,0.00346021,5.71264368,0.12820513,bewegungsbruch,0.146684
aktive_nachlast,gemischtes_fenster,spannungsrand_kippnaehe->zentrum_stabil->rekopplungsnaehe,POS_EXPANSION_10K,kontrolliert_2023_positive_expansion_10k_5m_SOLUSDT.csv,8690,8690,8690,0.218958,0.126222,0.64558,0.7176,0.133885,-0.025828,0.034437,0.0177288,0.02755151,2.82217573,0.02857143,bewegungsbruch,0.140398
aktive_nachlast,gemischtes_fenster,spannungsrand_kippnaehe->zentrum_stabil->rekopplungsnaehe,DOGE_5M_10K,kontrolliert_doge_2024_5m_10k_DOGEUSDT.csv,5348,5353,5350,0.123372,0.081705,0.634547,0.72194,0.136798,-0.018569,0.035609,-0.0385502,0.04853996,3.51191895,0.05882353,bewegungsbruch,0.131267
aktive_nachlast,gemischtes_fenster,spannungsrand_kippnaehe->zentrum_stabil->rekopplungsnaehe,POS_EXPANSION_10K,kontrolliert_2023_positive_expansion_10k_5m_SOLUSDT.csv,9805,9805,9805,0.221941,0.121365,0.808772,0.723028,0.1389,-0.023,0.030097,0.00723961,0.0228865,3.28052805,0.07692308,bewegungsbruch,0.129646
aktive_nachlast,gemischtes_fenster,spannungsrand_kippnaehe->zentrum_stabil->rekopplungsnaehe,XRP_5M_10K,kontrolliert_xrp_2024_5m_10k_XRPUSDT.csv,8736,8745,8740,0.189953,0.109341,0.686255,0.720916,0.139979,-0.018611,0.027354,-0.01155051,0.02545027,2.56516129,0.06060606,bewegungsbruch,0.118947
aktive_nachlast,gemischtes_fenster,spannungsrand_kippnaehe->zentrum_stabil->rekopplungsnaehe,XRP_5M_10K,kontrolliert_xrp_2024_5m_10k_XRPUSDT.csv,4222,4222,4222,0.276059,0.154835,0.68393,0.710168,0.149738,-0.019391,0.019168,0.00553633,0.02283737,2.94780546,0.1641791,bewegungsbruch,0.107839
aktive_nachlast,gemischtes_fenster,spannungsrand_kippnaehe->zentrum_stabil->rekopplungsnaehe,XRP_5M_10K,kontrolliert_xrp_2024_5m_10k_XRPUSDT.csv,8581,8582,8582,0.198427,0.118005,0.629636,0.7144,0.142962,-0.014189,0.024075,-0.02457611,0.04191275,3.26436782,0.0,bewegungsbruch,0.107396
aktive_nachlast,gemischtes_fenster,spannungsrand_kippnaehe->zentrum_stabil->rekopplungsnaehe,DOGE_5M_10K,kontrolliert_doge_2024_5m_10k_DOGEUSDT.csv,5425,5426,5426,0.175853,0.098983,0.784954,0.724341,0.138681,-0.022802,0.00959,0.03484688,0.04171067,3.75074405,0.04477612,bewegungsbruch,0.098588
aktive_nachlast,gemischtes_fenster,spannungsrand_kippnaehe->zentrum_stabil->rekopplungsnaehe,DOGE_5M_10K,kontrolliert_doge_2024_5m_10k_DOGEUSDT.csv,6140,6140,6140,0.242293,0.136186,0.661708,0.711631,0.141063,-0.008367,0.020778,-0.01168675,0.03240964,3.3927327,0.04347826,bewegungsbruch,0.093718
aktive_nachlast,gemischtes_fenster,spannungsrand_kippnaehe->zentrum_stabil->rekopplungsnaehe,NEG_STRESS_10K,kontrolliert_2023_negative_stress_10k_5m_SOLUSDT.csv,6407,6408,6408,0.246547,0.135254,0.730503,0.715974,0.138189,-0.013657,0.014436,-0.00814402,0.02528933,2.46830266,0.05084746,bewegungsbruch,0.09214
aktive_nachlast,gemischtes_fenster,spannungsrand_kippnaehe->zentrum_stabil->rekopplungsnaehe,PAXG_5M_10K,kontrolliert_paxg_2024_5m_10k_PAXGUSDT.csv,4109,4109,4109,0.267366,0.148282,0.806663,0.710573,0.140266,-0.008458,0.019141,0.00294985,0.00983284,5.91666667,0.05263158,bewegungsbruch,0.091399
gemischte_gegenform,gemischtes_fenster,spannungsrand_kippnaehe->zentrum_stabil->rekopplungsnaehe,XRP_5M_10K,kontrolliert_xrp_2024_5m_10k_XRPUSDT.csv,1693,1704,1698,0.1451,0.086155,0.679946,0.72428,0.137169,-0.021122,-0.004541,-0.0035014,0.0140056,2.60734463,0.12121212,bewegungsbruch,0.079412
schwache_entlastung_gebrochene_rekopplung,rekopplung_bricht_in_last,zentrum_stabil->spannungsrand_kippnaehe->offene_variante,PAXG_5M_10K,kontrolliert_paxg_2024_5m_10k_PAXGUSDT.csv,2558,2558,2558,0.667679,0.383268,0.731215,0.627508,0.270554,-0.022401,-0.021404,0.00049677,0.00695479,3.33333333,0.01960784,bewegungsbruch,0.0729
aktive_nachlast,gemischtes_fenster,spannungsrand_kippnaehe->zentrum_stabil->rekopplungsnaehe,XRP_5M_10K,kontrolliert_xrp_2024_5m_10k_XRPUSDT.csv,6140,6140,6140,0.290913,0.161784,0.652718,0.70691,0.15172,-0.005477,0.009571,-0.01910237,0.02781899,3.48364486,0.0625,bewegungsbruch,0.072572
aktive_nachlast,gemischtes_fenster,spannungsrand_kippnaehe->zentrum_stabil->rekopplungsnaehe,DOGE_5M_10K,kontrolliert_doge_2024_5m_10k_DOGEUSDT.csv,9354,9354,9354,0.326659,0.186416,0.79323,0.704102,0.159378,-0.003853,0.006913,-0.01104002,0.01593276,4.38161209,0.11764706,bewegungsbruch,0.066149
schwache_entlastung_gebrochene_rekopplung,rekopplung_bricht_in_last,zentrum_stabil->spannungsrand_kippnaehe->offene_variante,NEG_STRESS_10K,kontrolliert_2023_negative_stress_10k_5m_SOLUSDT.csv,9423,9423,9423,0.616883,0.346281,0.5391,0.626296,0.252717,-0.004458,-0.024108,-0.02414163,0.02736052,3.68257261,0.24590164,bewegungsbruch,0.044633
last_bleibt,lastkontakt_bleibt,offene_variante->spannungsrand_kippnaehe->offene_variante,POS_EXPANSION_10K,kontrolliert_2023_positive_expansion_10k_5m_SOLUSDT.csv,4962,4962,4962,0.301074,0.192144,0.286672,0.599564,0.251299,0.007836,-0.006923,0.0636458,0.08716707,3.00847458,0.32352941,bewegungsbruch,0.042621
gemischte_gegenform,gemischtes_fenster,spannungsrand_kippnaehe->zentrum_stabil->rekopplungsnaehe,BTC_1H_2K,kontrolliert_btc_2024_1h_test1_2000_BTCUSDT.csv,1658,1659,1658,0.170623,0.098439,0.708514,0.718835,0.138112,-0.000828,-0.018107,0.06193391,0.090653,5.24027999,0.11428571,bewegungsbruch,0.042189
schwache_entlastung_gebrochene_rekopplung,rekopplung_bricht_in_last,offene_variante->spannungsrand_kippnaehe->offene_variante,POS_EXPANSION_10K,kontrolliert_2023_positive_expansion_10k_5m_SOLUSDT.csv,5666,5666,5666,0.764,0.423804,0.674635,0.606473,0.267137,-0.002146,-0.022896,0.04368471,0.07692308,3.41867293,0.08823529,bewegungsbruch,0.041771
gemischte_gegenform,gemischtes_fenster,spannungsrand_kippnaehe->zentrum_stabil->rekopplungsnaehe,POS_EXPANSION_10K,kontrolliert_2023_positive_expansion_10k_5m_SOLUSDT.csv,8875,8876,8876,0.190174,0.108814,0.659331,0.719951,0.147073,-0.004517,-0.031486,-0.01825168,0.0321806,3.91101695,0.04477612,bewegungsbruch,0.041032
gemischte_gegenform,gemischtes_fenster,spannungsrand_kippnaehe->zentrum_stabil->rekopplungsnaehe,DOGE_5M_10K,kontrolliert_doge_2024_5m_10k_DOGEUSDT.csv,6487,6490,6488,0.131638,0.090683,0.624517,0.722064,0.132071,-0.001761,-0.027982,0.00155581,0.02242966,2.34915107,0.07246377,bewegungsbruch,0.038651
gemischte_gegenform,gemischtes_fenster,spannungsrand_kippnaehe->zentrum_stabil->rekopplungsnaehe,XRP_5M_10K,kontrolliert_xrp_2024_5m_10k_XRPUSDT.csv,4665,4673,4669,0.218308,0.122586,0.684121,0.720001,0.148146,-0.003855,-0.036201,-0.00573614,0.01251521,4.77075099,0.1875,bewegungsbruch,0.037682
schwache_entlastung_gebrochene_rekopplung,rekopplung_bricht_in_last,zentrum_stabil->spannungsrand_kippnaehe->offene_variante,NEG_STRESS_10K,kontrolliert_2023_negative_stress_10k_5m_SOLUSDT.csv,9208,9208,9208,0.862093,0.505339,0.734662,0.613996,0.250345,0.006198,-0.020006,-0.00900424,0.04978814,2.8696219,0.13432836,bewegungsbruch,0.036898
gemischte_gegenform,gemischtes_fenster,spannungsrand_kippnaehe->zentrum_stabil->rekopplungsnaehe,DOGE_5M_10K,kontrolliert_doge_2024_5m_10k_DOGEUSDT.csv,980,980,980,0.191452,0.122022,0.603061,0.707219,0.148832,0.00059,-0.029428,0.00108893,0.01911676,2.81832061,0.05714286,bewegungsbruch,0.034991
schwache_entlastung_gebrochene_rekopplung,rekopplung_bricht_in_last,zentrum_stabil->spannungsrand_kippnaehe->offene_variante,PAXG_5M_10K,kontrolliert_paxg_2024_5m_10k_PAXGUSDT.csv,1471,1471,1471,0.757265,0.453162,0.504358,0.597177,0.25708,0.016336,-0.022034,-0.0009901,0.0029703,3.22727273,0.0,bewegungsbruch,0.030815
schwache_entlastung_gebrochene_rekopplung,rekopplung_bricht_in_last,rekopplungsnaehe->spannungsrand_kippnaehe->offene_variante,NEG_STRESS_10K,kontrolliert_2023_negative_stress_10k_5m_SOLUSDT.csv,1126,1126,1126,0.637144,0.364807,0.744864,0.605331,0.258444,0.011058,-0.027402,-0.02141058,0.0495382,2.46527778,0.0,bewegungsbruch,0.03077
schwache_entlastung_gebrochene_rekopplung,rekopplung_bricht_in_last,zentrum_stabil->spannungsrand_kippnaehe->offene_variante,NEG_STRESS_10K,kontrolliert_2023_negative_stress_10k_5m_SOLUSDT.csv,6127,6127,6127,0.684615,0.397513,0.631078,0.603238,0.255399,0.017601,-0.024149,0.04189687,0.053407,3.15017065,0.15151515,bewegungsbruch,0.029125
schwache_entlastung_gebrochene_rekopplung,rekopplung_bricht_in_last,offene_variante->spannungsrand_kippnaehe->offene_variante,NEG_STRESS_10K,kontrolliert_2023_negative_stress_10k_5m_SOLUSDT.csv,4838,4838,4838,0.7395,0.423627,0.650151,0.606969,0.266701,0.009984,-0.033746,-0.01420679,0.02880821,2.97902098,0.13432836,bewegungsbruch,0.028135
schwache_entlastung_gebrochene_rekopplung,rekopplung_bricht_in_last,offene_variante->spannungsrand_kippnaehe->offene_variante,XRP_5M_10K,kontrolliert_xrp_2024_5m_10k_XRPUSDT.csv,3436,3436,3436,0.816813,0.452934,0.587582,0.596604,0.280031,0.012451,-0.031794,-0.01941075,0.05563258,8.22934649,0.0,bewegungsbruch,0.027877
schwache_entlastung_gebrochene_rekopplung,rekopplung_bricht_in_last,offene_variante->spannungsrand_kippnaehe->offene_variante,DOGE_5M_10K,kontrolliert_doge_2024_5m_10k_DOGEUSDT.csv,3438,3438,3438,0.114242,0.120101,0.163314,0.588298,0.25496,0.026677,-0.020355,-0.03035496,0.0505508,5.32571199,0.10447761,bewegungsbruch,0.026484
gemischte_gegenform,gemischtes_fenster,spannungsrand_kippnaehe->zentrum_stabil->rekopplungsnaehe,NEG_STRESS_10K,kontrolliert_2023_negative_stress_10k_5m_SOLUSDT.csv,8758,8758,8758,0.229035,0.127369,0.672314,0.717799,0.154573,0.001172,-0.048295,0.01068999,0.02478134,3.17631579,0.03333333,bewegungsbruch,0.025267
schwache_entlastung_gebrochene_rekopplung,rekopplung_bricht_in_last,rekopplungsnaehe->spannungsrand_kippnaehe->offene_variante,XRP_5M_10K,kontrolliert_xrp_2024_5m_10k_XRPUSDT.csv,3241,3241,3241,0.706551,0.401682,0.55374,0.611868,0.259498,0.014935,-0.035022,-0.00586461,0.02060992,2.76347305,0.05714286,bewegungsbruch,0.025022
schwache_entlastung_gebrochene_rekopplung,rekopplung_bricht_in_last,zentrum_stabil->spannungsrand_kippnaehe->offene_variante,PAXG_5M_10K,kontrolliert_paxg_2024_5m_10k_PAXGUSDT.csv,9285,9285,9285,0.775405,0.468903,0.582951,0.650676,0.25031,0.0004,-0.049929,-0.00098232,0.00294695,5.91666667,0.03703704,bewegungsbruch,0.024836
schwache_entlastung_gebrochene_rekopplung,rekopplung_bricht_in_last,rekopplungsnaehe->spannungsrand_kippnaehe->offene_variante,SOL_1H_2K,kontrolliert_sol_2024_1h_test1_2000_SOLUSDT.csv,957,957,957,0.779428,0.440627,0.540057,0.613448,0.252072,0.013657,-0.038071,0.07078431,0.09735294,3.22914015,0.05714286,bewegungsbruch,0.024136
schwache_entlastung_gebrochene_rekopplung,rekopplung_bricht_in_last,zentrum_stabil->spannungsrand_kippnaehe->offene_variante,SIDEWAYS_10K,kontrolliert_2026_sideways_10k_5m_SOLUSDT.csv,7644,7644,7644,0.712701,0.400404,0.716012,0.62259,0.251225,0.019574,-0.032497,-0.01463755,0.03345725,2.16954165,0.10144928,bewegungsbruch,0.023965
schwache_entlastung_gebrochene_rekopplung,rekopplung_bricht_in_last,zentrum_stabil->spannungsrand_kippnaehe->offene_variante,XRP_5M_10K,kontrolliert_xrp_2024_5m_10k_XRPUSDT.csv,5377,5377,5377,0.688113,0.378565,0.600429,0.583045,0.280397,0.019549,-0.033577,-0.01452169,0.0531857,3.05950752,0.08823529,bewegungsbruch,0.023437
schwache_entlastung_gebrochene_rekopplung,rekopplung_bricht_in_last,rekopplungsnaehe->spannungsrand_kippnaehe->offene_variante,SIDEWAYS_10K,kontrolliert_2026_sideways_10k_5m_SOLUSDT.csv,375,375,375,0.777602,0.446068,0.520072,0.593467,0.264771,0.023517,-0.031372,-0.03824931,0.1772009,5.09930688,0.02857143,bewegungsbruch,0.022556
schwache_entlastung_gebrochene_rekopplung,rekopplung_bricht_in_last,rekopplungsnaehe->spannungsrand_kippnaehe->offene_variante,NEG_STRESS_10K,kontrolliert_2023_negative_stress_10k_5m_SOLUSDT.csv,2752,2752,2752,0.308982,0.200731,0.274773,0.595304,0.253599,0.030427,-0.027151,0.00528338,0.01585014,2.61029412,0.04761905,bewegungsbruch,0.021211
schwache_entlastung_gebrochene_rekopplung,rekopplung_bricht_in_last,zentrum_stabil->spannungsrand_kippnaehe->offene_variante,XRP_5M_10K,kontrolliert_xrp_2024_5m_10k_XRPUSDT.csv,9198,9198,9198,0.86736,0.502157,0.687972,0.600833,0.278542,0.017453,-0.04013,-0.00746709,0.01336215,2.96909091,0.07462687,bewegungsbruch,0.021209
schwache_entlastung_gebrochene_rekopplung,rekopplung_bricht_in_last,zentrum_stabil->spannungsrand_kippnaehe->offene_variante,PAXG_5M_10K,kontrolliert_paxg_2024_5m_10k_PAXGUSDT.csv,4120,4120,4120,0.72026,0.405091,0.559018,0.629223,0.269543,0.008073,-0.057665,0.0034398,0.00982801,6.12068966,0.07692308,bewegungsbruch,0.020964
schwache_entlastung_gebrochene_rekopplung,rekopplung_bricht_in_last,zentrum_stabil->spannungsrand_kippnaehe->offene_variante,SIDEWAYS_10K,kontrolliert_2026_sideways_10k_5m_SOLUSDT.csv,6903,6903,6903,0.607165,0.333189,0.429294,0.634903,0.260135,0.008436,-0.055716,0.03215597,0.05342448,4.66498195,0.02941176,bewegungsbruch,0.020782
schwache_entlastung_gebrochene_rekopplung,rekopplung_bricht_in_last,zentrum_stabil->spannungsrand_kippnaehe->offene_variante,POS_EXPANSION_10K,kontrolliert_2023_positive_expansion_10k_5m_SOLUSDT.csv,3750,3750,3750,0.748251,0.429787,0.618864,0.606447,0.258858,0.02137,-0.037378,-0.01012658,0.01434599,3.21957041,0.01587302,bewegungsbruch,0.020626
schwache_entlastung_gebrochene_rekopplung,rekopplung_bricht_in_last,zentrum_stabil->spannungsrand_kippnaehe->offene_variante,SIDEWAYS_10K,kontrolliert_2026_sideways_10k_5m_SOLUSDT.csv,1586,1586,1586,0.432125,0.248079,0.371973,0.605222,0.250991,0.023801,-0.03607,-0.02317003,0.03089337,3.01883746,0.05882353,bewegungsbruch,0.020065
schwache_entlastung_gebrochene_rekopplung,rekopplung_bricht_in_last,offene_variante->spannungsrand_kippnaehe->offene_variante,DOGE_5M_10K,kontrolliert_doge_2024_5m_10k_DOGEUSDT.csv,51,51,51,0.517527,0.287935,0.623861,0.63087,0.252423,0.010015,-0.050569,-0.00334113,0.02015815,3.54305284,0.02941176,bewegungsbruch,0.019993
schwache_entlastung_gebrochene_rekopplung,rekopplung_bricht_in_last,offene_variante->spannungsrand_kippnaehe->offene_variante,POS_EXPANSION_10K,kontrolliert_2023_positive_expansion_10k_5m_SOLUSDT.csv,4748,4748,4748,0.806332,0.461453,0.701499,0.599582,0.279663,0.015658,-0.045611,-0.03617309,0.06186613,4.93248532,0.24242424,bewegungsbruch,0.019366
schwache_entlastung_gebrochene_rekopplung,rekopplung_bricht_in_last,zentrum_stabil->spannungsrand_kippnaehe->offene_variante,PAXG_5M_10K,kontrolliert_paxg_2024_5m_10k_PAXGUSDT.csv,556,556,556,0.637676,0.364939,0.689766,0.592789,0.270577,0.022111,-0.040298,-0.00294118,0.00539216,3.14556962,0.02325581,bewegungsbruch,0.018796
schwache_entlastung_gebrochene_rekopplung,rekopplung_bricht_in_last,zentrum_stabil->spannungsrand_kippnaehe->offene_variante,SIDEWAYS_10K,kontrolliert_2026_sideways_10k_5m_SOLUSDT.csv,3170,3170,3170,0.824479,0.467456,0.68964,0.592183,0.282964,0.017184,-0.045401,-0.02119372,0.03425364,4.18558952,0.03030303,bewegungsbruch,0.018708
schwache_entlastung_gebrochene_rekopplung,rekopplung_bricht_in_last,rekopplungsnaehe->spannungsrand_kippnaehe->offene_variante,NEG_STRESS_10K,kontrolliert_2023_negative_stress_10k_5m_SOLUSDT.csv,3635,3635,3635,0.740442,0.419156,0.706126,0.587095,0.286417,0.019998,-0.043327,-0.00132802,0.01549358,2.08823529,0.01639344,bewegungsbruch,0.018338
schwache_entlastung_gebrochene_rekopplung,rekopplung_bricht_in_last,zentrum_stabil->spannungsrand_kippnaehe->offene_variante,POS_EXPANSION_10K,kontrolliert_2023_positive_expansion_10k_5m_SOLUSDT.csv,1545,1545,1545,0.809113,0.463634,0.506874,0.584469,0.278177,0.026769,-0.037393,-0.00855086,0.02835284,4.88768116,0.09375,bewegungsbruch,0.017919
schwache_entlastung_gebrochene_rekopplung,rekopplung_bricht_in_last,offene_variante->spannungsrand_kippnaehe->offene_variante,BTC_5M_2K,kontrolliert_btc_2024_5m_test1_2000_BTCUSDT.csv,719,720,720,0.667118,0.365596,0.660433,0.592029,0.269443,0.027747,-0.03747,-0.06539779,0.1050885,8.81631512,0.14285714,bewegungsbruch,0.017392
schwache_entlastung_gebrochene_rekopplung,rekopplung_bricht_in_last,offene_variante->spannungsrand_kippnaehe->offene_variante,SIDEWAYS_10K,kontrolliert_2026_sideways_10k_5m_SOLUSDT.csv,3465,3465,3465,0.502337,0.280323,0.423908,0.578611,0.281009,0.029181,-0.036595,0.01173264,0.03484238,3.98130841,0.1641791,bewegungsbruch,0.017112
schwache_entlastung_gebrochene_rekopplung,rekopplung_bricht_in_last,zentrum_stabil->spannungsrand_kippnaehe->offene_variante,DOGE_5M_10K,kontrolliert_doge_2024_5m_10k_DOGEUSDT.csv,4936,4936,4936,0.779648,0.4528,0.684923,0.612928,0.250106,0.027081,-0.039353,0.00198585,0.00906044,3.23592493,0.2,bewegungsbruch,0.016783
schwache_entlastung_gebrochene_rekopplung,rekopplung_bricht_in_last,offene_variante->spannungsrand_kippnaehe->offene_variante,SOL_5M_2K,kontrolliert_sol_2024_5m_test1_2000_SOLUSDT.csv,720,725,722,0.449462,0.284049,0.327596,0.577128,0.280704,0.027173,-0.039444,-0.10258533,0.22430766,9.01555988,0.17142857,bewegungsbruch,0.016692
schwache_entlastung_gebrochene_rekopplung,rekopplung_bricht_in_last,zentrum_stabil->spannungsrand_kippnaehe->offene_variante,PAXG_5M_10K,kontrolliert_paxg_2024_5m_10k_PAXGUSDT.csv,9916,9916,9916,0.872681,0.522417,0.490605,0.603608,0.266045,0.038322,-0.028321,0.0009901,0.0019802,6.45454545,0.0625,bewegungsbruch,0.016679
schwache_entlastung_gebrochene_rekopplung,rekopplung_bricht_in_last,offene_variante->spannungsrand_kippnaehe->offene_variante,XRP_5M_10K,kontrolliert_xrp_2024_5m_10k_XRPUSDT.csv,719,722,720,0.706082,0.398672,0.596527,0.581427,0.285863,0.019204,-0.047462,-0.10633914,0.21600634,12.41842736,0.05882353,bewegungsbruch,0.016667
schwache_entlastung_gebrochene_rekopplung,rekopplung_bricht_in_last,offene_variante->spannungsrand_kippnaehe->offene_variante,BTC_5M_2K,kontrolliert_btc_2024_5m_test1_2000_BTCUSDT.csv,810,810,810,0.591207,0.327129,0.724707,0.611871,0.251627,0.024674,-0.043363,-0.01505788,0.03302452,4.47155449,0.08571429,bewegungsbruch,0.015982
schwache_entlastung_gebrochene_rekopplung,rekopplung_bricht_in_last,zentrum_stabil->spannungsrand_kippnaehe->offene_variante,PAXG_5M_10K,kontrolliert_paxg_2024_5m_10k_PAXGUSDT.csv,2124,2125,2124,0.497073,0.290121,0.425578,0.593112,0.264897,0.026548,-0.0434,0.00099552,0.0099552,4.41777778,0.03571429,bewegungsbruch,0.015026
schwache_entlastung_gebrochene_rekopplung,rekopplung_bricht_in_last,zentrum_stabil->spannungsrand_kippnaehe->offene_variante,DOGE_5M_10K,kontrolliert_doge_2024_5m_10k_DOGEUSDT.csv,5545,5545,5545,0.897923,0.518698,0.620064,0.589626,0.285687,0.025095,-0.04805,0.00292882,0.01719088,3.39977728,0.06451613,bewegungsbruch,0.013428
schwache_entlastung_gebrochene_rekopplung,rekopplung_bricht_in_last,zentrum_stabil->spannungsrand_kippnaehe->offene_variante,POS_EXPANSION_10K,kontrolliert_2023_positive_expansion_10k_5m_SOLUSDT.csv,9844,9844,9844,0.638666,0.362742,0.335856,0.603365,0.272496,0.024291,-0.052741,0.01603905,0.03463505,2.98787447,0.01492537,bewegungsbruch,0.012855
schwache_entlastung_gebrochene_rekopplung,rekopplung_bricht_in_last,offene_variante->spannungsrand_kippnaehe->offene_variante,KAS_5M_2K,kontrolliert_kas_2024_5m_test1_2000_KASUSDT.csv,720,722,721,0.707206,0.401034,0.564184,0.567611,0.301166,0.025099,-0.055867,-0.1385399,0.36018676,10.78062657,0.11428571,bewegungsbruch,0.012451
schwache_entlastung_gebrochene_rekopplung,rekopplung_bricht_in_last,offene_variante->spannungsrand_kippnaehe->offene_variante,SOL_1H_2K,kontrolliert_sol_2024_1h_test1_2000_SOLUSDT.csv,1555,1555,1555,0.664049,0.361479,0.611677,0.586331,0.274131,0.030787,-0.045703,0.06299822,0.29192787,7.82493673,0.17142857,bewegungsbruch,0.011755
schwache_entlastung_gebrochene_rekopplung,rekopplung_bricht_in_last,zentrum_stabil->spannungsrand_kippnaehe->offene_variante,XRP_5M_10K,kontrolliert_xrp_2024_5m_10k_XRPUSDT.csv,6173,6173,6173,0.687323,0.38574,0.707015,0.618659,0.251356,0.027756,-0.050079,-0.01239822,0.02757217,3.37330317,0.05882353,bewegungsbruch,0.011122
schwache_entlastung_gebrochene_rekopplung,rekopplung_bricht_in_last,zentrum_stabil->spannungsrand_kippnaehe->offene_variante,PAXG_5M_10K,kontrolliert_paxg_2024_5m_10k_PAXGUSDT.csv,9637,9637,9637,0.854808,0.500762,0.699895,0.625773,0.276502,0.02799,-0.069164,0.00098863,0.00346021,3.68831169,0.02222222,bewegungsbruch,0.011005
schwache_entlastung_gebrochene_rekopplung,rekopplung_bricht_in_last,zentrum_stabil->spannungsrand_kippnaehe->offene_variante,SIDEWAYS_10K,kontrolliert_2026_sideways_10k_5m_SOLUSDT.csv,4721,4721,4721,0.873702,0.492495,0.473581,0.573711,0.29645,0.029687,-0.051124,0.00047393,0.01054502,3.68087558,0.01538462,bewegungsbruch,0.010157
schwache_entlastung_gebrochene_rekopplung,rekopplung_bricht_in_last,zentrum_stabil->spannungsrand_kippnaehe->offene_variante,SIDEWAYS_10K,kontrolliert_2026_sideways_10k_5m_SOLUSDT.csv,2952,2952,2952,0.731352,0.41803,0.720599,0.619916,0.255264,0.032431,-0.047476,0.00329995,0.01832044,2.36403996,0.01449275,bewegungsbruch,0.010047
schwache_entlastung_gebrochene_rekopplung,rekopplung_bricht_in_last,offene_variante->spannungsrand_kippnaehe->offene_variante,SIDEWAYS_10K,kontrolliert_2026_sideways_10k_5m_SOLUSDT.csv,5601,5601,5601,0.76526,0.435995,0.649947,0.620286,0.256464,0.031819,-0.054817,-0.02021494,0.03441658,5.3242805,0.02941176,bewegungsbruch,0.009091
schwache_entlastung_gebrochene_rekopplung,rekopplung_bricht_in_last,offene_variante->spannungsrand_kippnaehe->offene_variante,BTC_1H_2K,kontrolliert_btc_2024_1h_test1_2000_BTCUSDT.csv,254,255,254,0.541291,0.312928,0.44819,0.600078,0.25952,0.032732,-0.053227,-0.06809466,0.16262996,3.58399075,0.14285714,bewegungsbruch,0.008634
schwache_entlastung_gebrochene_rekopplung,rekopplung_bricht_in_last,offene_variante->spannungsrand_kippnaehe->offene_variante,NEG_STRESS_10K,kontrolliert_2023_negative_stress_10k_5m_SOLUSDT.csv,2582,2582,2582,0.319337,0.201729,0.247043,0.573058,0.281004,0.037262,-0.046367,-0.00195312,0.04736328,2.34065934,0.01492537,bewegungsbruch,0.008186
schwache_entlastung_gebrochene_rekopplung,rekopplung_bricht_in_last,offene_variante->spannungsrand_kippnaehe->offene_variante,NEG_STRESS_10K,kontrolliert_2023_negative_stress_10k_5m_SOLUSDT.csv,3911,3911,3911,0.826021,0.464948,0.521005,0.581041,0.288794,0.034069,-0.05153,-0.01110162,0.01579846,2.56626506,0.14754098,bewegungsbruch,0.007966
schwache_entlastung_gebrochene_rekopplung,rekopplung_bricht_in_last,zentrum_stabil->spannungsrand_kippnaehe->offene_variante,POS_EXPANSION_10K,kontrolliert_2023_positive_expansion_10k_5m_SOLUSDT.csv,9478,9478,9478,0.741504,0.419685,0.66702,0.623543,0.254996,0.034887,-0.070821,0.04677804,0.08544153,2.43324808,0.11764706,bewegungsbruch,0.007557
schwache_entlastung_gebrochene_rekopplung,rekopplung_bricht_in_last,zentrum_stabil->spannungsrand_kippnaehe->offene_variante,PAXG_5M_10K,kontrolliert_paxg_2024_5m_10k_PAXGUSDT.csv,8927,8927,8927,0.743946,0.424981,0.572322,0.622017,0.273918,0.035216,-0.077795,0.00545364,0.00793257,5.34408602,0.15555556,bewegungsbruch,0.007392
schwache_entlastung_gebrochene_rekopplung,rekopplung_bricht_in_last,zentrum_stabil->spannungsrand_kippnaehe->offene_variante,XRP_5M_10K,kontrolliert_xrp_2024_5m_10k_XRPUSDT.csv,5762,5762,5762,0.834156,0.484336,0.47249,0.604011,0.265639,0.035408,-0.060135,0.00726876,0.01163002,6.13728814,0.1875,bewegungsbruch,0.007296
schwache_entlastung_gebrochene_rekopplung,rekopplung_bricht_in_last,zentrum_stabil->spannungsrand_kippnaehe->offene_variante,NEG_STRESS_10K,kontrolliert_2023_negative_stress_10k_5m_SOLUSDT.csv,8188,8188,8188,0.823382,0.471251,0.513226,0.608287,0.256589,0.035648,-0.052484,-0.00093809,0.03564728,4.58443709,0.10447761,bewegungsbruch,0.007176
schwache_entlastung_gebrochene_rekopplung,rekopplung_bricht_in_last,offene_variante->spannungsrand_kippnaehe->offene_variante,BTC_5M_2K,kontrolliert_btc_2024_5m_test1_2000_BTCUSDT.csv,233,233,233,0.662109,0.386073,0.752426,0.600454,0.264132,0.036543,-0.049407,0.01815694,0.02731262,2.43734011,0.07246377,bewegungsbruch,0.007025
schwache_entlastung_gebrochene_rekopplung,rekopplung_bricht_in_last,zentrum_stabil->spannungsrand_kippnaehe->offene_variante,XRP_5M_10K,kontrolliert_xrp_2024_5m_10k_XRPUSDT.csv,7208,7208,7208,0.83247,0.483034,0.636226,0.61224,0.258395,0.036076,-0.055241,0.00175541,0.0140433,3.7960396,0.01538462,bewegungsbruch,0.006962
schwache_entlastung_gebrochene_rekopplung,rekopplung_bricht_in_last,rekopplungsnaehe->spannungsrand_kippnaehe->offene_variante,DOGE_5M_10K,kontrolliert_doge_2024_5m_10k_DOGEUSDT.csv,2834,2834,2834,0.892953,0.505015,0.667834,0.578153,0.29688,0.036266,-0.060309,0.06936416,0.08246628,3.61702128,0.27536232,bewegungsbruch,0.006867
schwache_entlastung_gebrochene_rekopplung,rekopplung_bricht_in_last,zentrum_stabil->spannungsrand_kippnaehe->offene_variante,XRP_5M_10K,kontrolliert_xrp_2024_5m_10k_XRPUSDT.csv,8880,8880,8880,0.692199,0.394219,0.718237,0.62477,0.257159,0.03685,-0.060321,-0.01431373,0.02941176,3.40960452,0.15625,bewegungsbruch,0.006575
schwache_entlastung_gebrochene_rekopplung,rekopplung_bricht_in_last,offene_variante->spannungsrand_kippnaehe->offene_variante,SIDEWAYS_10K,kontrolliert_2026_sideways_10k_5m_SOLUSDT.csv,2391,2391,2391,0.693143,0.400437,0.633747,0.599082,0.260781,0.038276,-0.049629,0.02260106,0.03047914,2.23561346,0.10769231,bewegungsbruch,0.006048
schwache_entlastung_gebrochene_rekopplung,rekopplung_bricht_in_last,zentrum_stabil->spannungsrand_kippnaehe->offene_variante,SIDEWAYS_10K,kontrolliert_2026_sideways_10k_5m_SOLUSDT.csv,9488,9488,9488,0.733402,0.419694,0.721016,0.612858,0.266345,0.037909,-0.065462,0.01499821,0.02106892,2.58130244,0.05714286,bewegungsbruch,0.006046
schwache_entlastung_gebrochene_rekopplung,rekopplung_bricht_in_last,rekopplungsnaehe->spannungsrand_kippnaehe->offene_variante,XRP_5M_10K,kontrolliert_xrp_2024_5m_10k_XRPUSDT.csv,819,819,819,0.629394,0.350033,0.663704,0.608483,0.254043,0.038075,-0.062837,0.01044932,0.04144897,3.36472705,0.05882353,bewegungsbruch,0.005963
schwache_entlastung_gebrochene_rekopplung,rekopplung_bricht_in_last,offene_variante->spannungsrand_kippnaehe->offene_variante,NEG_STRESS_10K,kontrolliert_2023_negative_stress_10k_5m_SOLUSDT.csv,2658,2658,2658,0.805929,0.448911,0.34228,0.587452,0.274515,0.038483,-0.065041,0.02115101,0.04131825,3.44165171,0.16923077,bewegungsbruch,0.005758
schwache_entlastung_gebrochene_rekopplung,rekopplung_bricht_in_last,zentrum_stabil->spannungsrand_kippnaehe->offene_variante,XRP_5M_10K,kontrolliert_xrp_2024_5m_10k_XRPUSDT.csv,5095,5095,5095,0.714474,0.410704,0.725984,0.61477,0.259385,0.039892,-0.065758,-0.01374755,0.02803071,3.82543103,0.01538462,bewegungsbruch,0.005054
