world,source,start_tick,end_tick,passive_role_near,rekopplung_level,carry_level,strain_level,sensory_level,visual_gap_level,hearing_gap_level,sensory_delta,rekopplung_delta,strain_delta_next,rekopplung_delta_next,preview_carry_next,preview,family,effect_class,passive_only,influences_action,raw_form,drift_pct,abs_drift_pct,avg_abs_return_pct,avg_range_pct,max_range_pct,volume_change_pct,direction_change_ratio,direction_persistence
BTC_2024_5M,debug\adapted_field_btc_2024_5m_2k\dio_mini_lauf_2\episodes.csv,1,100,randdrucknaehe,low,low,high,high,low,high,0.0,0.0,-0.012516,0.017164,0,dio_mcm_episode_1joiyc3,dio_104t,stabil,1,0,gemischte_rohwelt,0.275914,0.275914,0.066563,0.112838,0.49111,-84.901149,0.5,0.5
BTC_2024_5M,debug\adapted_field_btc_2024_5m_2k\dio_mini_lauf_2\episodes.csv,101,200,brueckennaehe,mid,low,low,high,low,low,0.003406,0.017164,0.012177,-0.009606,1,dio_mcm_episode_1ahj81f,dio_104t,stabil,1,0,wechselhafte_rohwelt,0.628687,0.628687,0.068472,0.106329,0.492625,114.234226,0.520408,0.479592
BTC_2024_5M,debug\adapted_field_btc_2024_5m_2k\dio_mini_lauf_2\episodes.csv,501,600,brueckennaehe,mid,mid,mid,mid,mid,low,0.005534,0.009359,-0.003923,0.005838,1,dio_mcm_episode_1joiyc3,dio_155c,stabil,1,0,laute_oder_druckvolle_rohwelt,0.550952,0.550952,0.126643,0.230311,0.562337,-68.282923,0.642857,0.357143
BTC_2024_5M,debug\adapted_field_btc_2024_5m_2k\dio_mini_lauf_2\episodes.csv,601,700,brueckennaehe,mid,mid,low,high,mid,mid,0.006025,0.005838,0.03039,-0.034276,1,dio_mcm_episode_1joiyc3,dio_104t,stabil,1,0,gemischte_rohwelt,-0.038982,0.038982,0.081215,0.12931,0.455926,-46.595322,0.489796,0.510204
BTC_2024_5M,debug\adapted_field_btc_2024_5m_2k\dio_mini_lauf_2\episodes.csv,901,1000,brueckennaehe,mid,mid,low,mid,mid,mid,0.011167,0.008675,0.004082,-0.006542,1,dio_mcm_episode_1joiyc3,dio_1gp2,stabil,1,0,gemischte_rohwelt,-0.148884,0.148884,0.107678,0.200189,0.547313,29.189145,0.510204,0.489796
BTC_2024_5M,debug\adapted_field_btc_2024_5m_2k\dio_mini_lauf_2\episodes.csv,1401,1500,mischrolle_brueckennaehe_zentrumsnaehe,high,high,low,mid,mid,mid,0.013177,0.00597,-0.007308,0.00869,1,dio_mcm_episode_0e7qvj1,dio_155c,stabil,1,0,gemischte_rohwelt,0.181286,0.181286,0.092202,0.18446,1.329313,-61.232709,0.5,0.5
BTC_2024_5M,debug\adapted_field_btc_2024_5m_2k\dio_mini_lauf_2\episodes.csv,1501,1600,mischrolle_brueckennaehe_zentrumsnaehe,high,high,low,high,low,low,0.01061,0.00869,0.008175,-0.00507,1,dio_mcm_episode_0e7qvj1,dio_104t,stabil,1,0,gemischte_rohwelt,-0.421703,0.421703,0.068217,0.129267,0.392298,-3.457517,0.5,0.5
BTC_2024_5M,debug\adapted_field_btc_2024_5m_2k\dio_mini_lauf_2\episodes.csv,1801,1900,mischrolle_brueckennaehe_zentrumsnaehe,high,high,low,high,low,low,0.011659,0.008721,0.00439,-0.003627,1,dio_mcm_episode_0e7qvj1,dio_104t,stabil,1,0,wechselhafte_rohwelt,1.033158,1.033158,0.062566,0.117219,0.445376,-14.598049,0.581633,0.418367
BTC_2024_5M,debug\adapted_field_btc_2024_5m_2k\dio_mini_lauf_2\episodes.csv,1901,1994,zentrumsnaehe,high,high,low,high,low,high,-0.006558,-0.003627,0.0,0.0,0,dio_mcm_episode_0e7qvj1,dio_104t,stabil,1,0,wechselhafte_rohwelt,-0.415685,0.415685,0.074422,0.138652,0.562899,86.335974,0.554348,0.445652
SOL_2024_5M,debug\adapted_field_sol_2024_5m_2k\dio_mini_lauf_2\episodes.csv,1,100,randdrucknaehe,low,low,high,high,low,mid,0.0,0.0,-0.000617,0.007151,1,dio_mcm_episode_1joiyc3,dio_155c,stabil,1,0,laute_oder_druckvolle_rohwelt,0.37142,0.37142,0.215084,0.435518,1.402498,-85.652939,0.489796,0.510204
SOL_2024_5M,debug\adapted_field_sol_2024_5m_2k\dio_mini_lauf_2\episodes.csv,201,300,brueckennaehe,low,low,mid,high,low,mid,0.006915,0.010147,-0.004096,0.00239,1,dio_mcm_episode_1joiyc3,dio_0m9z,stabil,1,0,laute_oder_druckvolle_rohwelt,3.347046,3.347046,0.19427,0.403819,1.320789,504.984335,0.489796,0.510204
SOL_2024_5M,debug\adapted_field_sol_2024_5m_2k\dio_mini_lauf_2\episodes.csv,501,600,brueckennaehe,mid,mid,low,high,low,low,0.009406,0.013683,-0.003218,0.004441,1,dio_mcm_episode_1joiyc3,dio_104t,stabil,1,0,laute_oder_druckvolle_rohwelt,0.614011,0.614011,0.261833,0.508049,1.348963,-87.178517,0.489796,0.510204
SOL_2024_5M,debug\adapted_field_sol_2024_5m_2k\dio_mini_lauf_2\episodes.csv,601,700,mischrolle_brueckennaehe_zentrumsnaehe,high,mid,low,high,low,low,0.004529,0.004441,0.029646,-0.030865,1,dio_mcm_episode_1joiyc3,dio_0m9z,stabil,1,0,laute_oder_druckvolle_rohwelt,0.802361,0.802361,0.212573,0.419061,1.124931,46.989418,0.5,0.5
SOL_2024_5M,debug\adapted_field_sol_2024_5m_2k\dio_mini_lauf_2\episodes.csv,901,1000,brueckennaehe,mid,mid,low,mid,mid,low,0.007017,0.008932,0.001067,-0.00457,1,dio_mcm_episode_1joiyc3,dio_06s7,stabil,1,0,laute_oder_druckvolle_rohwelt,-3.696038,3.696038,0.258682,0.521078,1.293955,-21.896747,0.479592,0.520408
SOL_2024_5M,debug\adapted_field_sol_2024_5m_2k\dio_mini_lauf_2\episodes.csv,1201,1300,mischrolle_brueckennaehe_zentrumsnaehe,high,high,low,mid,low,mid,0.008887,0.005847,0.006007,-0.005709,1,dio_mcm_episode_0e7qvj1,dio_0l7p,stabil,1,0,laute_oder_druckvolle_rohwelt,-1.541197,1.541197,0.242996,0.500327,1.528319,8.863252,0.520408,0.479592
SOL_2024_5M,debug\adapted_field_sol_2024_5m_2k\dio_mini_lauf_2\episodes.csv,1401,1500,mischrolle_brueckennaehe_zentrumsnaehe,high,high,low,high,low,mid,0.013196,0.007806,0.001047,-0.004042,1,dio_mcm_episode_0e7qvj1,dio_0h9h,stabil,1,0,laute_oder_druckvolle_rohwelt,-1.487854,1.487854,0.219562,0.446395,1.214372,43.335231,0.459184,0.540816
SOL_2024_5M,debug\adapted_field_sol_2024_5m_2k\dio_mini_lauf_2\episodes.csv,1801,1900,brueckennaehe,high,high,mid,mid,mid,high,0.00795,0.008805,-0.003795,0.000297,1,dio_mcm_episode_0e7qvj1,dio_0m9z,stabil,1,0,laute_oder_druckvolle_rohwelt,2.246354,2.246354,0.234237,0.466993,1.129049,-32.486427,0.571429,0.428571
SOL_2024_5M,debug\adapted_field_sol_2024_5m_2k\dio_mini_lauf_2\episodes.csv,1901,1994,mischrolle_brueckennaehe_zentrumsnaehe,high,high,low,high,low,mid,0.007358,0.000297,0.0,0.0,0,dio_mcm_episode_0e7qvj1,dio_0m9z,stabil,1,0,laute_oder_druckvolle_rohwelt,-4.06716,4.06716,0.21236,0.421081,1.164779,259.204207,0.467391,0.532609
PAXG_2024_5M,debug\adapted_field_paxg_2024_5m_10k\dio_mini_lauf_2\episodes.csv,1,100,randdrucknaehe,low,low,high,high,low,mid,0.0,0.0,-0.007724,0.009277,0,dio_mcm_episode_1ahj81f,dio_14wj,stabil,1,0,ruhige_enge_rohwelt,0.0,0.0,0.027879,0.072938,0.197044,0.467946,0.183673,0.816327
PAXG_2024_5M,debug\adapted_field_paxg_2024_5m_10k\dio_mini_lauf_2\episodes.csv,601,700,entlastungsnaehe,low,low,high,low,mid,high,-0.000878,-0.00225,-0.004267,-0.004726,1,dio_mcm_episode_1jx2k4i,dio_104t,stabil,1,0,gemischte_rohwelt,-0.09828,0.09828,0.045628,0.100659,0.441826,112.76834,0.295918,0.704082
PAXG_2024_5M,debug\adapted_field_paxg_2024_5m_10k\dio_mini_lauf_2\episodes.csv,801,900,brueckennaehe,low,low,mid,mid,high,low,0.01037,0.011534,-0.005193,0.01471,1,dio_mcm_episode_1jx2k4i,dio_104t,stabil,1,0,gemischte_rohwelt,0.747384,0.747384,0.059695,0.124194,0.348086,-62.548542,0.295918,0.704082
PAXG_2024_5M,debug\adapted_field_paxg_2024_5m_10k\dio_mini_lauf_2\episodes.csv,901,1000,brueckennaehe,mid,low,low,high,mid,low,0.012982,0.01471,0.006119,-0.012025,0,dio_mcm_episode_1jx2k4i,dio_14wj,stabil,1,0,ruhige_enge_rohwelt,0.098961,0.098961,0.030954,0.063756,0.24667,-85.758801,0.183673,0.816327
PAXG_2024_5M,debug\adapted_field_paxg_2024_5m_10k\dio_mini_lauf_2\episodes.csv,1101,1200,brueckennaehe,mid,low,mid,high,mid,mid,0.006713,0.006757,-0.00123,0.001088,1,dio_mcm_episode_0dgle71,dio_104t,stabil,1,0,gemischte_rohwelt,0.148515,0.148515,0.03647,0.074176,0.395844,-95.368052,0.295918,0.704082
PAXG_2024_5M,debug\adapted_field_paxg_2024_5m_10k\dio_mini_lauf_2\episodes.csv,1201,1300,brueckennaehe,mid,low,low,high,low,mid,0.004672,0.001088,0.006996,-0.014111,1,dio_mcm_episode_0dgle71,dio_14wj,stabil,1,0,ruhige_enge_rohwelt,-0.148368,0.148368,0.034464,0.065285,0.296589,62.755856,0.183673,0.816327
PAXG_2024_5M,debug\adapted_field_paxg_2024_5m_10k\dio_mini_lauf_2\episodes.csv,1401,1500,brueckennaehe,mid,low,mid,high,low,high,0.017346,0.01505,-0.003703,0.003394,1,dio_mcm_episode_0dgle71,dio_14wj,stabil,1,0,ruhige_enge_rohwelt,-0.197824,0.197824,0.033005,0.060888,0.247525,-90.411387,0.173469,0.826531
PAXG_2024_5M,debug\adapted_field_paxg_2024_5m_10k\dio_mini_lauf_2\episodes.csv,1501,1600,brueckennaehe,mid,low,mid,high,low,mid,0.001273,0.003394,0.010758,-0.013452,1,dio_mcm_episode_0dgle71,dio_104t,stabil,1,0,gemischte_rohwelt,-0.099108,0.099108,0.036026,0.062412,0.148736,805.730897,0.265306,0.734694
PAXG_2024_5M,debug\adapted_field_paxg_2024_5m_10k\dio_mini_lauf_2\episodes.csv,1901,2000,mischrolle_brueckennaehe_entlastungsnaehe,mid,mid,mid,mid,mid,mid,0.009686,0.007345,-0.002006,-0.003098,1,dio_mcm_episode_0dgle71,dio_104t,stabil,1,0,gemischte_rohwelt,0.099305,0.099305,0.044093,0.091282,0.297915,267.650728,0.27551,0.72449
PAXG_2024_5M,debug\adapted_field_paxg_2024_5m_10k\dio_mini_lauf_2\episodes.csv,2301,2400,mischrolle_brueckennaehe_zentrumsnaehe,high,high,low,high,low,low,0.027238,0.018854,0.009646,-0.020887,1,dio_mcm_episode_0ybr5e3,dio_14wj,stabil,1,0,ruhige_enge_rohwelt,0.249004,0.249004,0.020588,0.064116,0.198708,-82.404285,0.102041,0.897959
PAXG_2024_5M,debug\adapted_field_paxg_2024_5m_10k\dio_mini_lauf_2\episodes.csv,2901,3000,brueckennaehe,mid,mid,low,mid,high,low,0.014388,0.012878,0.002107,-0.003998,1,dio_mcm_episode_0ykar6i,dio_0l7p,stabil,1,0,gemischte_rohwelt,0.25025,0.25025,0.048889,0.118763,0.44955,769.23192,0.214286,0.785714
PAXG_2024_5M,debug\adapted_field_paxg_2024_5m_10k\dio_mini_lauf_2\episodes.csv,3101,3200,brueckennaehe,mid,high,low,mid,high,low,0.010038,0.00534,0.00705,-0.001585,1,dio_mcm_episode_0ykar6i,dio_1uof,stabil,1,0,gemischte_rohwelt,0.350175,0.350175,0.055912,0.122657,0.298954,-41.68798,0.285714,0.714286
PAXG_2024_5M,debug\adapted_field_paxg_2024_5m_10k\dio_mini_lauf_2\episodes.csv,3401,3500,mischrolle_brueckennaehe_zentrumsnaehe,high,high,low,mid,high,low,0.014308,0.017063,-0.000862,0.003044,1,dio_mcm_episode_0ykar6i,dio_104t,stabil,1,0,gemischte_rohwelt,-0.24667,0.24667,0.050442,0.114238,0.49505,-99.91974,0.27551,0.72449
PAXG_2024_5M,debug\adapted_field_paxg_2024_5m_10k\dio_mini_lauf_2\episodes.csv,3501,3600,mischrolle_brueckennaehe_zentrumsnaehe,high,high,low,high,mid,low,0.007535,0.003044,0.003125,-0.00563,1,dio_mcm_episode_0ykar6i,dio_14wj,stabil,1,0,gemischte_rohwelt,0.049456,0.049456,0.029476,0.077651,0.247158,3011.556705,0.183673,0.816327
PAXG_2024_5M,debug\adapted_field_paxg_2024_5m_10k\dio_mini_lauf_2\episodes.csv,3701,3800,mischrolle_brueckennaehe_zentrumsnaehe,high,high,low,high,low,mid,0.016501,0.012991,0.009486,-0.016715,0,dio_mcm_episode_0ykar6i,dio_14wj,stabil,1,0,ruhige_enge_rohwelt,-0.099059,0.099059,0.019019,0.054011,0.346706,-98.810907,0.102041,0.897959
PAXG_2024_5M,debug\adapted_field_paxg_2024_5m_10k\dio_mini_lauf_2\episodes.csv,3801,3900,entlastungsnaehe,mid,mid,high,mid,low,high,-0.017787,-0.016715,-0.001697,-0.001931,1,dio_mcm_episode_0ybr5e3,dio_104t,stabil,1,0,ruhige_enge_rohwelt,0.347222,0.347222,0.031509,0.065841,0.346706,419.372929,0.163265,0.836735
PAXG_2024_5M,debug\adapted_field_paxg_2024_5m_10k\dio_mini_lauf_2\episodes.csv,4001,4100,brueckennaehe,mid,mid,low,high,mid,low,0.007992,0.00491,0.00102,0.011449,1,dio_mcm_episode_0ybr5e3,dio_1fll,stabil,1,0,gemischte_rohwelt,0.593178,0.593178,0.046748,0.091083,0.589971,-48.866213,0.214286,0.785714
PAXG_2024_5M,debug\adapted_field_paxg_2024_5m_10k\dio_mini_lauf_2\episodes.csv,4101,4200,mischrolle_brueckennaehe_zentrumsnaehe,high,high,low,high,mid,low,0.006489,0.011449,0.00734,-0.012612,0,dio_mcm_episode_0ybr5e3,dio_14wj,stabil,1,0,ruhige_enge_rohwelt,0.294985,0.294985,0.029718,0.066187,0.489956,2134.567901,0.163265,0.836735
PAXG_2024_5M,debug\adapted_field_paxg_2024_5m_10k\dio_mini_lauf_2\episodes.csv,4401,4500,brueckennaehe,mid,mid,low,mid,high,low,0.014412,0.009125,-0.001135,0.005623,1,dio_mcm_episode_0ybr5e3,dio_104t,stabil,1,0,gemischte_rohwelt,-0.344658,0.344658,0.061307,0.120883,0.394672,23137.354086,0.316327,0.683673
PAXG_2024_5M,debug\adapted_field_paxg_2024_5m_10k\dio_mini_lauf_2\episodes.csv,4501,4600,mischrolle_brueckennaehe_zentrumsnaehe,high,high,low,mid,high,low,0.002648,0.005623,0.006307,-0.005124,1,dio_mcm_episode_0ybr5e3,dio_14wj,stabil,1,0,gemischte_rohwelt,-0.345679,0.345679,0.053427,0.10436,0.345508,-96.607357,0.316327,0.683673
PAXG_2024_5M,debug\adapted_field_paxg_2024_5m_10k\dio_mini_lauf_2\episodes.csv,4801,4900,mischrolle_brueckennaehe_zentrumsnaehe,high,high,low,high,mid,low,0.020964,0.014783,0.00099,0.001564,1,dio_mcm_episode_0ybr5e3,dio_14wj,stabil,1,0,gemischte_rohwelt,0.149701,0.149701,0.040816,0.091291,0.348432,-25.593478,0.255102,0.744898
PAXG_2024_5M,debug\adapted_field_paxg_2024_5m_10k\dio_mini_lauf_2\episodes.csv,4901,5000,mischrolle_brueckennaehe_zentrumsnaehe,high,high,low,high,low,mid,0.005553,0.001564,0.00597,-0.015774,1,dio_mcm_episode_0ybr5e3,dio_104t,stabil,1,0,ruhige_enge_rohwelt,0.099701,0.099701,0.020129,0.058782,0.199402,9.639777,0.05102,0.94898
PAXG_2024_5M,debug\adapted_field_paxg_2024_5m_10k\dio_mini_lauf_2\episodes.csv,5101,5200,brueckennaehe,mid,high,low,mid,high,low,0.006891,0.008939,2e-05,0.007828,1,dio_mcm_episode_0ybr5e3,dio_00ja,stabil,1,0,gemischte_rohwelt,0.298507,0.298507,0.056185,0.131109,0.347913,-82.828102,0.336735,0.663265
PAXG_2024_5M,debug\adapted_field_paxg_2024_5m_10k\dio_mini_lauf_2\episodes.csv,5201,5300,mischrolle_brueckennaehe_zentrumsnaehe,high,high,low,high,mid,low,0.012513,0.007828,0.003417,-0.008063,1,dio_mcm_episode_0ybr5e3,dio_14wj,stabil,1,0,gemischte_rohwelt,0.297619,0.297619,0.034048,0.087715,0.297177,61.318052,0.244898,0.755102
PAXG_2024_5M,debug\adapted_field_paxg_2024_5m_10k\dio_mini_lauf_2\episodes.csv,5401,5500,mischrolle_brueckennaehe_zentrumsnaehe,high,high,low,high,mid,low,0.019977,0.010963,0.007448,-0.007527,1,dio_mcm_episode_0ybr5e3,dio_14wj,stabil,1,0,gemischte_rohwelt,-0.14918,0.14918,0.033627,0.083002,0.248509,-58.510638,0.204082,0.795918
PAXG_2024_5M,debug\adapted_field_paxg_2024_5m_10k\dio_mini_lauf_2\episodes.csv,5701,5800,brueckennaehe,high,mid,mid,high,low,high,0.016744,0.009518,0.010926,-0.014604,1,dio_mcm_episode_0ybr5e3,dio_104t,stabil,1,0,ruhige_enge_rohwelt,0.14918,0.14918,0.028619,0.04424,0.149105,49.579832,0.244898,0.755102
PAXG_2024_5M,debug\adapted_field_paxg_2024_5m_10k\dio_mini_lauf_2\episodes.csv,5901,6000,mischrolle_brueckennaehe_entlastungsnaehe,high,mid,mid,mid,mid,high,0.012629,0.010171,-0.000796,-0.002739,1,dio_mcm_episode_0ybr5e3,dio_14wj,stabil,1,0,gemischte_rohwelt,0.049801,0.049801,0.040711,0.068186,0.24888,-80.107182,0.255102,0.744898
PAXG_2024_5M,debug\adapted_field_paxg_2024_5m_10k\dio_mini_lauf_2\episodes.csv,6101,6200,entlastungsnaehe,mid,mid,mid,mid,mid,high,0.001012,-0.003898,-0.002394,-0.00178,0,dio_mcm_episode_0ybr5e3,dio_00ly,stabil,1,0,gemischte_rohwelt,0.099701,0.099701,0.042289,0.079243,0.249501,57.196613,0.204082,0.795918
PAXG_2024_5M,debug\adapted_field_paxg_2024_5m_10k\dio_mini_lauf_2\episodes.csv,6301,6400,brueckennaehe,mid,mid,mid,mid,low,high,0.012712,0.003049,-0.006204,0.005305,0,dio_mcm_episode_0ykar6i,dio_104t,stabil,1,0,gemischte_rohwelt,0.2997,0.2997,0.040332,0.071874,0.24975,-87.754114,0.193878,0.806122
PAXG_2024_5M,debug\adapted_field_paxg_2024_5m_10k\dio_mini_lauf_2\episodes.csv,6401,6500,mischrolle_brueckennaehe_zentrumsnaehe,high,high,low,high,mid,low,0.00337,0.005305,-0.000832,0.000328,1,dio_mcm_episode_0ybr5e3,dio_14wj,stabil,1,0,gemischte_rohwelt,0.0,0.0,0.049306,0.116563,0.398406,11687.265136,0.295918,0.704082
PAXG_2024_5M,debug\adapted_field_paxg_2024_5m_10k\dio_mini_lauf_2\episodes.csv,6501,6600,zentrumsnaehe,high,high,low,mid,high,low,-0.002081,0.000328,0.015575,-0.006521,0,dio_mcm_episode_0ybr5e3,dio_1u5i,stabil,1,0,gemischte_rohwelt,0.099701,0.099701,0.055384,0.118646,0.298954,16.512656,0.377551,0.622449
PAXG_2024_5M,debug\adapted_field_paxg_2024_5m_10k\dio_mini_lauf_2\episodes.csv,6701,6800,mischrolle_brueckennaehe_zentrumsnaehe,high,high,low,high,mid,low,0.013326,0.010864,0.006592,-0.005243,1,dio_mcm_episode_0ybr5e3,dio_1u5i,stabil,1,0,gemischte_rohwelt,0.348953,0.348953,0.044704,0.079545,0.248385,369.03713,0.316327,0.683673
PAXG_2024_5M,debug\adapted_field_paxg_2024_5m_10k\dio_mini_lauf_2\episodes.csv,6801,6900,zentrumsnaehe,high,high,low,mid,mid,mid,-0.009382,-0.005243,0.005842,-3.2e-05,1,dio_mcm_episode_0ybr5e3,dio_0m9z,stabil,1,0,gemischte_rohwelt,-0.447761,0.447761,0.043868,0.098337,0.349476,7.960344,0.336735,0.663265
PAXG_2024_5M,debug\adapted_field_paxg_2024_5m_10k\dio_mini_lauf_2\episodes.csv,6901,7000,brueckennaehe,mid,mid,high,mid,low,high,0.000567,-3.2e-05,0.001621,-0.006839,1,dio_mcm_episode_0ybr5e3,dio_104t,stabil,1,0,gemischte_rohwelt,-0.1997,0.1997,0.038356,0.058462,0.24975,-98.230325,0.27551,0.72449
PAXG_2024_5M,debug\adapted_field_paxg_2024_5m_10k\dio_mini_lauf_2\episodes.csv,7101,7200,brueckennaehe,mid,mid,high,mid,low,high,0.006907,0.006581,0.001517,-0.001414,1,dio_mcm_episode_0ybr5e3,dio_14wj,stabil,1,0,gemischte_rohwelt,-0.149551,0.149551,0.037755,0.05881,0.349301,-95.075624,0.27551,0.72449
PAXG_2024_5M,debug\adapted_field_paxg_2024_5m_10k\dio_mini_lauf_2\episodes.csv,7301,7400,mischrolle_brueckennaehe_zentrumsnaehe,high,high,low,high,mid,low,0.008331,0.00628,0.000348,0.00362,1,dio_mcm_episode_0ybr5e3,dio_00ja,stabil,1,0,gemischte_rohwelt,-0.049826,0.049826,0.038772,0.093229,0.199501,111.072179,0.255102,0.744898
PAXG_2024_5M,debug\adapted_field_paxg_2024_5m_10k\dio_mini_lauf_2\episodes.csv,7401,7500,mischrolle_brueckennaehe_zentrumsnaehe,high,high,low,high,mid,low,0.004181,0.00362,0.015155,-0.015665,1,dio_mcm_episode_0ybr5e3,dio_14wj,stabil,1,0,gemischte_rohwelt,-0.149626,0.149626,0.035836,0.066454,0.249377,171.631206,0.27551,0.72449
PAXG_2024_5M,debug\adapted_field_paxg_2024_5m_10k\dio_mini_lauf_2\episodes.csv,7601,7700,mischrolle_brueckennaehe_zentrumsnaehe,high,high,low,high,mid,mid,0.015237,0.015053,0.00197,-0.004385,1,dio_mcm_episode_0ybr5e3,dio_14wj,stabil,1,0,ruhige_enge_rohwelt,0.050025,0.050025,0.0288,0.050517,0.2001,114.565217,0.285714,0.714286
PAXG_2024_5M,debug\adapted_field_paxg_2024_5m_10k\dio_mini_lauf_2\episodes.csv,7901,8000,mischrolle_brueckennaehe_zentrumsnaehe,high,high,low,high,low,mid,0.02606,0.019385,0.003476,-0.001764,1,dio_mcm_episode_1xx3u1e,dio_14wj,stabil,1,0,ruhige_enge_rohwelt,0.15,0.15,0.026764,0.059489,0.2001,598.500069,0.173469,0.826531
PAXG_2024_5M,debug\adapted_field_paxg_2024_5m_10k\dio_mini_lauf_2\episodes.csv,8001,8100,zentrumsnaehe,high,high,low,high,low,mid,-0.003507,-0.001764,0.003854,-0.005992,1,dio_mcm_episode_1xx3u1e,dio_14wj,stabil,1,0,ruhige_enge_rohwelt,0.199601,0.199601,0.028205,0.048859,0.199402,-66.909414,0.214286,0.785714
PAXG_2024_5M,debug\adapted_field_paxg_2024_5m_10k\dio_mini_lauf_2\episodes.csv,8201,8300,mischrolle_brueckennaehe_zentrumsnaehe,high,high,low,high,low,low,0.012162,0.00242,0.008708,-0.000108,0,dio_mcm_episode_077r0df,dio_1fll,stabil,1,0,gemischte_rohwelt,0.199402,0.199402,0.037174,0.080573,0.248633,424.777184,0.173469,0.826531
PAXG_2024_5M,debug\adapted_field_paxg_2024_5m_10k\dio_mini_lauf_2\episodes.csv,8301,8400,entlastungsnaehe,high,high,mid,high,low,mid,-0.008788,-0.000108,-0.000996,-0.00114,1,dio_mcm_episode_1xx3u1e,dio_104t,stabil,1,0,gemischte_rohwelt,-0.14918,0.14918,0.039723,0.060739,0.199302,100.0,0.295918,0.704082
PAXG_2024_5M,debug\adapted_field_paxg_2024_5m_10k\dio_mini_lauf_2\episodes.csv,8401,8500,brueckennaehe,high,high,mid,high,low,mid,0.003419,-0.00114,-0.005444,0.007167,1,dio_mcm_episode_1xx3u1e,dio_0l7p,stabil,1,0,ruhige_enge_rohwelt,0.099602,0.099602,0.033221,0.069254,0.199601,-95.826125,0.173469,0.826531
PAXG_2024_5M,debug\adapted_field_paxg_2024_5m_10k\dio_mini_lauf_2\episodes.csv,8501,8600,mischrolle_brueckennaehe_zentrumsnaehe,high,high,low,high,low,low,0.006435,0.007167,0.005179,-0.002213,0,dio_mcm_episode_1xx3u1e,dio_14wj,stabil,1,0,gemischte_rohwelt,0.199005,0.199005,0.030148,0.087532,0.447539,-21.232433,0.163265,0.836735
PAXG_2024_5M,debug\adapted_field_paxg_2024_5m_10k\dio_mini_lauf_2\episodes.csv,8601,8700,entlastungsnaehe,high,high,mid,high,low,mid,-0.001518,-0.002213,-0.000903,-0.004964,1,dio_mcm_episode_077r0df,dio_1fll,stabil,1,0,ruhige_enge_rohwelt,0.049628,0.049628,0.028582,0.048149,0.149105,759.616044,0.265306,0.734694
PAXG_2024_5M,debug\adapted_field_paxg_2024_5m_10k\dio_mini_lauf_2\episodes.csv,8901,9000,brueckennaehe,mid,mid,high,mid,low,high,0.004404,0.003738,-0.009105,0.004454,1,dio_mcm_episode_1xx3u1e,dio_14wj,stabil,1,0,gemischte_rohwelt,0.446207,0.446207,0.040438,0.0583,0.346021,3622.592593,0.265306,0.734694
PAXG_2024_5M,debug\adapted_field_paxg_2024_5m_10k\dio_mini_lauf_2\episodes.csv,9001,9100,mischrolle_brueckennaehe_zentrumsnaehe,high,high,low,high,low,mid,0.009187,0.004454,-0.002572,0.007378,1,dio_mcm_episode_1xx3u1e,dio_104t,stabil,1,0,gemischte_rohwelt,0.148148,0.148148,0.038419,0.094826,0.445324,-61.897926,0.214286,0.785714
PAXG_2024_5M,debug\adapted_field_paxg_2024_5m_10k\dio_mini_lauf_2\episodes.csv,9101,9200,mischrolle_brueckennaehe_zentrumsnaehe,high,high,low,high,mid,low,0.00405,0.007378,0.014554,-0.007146,1,dio_mcm_episode_1xx3u1e,dio_14wj,stabil,1,0,gemischte_rohwelt,0.147856,0.147856,0.038215,0.079101,0.394477,-78.718248,0.244898,0.755102
PAXG_2024_5M,debug\adapted_field_paxg_2024_5m_10k\dio_mini_lauf_2\episodes.csv,9201,9300,entlastungsnaehe,high,mid,high,mid,low,high,-0.011446,-0.007146,-0.004035,-0.003803,1,dio_mcm_episode_1xx3u1e,dio_104t,stabil,1,0,ruhige_enge_rohwelt,0.19685,0.19685,0.023819,0.043224,0.24558,15.365239,0.183673,0.816327
XRP_2024_5M,debug\adapted_field_xrp_2024_5m_10k\dio_mini_lauf_2\episodes.csv,1,100,randdrucknaehe,low,low,high,high,low,high,0.0,0.0,-0.008249,0.013848,1,dio_mcm_episode_1ahj81f,dio_0m9z,stabil,1,0,gemischte_rohwelt,-0.243191,0.243191,0.067985,0.140117,0.376186,-85.759055,0.377551,0.622449
XRP_2024_5M,debug\adapted_field_xrp_2024_5m_10k\dio_mini_lauf_2\episodes.csv,201,300,brueckennaehe,low,low,mid,high,low,high,0.000105,0.004953,0.001849,-0.000885,1,dio_mcm_episode_1ahj81f,dio_104t,stabil,1,0,gerichtete_weltbewegung,1.625624,1.625624,0.063015,0.126978,0.333122,1469.012721,0.377551,0.622449
XRP_2024_5M,debug\adapted_field_xrp_2024_5m_10k\dio_mini_lauf_2\episodes.csv,501,600,brueckennaehe,low,low,mid,mid,mid,low,0.012665,0.016072,0.009384,-0.01082,1,dio_mcm_episode_1joiyc3,dio_0l7p,stabil,1,0,gemischte_rohwelt,0.657789,0.657789,0.09279,0.179042,0.620525,-82.603455,0.489796,0.510204
XRP_2024_5M,debug\adapted_field_xrp_2024_5m_10k\dio_mini_lauf_2\episodes.csv,1001,1100,brueckennaehe,low,low,low,mid,high,low,0.005922,0.006186,0.013903,-0.010269,1,dio_mcm_episode_1joiyc3,dio_104t,stabil,1,0,laute_oder_druckvolle_rohwelt,1.873699,1.873699,0.124924,0.248527,0.686224,-45.635705,0.44898,0.55102
XRP_2024_5M,debug\adapted_field_xrp_2024_5m_10k\dio_mini_lauf_2\episodes.csv,1201,1300,brueckennaehe,low,low,high,mid,mid,high,0.015428,0.008543,0.001154,-0.003325,1,dio_mcm_episode_0e7qvj1,dio_155c,stabil,1,0,laute_oder_druckvolle_rohwelt,-1.215278,1.215278,0.109064,0.238057,1.210951,144.940048,0.438776,0.561224
XRP_2024_5M,debug\adapted_field_xrp_2024_5m_10k\dio_mini_lauf_2\episodes.csv,1401,1500,brueckennaehe,mid,low,low,high,low,mid,0.020498,0.011083,0.003072,-0.005823,1,dio_mcm_episode_0e7qvj1,dio_104t,stabil,1,0,gemischte_rohwelt,0.122678,0.122678,0.072509,0.167672,0.715907,-53.945976,0.336735,0.663265
XRP_2024_5M,debug\adapted_field_xrp_2024_5m_10k\dio_mini_lauf_2\episodes.csv,1601,1700,brueckennaehe,mid,mid,low,high,mid,low,0.010239,0.006755,0.006607,-0.002365,1,dio_mcm_episode_0e7qvj1,dio_104t,stabil,1,0,gemischte_rohwelt,0.017655,0.017655,0.0864,0.175103,0.541769,-62.405215,0.44898,0.55102
XRP_2024_5M,debug\adapted_field_xrp_2024_5m_10k\dio_mini_lauf_2\episodes.csv,1801,1900,brueckennaehe,mid,mid,low,mid,mid,mid,0.005775,0.00164,0.00985,-0.00699,1,dio_mcm_episode_0e7qvj1,dio_104t,stabil,1,0,wechselhafte_rohwelt,0.405715,0.405715,0.092294,0.189969,0.583967,78.74505,0.55102,0.44898
XRP_2024_5M,debug\adapted_field_xrp_2024_5m_10k\dio_mini_lauf_2\episodes.csv,2301,2400,brueckennaehe,low,low,mid,mid,mid,mid,0.004466,-0.000305,0.001875,0.001567,1,dio_mcm_episode_0e7qvj1,dio_104t,stabil,1,0,laute_oder_druckvolle_rohwelt,-0.936037,0.936037,0.109085,0.226955,0.863284,-77.308363,0.44898,0.55102
XRP_2024_5M,debug\adapted_field_xrp_2024_5m_10k\dio_mini_lauf_2\episodes.csv,3101,3200,brueckennaehe,mid,mid,low,mid,high,low,0.028679,0.021857,0.001182,0.002008,1,dio_mcm_episode_0e7qvj1,dio_0m9z,stabil,1,0,laute_oder_druckvolle_rohwelt,-1.358516,1.358516,0.132788,0.262395,0.606265,34.568758,0.44898,0.55102
XRP_2024_5M,debug\adapted_field_xrp_2024_5m_10k\dio_mini_lauf_2\episodes.csv,3201,3300,brueckennaehe,mid,mid,mid,mid,mid,low,0.001454,0.002008,0.006714,-0.012025,1,dio_mcm_episode_0e7qvj1,dio_0m9z,stabil,1,0,laute_oder_druckvolle_rohwelt,-0.100469,0.100469,0.111818,0.224978,0.652392,18.951686,0.418367,0.581633
XRP_2024_5M,debug\adapted_field_xrp_2024_5m_10k\dio_mini_lauf_2\episodes.csv,3501,3600,mischrolle_brueckennaehe_zentrumsnaehe,high,high,low,high,low,low,0.034464,0.019959,0.008826,-0.006591,1,dio_mcm_episode_0e7qvj1,dio_104t,stabil,1,0,gemischte_rohwelt,0.454784,0.454784,0.064389,0.151531,0.36784,-29.682268,0.387755,0.612245
XRP_2024_5M,debug\adapted_field_xrp_2024_5m_10k\dio_mini_lauf_2\episodes.csv,3601,3700,zentrumsnaehe,high,high,low,mid,mid,low,-0.01555,-0.006591,-0.009748,0.010042,1,dio_mcm_episode_0e7qvj1,dio_104t,stabil,1,0,gemischte_rohwelt,0.139179,0.139179,0.082751,0.167865,0.454228,-13.836731,0.510204,0.489796
XRP_2024_5M,debug\adapted_field_xrp_2024_5m_10k\dio_mini_lauf_2\episodes.csv,3701,3800,mischrolle_brueckennaehe_zentrumsnaehe,high,high,low,high,low,low,0.016421,0.010042,0.003995,-0.006277,1,dio_mcm_episode_0e7qvj1,dio_155c,stabil,1,0,gemischte_rohwelt,-0.313261,0.313261,0.064685,0.1375,0.279183,-41.03121,0.357143,0.642857
XRP_2024_5M,debug\adapted_field_xrp_2024_5m_10k\dio_mini_lauf_2\episodes.csv,3801,3900,zentrumsnaehe,high,mid,low,high,low,low,-0.00238,-0.006277,0.007577,-0.008905,1,dio_mcm_episode_0e7qvj1,dio_0l7p,stabil,1,0,gemischte_rohwelt,0.594302,0.594302,0.059233,0.129786,0.311796,15.724507,0.367347,0.632653
XRP_2024_5M,debug\adapted_field_xrp_2024_5m_10k\dio_mini_lauf_2\episodes.csv,4001,4100,brueckennaehe,mid,mid,low,mid,high,low,0.001219,0.000596,-0.002164,0.006144,0,dio_mcm_episode_0b7nep9,dio_0h9h,stabil,1,0,laute_oder_druckvolle_rohwelt,0.154453,0.154453,0.143096,0.29667,0.849907,-64.857142,0.346939,0.653061
XRP_2024_5M,debug\adapted_field_xrp_2024_5m_10k\dio_mini_lauf_2\episodes.csv,4101,4200,mischrolle_brueckennaehe_zentrumsnaehe,high,high,low,high,mid,low,0.00505,0.006144,0.007613,-0.007397,1,dio_mcm_episode_0ykar6i,dio_0l7p,stabil,1,0,gemischte_rohwelt,-0.890869,0.890869,0.092792,0.180944,0.619408,-17.089269,0.408163,0.591837
XRP_2024_5M,debug\adapted_field_xrp_2024_5m_10k\dio_mini_lauf_2\episodes.csv,4301,4400,mischrolle_brueckennaehe_zentrumsnaehe,high,high,low,high,mid,mid,0.005524,0.005934,0.005714,-0.005491,1,dio_mcm_episode_0ykar6i,dio_0m9z,stabil,1,0,gemischte_rohwelt,-0.675442,0.675442,0.079847,0.165964,0.555459,189.153128,0.377551,0.622449
XRP_2024_5M,debug\adapted_field_xrp_2024_5m_10k\dio_mini_lauf_2\episodes.csv,4501,4600,mischrolle_brueckennaehe_zentrumsnaehe,high,high,low,high,low,low,0.010224,0.007957,0.000239,0.000114,1,dio_mcm_episode_0ykar6i,dio_0m9z,stabil,1,0,gemischte_rohwelt,1.172353,1.172353,0.078697,0.152315,0.519121,-49.977239,0.418367,0.581633
XRP_2024_5M,debug\adapted_field_xrp_2024_5m_10k\dio_mini_lauf_2\episodes.csv,4601,4700,mischrolle_brueckennaehe_zentrumsnaehe,high,mid,low,high,low,mid,0.004676,0.000114,0.004703,-0.004385,1,dio_mcm_episode_0ykar6i,dio_0l7p,stabil,1,0,gemischte_rohwelt,-1.142066,1.142066,0.06192,0.120379,0.472606,97.053594,0.377551,0.622449
XRP_2024_5M,debug\adapted_field_xrp_2024_5m_10k\dio_mini_lauf_2\episodes.csv,4901,5000,brueckennaehe,high,high,mid,high,low,high,0.013123,0.007773,0.003089,-0.00641,1,dio_mcm_episode_0ykar6i,dio_104t,stabil,1,0,gemischte_rohwelt,-0.229035,0.229035,0.067212,0.11826,0.510743,41.161472,0.397959,0.602041
XRP_2024_5M,debug\adapted_field_xrp_2024_5m_10k\dio_mini_lauf_2\episodes.csv,5001,5100,entlastungsnaehe,mid,mid,high,mid,low,high,-0.004548,-0.00641,-0.000174,-0.00234,0,dio_mcm_episode_0ykar6i,dio_104t,stabil,1,0,gemischte_rohwelt,-1.801165,1.801165,0.080492,0.159683,0.901551,86.865451,0.397959,0.602041
XRP_2024_5M,debug\adapted_field_xrp_2024_5m_10k\dio_mini_lauf_2\episodes.csv,5201,5300,brueckennaehe,mid,mid,mid,high,low,high,0.014567,0.005594,0.006718,-0.011308,1,dio_mcm_episode_0b7nep9,dio_104t,stabil,1,0,gemischte_rohwelt,0.164384,0.164384,0.085185,0.160054,0.655141,-63.710823,0.438776,0.561224
XRP_2024_5M,debug\adapted_field_xrp_2024_5m_10k\dio_mini_lauf_2\episodes.csv,5401,5500,brueckennaehe,mid,mid,high,mid,mid,high,0.008554,0.006316,-0.003558,0.003464,1,dio_mcm_episode_0b7nep9,dio_0m9z,stabil,1,0,laute_oder_druckvolle_rohwelt,1.458216,1.458216,0.11157,0.199496,0.607847,-66.140733,0.428571,0.571429
XRP_2024_5M,debug\adapted_field_xrp_2024_5m_10k\dio_mini_lauf_2\episodes.csv,5501,5600,brueckennaehe,mid,mid,mid,mid,low,high,0.007785,0.003464,0.000469,0.002155,1,dio_mcm_episode_0b7nep9,dio_1lsu,stabil,1,0,gemischte_rohwelt,1.142436,1.142436,0.08505,0.1522,0.600218,8.78004,0.418367,0.581633
XRP_2024_5M,debug\adapted_field_xrp_2024_5m_10k\dio_mini_lauf_2\episodes.csv,5701,5800,brueckennaehe,mid,mid,high,mid,low,high,0.001742,0.000102,-0.009682,0.005433,1,dio_mcm_episode_0b7nep9,dio_104t,stabil,1,0,gemischte_rohwelt,1.536492,1.536492,0.077345,0.144268,0.923746,-48.697567,0.408163,0.591837
XRP_2024_5M,debug\adapted_field_xrp_2024_5m_10k\dio_mini_lauf_2\episodes.csv,5801,5900,mischrolle_brueckennaehe_zentrumsnaehe,high,high,low,high,low,mid,0.017043,0.005433,0.003002,-0.002084,1,dio_mcm_episode_0b7nep9,dio_0m9z,stabil,1,0,gemischte_rohwelt,-0.486311,0.486311,0.048044,0.096053,0.217549,411.164075,0.418367,0.581633
XRP_2024_5M,debug\adapted_field_xrp_2024_5m_10k\dio_mini_lauf_2\episodes.csv,5901,6000,zentrumsnaehe,high,mid,low,high,low,mid,-0.006302,-0.002084,0.005907,-0.005971,1,dio_mcm_episode_0b7nep9,dio_104t,stabil,1,0,gemischte_rohwelt,-0.199239,0.199239,0.054702,0.103982,0.399347,-5.779931,0.357143,0.642857
XRP_2024_5M,debug\adapted_field_xrp_2024_5m_10k\dio_mini_lauf_2\episodes.csv,6101,6200,brueckennaehe,mid,mid,mid,mid,mid,mid,0.000356,0.002769,0.003126,-0.008727,1,dio_mcm_episode_0b7nep9,dio_155c,stabil,1,0,gemischte_rohwelt,-1.941209,1.941209,0.10862,0.217763,0.797569,-9.671819,0.44898,0.55102
XRP_2024_5M,debug\adapted_field_xrp_2024_5m_10k\dio_mini_lauf_2\episodes.csv,6301,6400,mischrolle_brueckennaehe_zentrumsnaehe,high,high,low,mid,mid,low,0.013364,0.011927,0.010279,-0.014766,1,dio_mcm_episode_0b7nep9,dio_0l7p,stabil,1,0,laute_oder_druckvolle_rohwelt,0.30303,0.30303,0.11307,0.21124,0.492238,-14.672403,0.428571,0.571429
XRP_2024_5M,debug\adapted_field_xrp_2024_5m_10k\dio_mini_lauf_2\episodes.csv,6601,6700,mischrolle_brueckennaehe_zentrumsnaehe,high,high,low,high,mid,low,0.011104,0.005016,0.001042,0.001349,1,dio_mcm_episode_0b7nep9,dio_0m9z,stabil,1,0,laute_oder_druckvolle_rohwelt,0.215264,0.215264,0.115824,0.20828,0.677245,128.080676,0.408163,0.591837
XRP_2024_5M,debug\adapted_field_xrp_2024_5m_10k\dio_mini_lauf_2\episodes.csv,6701,6800,zentrumsnaehe,high,high,low,mid,mid,low,-0.000639,0.001349,-0.000405,-0.000372,0,dio_mcm_episode_0b7nep9,dio_155c,stabil,1,0,gemischte_rohwelt,0.781861,0.781861,0.103136,0.214717,0.642273,-51.761964,0.459184,0.540816
XRP_2024_5M,debug\adapted_field_xrp_2024_5m_10k\dio_mini_lauf_2\episodes.csv,6801,6900,zentrumsnaehe,high,high,low,mid,mid,low,-0.000995,-0.000372,-0.001839,0.00207,1,dio_mcm_episode_0ykar6i,dio_0l7p,stabil,1,0,gemischte_rohwelt,0.213468,0.213468,0.095888,0.182854,0.565854,-90.052283,0.479592,0.520408
XRP_2024_5M,debug\adapted_field_xrp_2024_5m_10k\dio_mini_lauf_2\episodes.csv,6901,7000,mischrolle_brueckennaehe_zentrumsnaehe,high,high,low,high,low,mid,0.008745,0.00207,-0.001182,0.000817,1,dio_mcm_episode_0ykar6i,dio_155c,stabil,1,0,gemischte_rohwelt,-0.889749,0.889749,0.071073,0.15283,0.703262,1441.223296,0.44898,0.55102
XRP_2024_5M,debug\adapted_field_xrp_2024_5m_10k\dio_mini_lauf_2\episodes.csv,7001,7100,zentrumsnaehe,high,high,low,high,mid,low,-0.002077,0.000817,0.004864,-0.004026,1,dio_mcm_episode_0ykar6i,dio_104t,stabil,1,0,gemischte_rohwelt,-0.781097,0.781097,0.085861,0.175722,0.531915,2.758627,0.469388,0.530612
XRP_2024_5M,debug\adapted_field_xrp_2024_5m_10k\dio_mini_lauf_2\episodes.csv,7101,7200,zentrumsnaehe,high,high,low,high,low,high,-0.003846,-0.004026,-0.003728,0.001704,1,dio_mcm_episode_0ykar6i,dio_0pz6,stabil,1,0,gemischte_rohwelt,1.361215,1.361215,0.080518,0.185573,0.720405,9.362088,0.377551,0.622449
XRP_2024_5M,debug\adapted_field_xrp_2024_5m_10k\dio_mini_lauf_2\episodes.csv,7201,7300,mischrolle_brueckennaehe_zentrumsnaehe,high,high,low,high,low,low,0.003643,0.001704,-0.00247,0.003089,1,dio_mcm_episode_0ykar6i,dio_0l7p,stabil,1,0,gemischte_rohwelt,-0.155824,0.155824,0.077673,0.141504,0.564752,114.630388,0.479592,0.520408
XRP_2024_5M,debug\adapted_field_xrp_2024_5m_10k\dio_mini_lauf_2\episodes.csv,7301,7400,mischrolle_brueckennaehe_zentrumsnaehe,high,high,low,high,mid,low,0.001158,0.003089,0.010393,-0.010489,1,dio_mcm_episode_0ykar6i,dio_14wj,stabil,1,0,gemischte_rohwelt,2.128075,2.128075,0.093325,0.172152,0.423321,1.425402,0.469388,0.530612
XRP_2024_5M,debug\adapted_field_xrp_2024_5m_10k\dio_mini_lauf_2\episodes.csv,7501,7600,brueckennaehe,high,high,mid,high,low,high,0.010353,0.005847,-0.008993,0.004996,0,dio_mcm_episode_0ykar6i,dio_104t,stabil,1,0,gemischte_rohwelt,-0.490473,0.490473,0.06311,0.122908,0.618209,-41.954742,0.387755,0.612245
XRP_2024_5M,debug\adapted_field_xrp_2024_5m_10k\dio_mini_lauf_2\episodes.csv,7601,7700,mischrolle_brueckennaehe_zentrumsnaehe,high,high,low,high,low,mid,0.01354,0.004996,-0.003092,0.002951,1,dio_mcm_episode_0geqqo3,dio_104t,stabil,1,0,gemischte_rohwelt,0.322275,0.322275,0.049758,0.096644,0.282859,-2.065742,0.367347,0.632653
XRP_2024_5M,debug\adapted_field_xrp_2024_5m_10k\dio_mini_lauf_2\episodes.csv,7701,7800,mischrolle_brueckennaehe_zentrumsnaehe,high,high,low,high,low,low,0.004298,0.002951,0.009163,-0.008356,1,dio_mcm_episode_0geqqo3,dio_104t,stabil,1,0,gemischte_rohwelt,0.169843,0.169843,0.043615,0.091271,0.207586,198.681277,0.285714,0.714286
XRP_2024_5M,debug\adapted_field_xrp_2024_5m_10k\dio_mini_lauf_2\episodes.csv,7801,7900,zentrumsnaehe,high,mid,low,high,low,high,-0.012207,-0.008356,0.000444,0.002616,1,dio_mcm_episode_0geqqo3,dio_0l7p,stabil,1,0,gemischte_rohwelt,0.357883,0.357883,0.054847,0.100907,0.451722,-12.541883,0.397959,0.602041
XRP_2024_5M,debug\adapted_field_xrp_2024_5m_10k\dio_mini_lauf_2\episodes.csv,8001,8100,mischrolle_brueckennaehe_zentrumsnaehe,high,high,low,high,mid,low,0.000603,6.5e-05,0.003526,-0.001988,0,dio_mcm_episode_0geqqo3,dio_104t,stabil,1,0,gemischte_rohwelt,-0.227574,0.227574,0.09014,0.166116,0.517241,122.145474,0.397959,0.602041
XRP_2024_5M,debug\adapted_field_xrp_2024_5m_10k\dio_mini_lauf_2\episodes.csv,8301,8400,brueckennaehe,mid,high,mid,mid,low,mid,0.007266,0.003357,-0.000282,0.002673,1,dio_mcm_episode_0w4x7xs,dio_0l7p,stabil,1,0,gemischte_rohwelt,0.130354,0.130354,0.086713,0.154439,0.820436,31.416282,0.44898,0.55102
XRP_2024_5M,debug\adapted_field_xrp_2024_5m_10k\dio_mini_lauf_2\episodes.csv,8401,8500,brueckennaehe,high,high,mid,high,low,high,0.00466,0.002673,0.011286,-0.014769,1,dio_mcm_episode_0w4x7xs,dio_104t,stabil,1,0,gemischte_rohwelt,-0.502326,0.502326,0.074029,0.149779,0.714017,8.409441,0.469388,0.530612
XRP_2024_5M,debug\adapted_field_xrp_2024_5m_10k\dio_mini_lauf_2\episodes.csv,8701,8800,mischrolle_brueckennaehe_zentrumsnaehe,high,high,low,high,low,low,0.022619,0.011391,0.027733,-0.028662,0,dio_mcm_episode_0w4x7xs,dio_104t,stabil,1,0,gemischte_rohwelt,-0.859879,0.859879,0.09813,0.193691,0.549127,-12.159387,0.428571,0.571429
XRP_2024_5M,debug\adapted_field_xrp_2024_5m_10k\dio_mini_lauf_2\episodes.csv,9001,9100,brueckennaehe,high,high,mid,mid,mid,mid,0.010736,0.008069,0.00646,-0.005897,1,dio_mcm_episode_0e7qvj1,dio_104t,stabil,1,0,gemischte_rohwelt,0.748685,0.748685,0.107337,0.20182,0.647511,-78.36304,0.397959,0.602041
XRP_2024_5M,debug\adapted_field_xrp_2024_5m_10k\dio_mini_lauf_2\episodes.csv,9201,9300,brueckennaehe,mid,high,mid,mid,low,high,0.012487,0.004718,0.00254,-0.001552,1,dio_mcm_episode_0e7qvj1,dio_104t,stabil,1,0,gemischte_rohwelt,0.099147,0.099147,0.080505,0.137047,0.495737,-28.560031,0.44898,0.55102
XRP_2024_5M,debug\adapted_field_xrp_2024_5m_10k\dio_mini_lauf_2\episodes.csv,9401,9500,mischrolle_brueckennaehe_zentrumsnaehe,high,high,low,mid,mid,low,0.007747,0.003446,-0.00154,0.003704,1,dio_mcm_episode_0e7qvj1,dio_104t,stabil,1,0,laute_oder_druckvolle_rohwelt,1.574646,1.574646,0.114761,0.204426,0.764107,-74.466628,0.469388,0.530612
XRP_2024_5M,debug\adapted_field_xrp_2024_5m_10k\dio_mini_lauf_2\episodes.csv,9501,9600,mischrolle_brueckennaehe_zentrumsnaehe,high,high,low,high,low,high,0.010299,0.003704,0.010361,-0.013203,1,dio_mcm_episode_0e7qvj1,dio_104t,stabil,1,0,gemischte_rohwelt,-0.490004,0.490004,0.058272,0.115179,0.373208,-27.139613,0.377551,0.622449
XRP_2024_5M,debug\adapted_field_xrp_2024_5m_10k\dio_mini_lauf_2\episodes.csv,9701,9800,brueckennaehe,mid,high,mid,mid,low,high,0.010618,0.005955,-0.003419,0.005912,1,dio_mcm_episode_0e7qvj1,dio_104t,stabil,1,0,gemischte_rohwelt,-0.557692,0.557692,0.095901,0.175019,0.479846,19.982686,0.428571,0.571429
XRP_2024_5M,debug\adapted_field_xrp_2024_5m_10k\dio_mini_lauf_2\episodes.csv,9801,9900,brueckennaehe,high,high,mid,high,low,high,0.007498,0.005912,-0.003692,0.001359,1,dio_mcm_episode_0e7qvj1,dio_104t,stabil,1,0,gemischte_rohwelt,-0.947959,0.947959,0.06931,0.140562,0.470865,-64.692792,0.346939,0.653061
XRP_2024_5M,debug\adapted_field_xrp_2024_5m_10k\dio_mini_lauf_2\episodes.csv,9901,9994,mischrolle_brueckennaehe_zentrumsnaehe,high,high,low,high,low,mid,0.004449,0.001359,0.0,0.0,0,dio_mcm_episode_0e7qvj1,dio_0m9z,stabil,1,0,gemischte_rohwelt,-0.312561,0.312561,0.069729,0.132977,0.37037,-20.102793,0.402174,0.597826
DOGE_2024_5M,debug\adapted_field_doge_2024_5m_10k\dio_mini_lauf_2\episodes.csv,1,100,randdrucknaehe,low,low,high,high,low,high,0.0,0.0,-0.006217,0.01186,1,dio_mcm_episode_1ahj81f,dio_0h9h,stabil,1,0,gemischte_rohwelt,-0.089107,0.089107,0.081957,0.156827,0.573549,-80.872774,0.5,0.5
DOGE_2024_5M,debug\adapted_field_doge_2024_5m_10k\dio_mini_lauf_2\episodes.csv,501,600,brueckennaehe,low,low,mid,mid,mid,mid,0.008656,0.012247,-0.003519,0.00538,1,dio_mcm_episode_0e7qvj1,dio_0l7p,stabil,1,0,wechselhafte_rohwelt,0.459418,0.459418,0.106174,0.202695,0.715465,90.489077,0.561224,0.438776
DOGE_2024_5M,debug\adapted_field_doge_2024_5m_10k\dio_mini_lauf_2\episodes.csv,601,700,brueckennaehe,mid,low,low,high,low,high,0.009353,0.00538,0.033026,-0.042287,1,dio_mcm_episode_0e7qvj1,dio_104t,stabil,1,0,wechselhafte_rohwelt,0.207084,0.207084,0.070871,0.128861,0.349421,-38.292079,0.540816,0.459184
DOGE_2024_5M,debug\adapted_field_doge_2024_5m_10k\dio_mini_lauf_2\episodes.csv,901,1000,brueckennaehe,low,low,mid,mid,mid,mid,0.013485,0.013476,0.002953,-0.001481,1,dio_mcm_episode_0e7qvj1,dio_0m9z,stabil,1,0,laute_oder_druckvolle_rohwelt,0.0,0.0,0.151421,0.287752,0.951568,18.209434,0.530612,0.469388
DOGE_2024_5M,debug\adapted_field_doge_2024_5m_10k\dio_mini_lauf_2\episodes.csv,1201,1300,brueckennaehe,low,low,mid,mid,mid,low,0.015531,0.011744,0.009233,-0.008722,1,dio_mcm_episode_0e7qvj1,dio_0m9z,stabil,1,0,laute_oder_druckvolle_rohwelt,-0.941233,0.941233,0.132854,0.273035,1.195941,98.049137,0.489796,0.510204
DOGE_2024_5M,debug\adapted_field_doge_2024_5m_10k\dio_mini_lauf_2\episodes.csv,1401,1500,brueckennaehe,mid,low,mid,mid,mid,low,0.019443,0.012202,0.007254,-0.009728,1,dio_mcm_episode_0e7qvj1,dio_104t,stabil,1,0,gemischte_rohwelt,-0.742725,0.742725,0.10851,0.215787,0.909532,402.202094,0.459184,0.540816
DOGE_2024_5M,debug\adapted_field_doge_2024_5m_10k\dio_mini_lauf_2\episodes.csv,1601,1700,brueckennaehe,mid,mid,low,mid,mid,low,0.015254,0.012485,0.002102,2.9e-05,1,dio_mcm_episode_0e7qvj1,dio_104t,stabil,1,0,laute_oder_druckvolle_rohwelt,0.372717,0.372717,0.126961,0.262668,0.531389,41.186628,0.428571,0.571429
DOGE_2024_5M,debug\adapted_field_doge_2024_5m_10k\dio_mini_lauf_2\episodes.csv,1801,1900,brueckennaehe,mid,mid,low,high,mid,low,0.006105,0.000242,0.011783,-0.011038,1,dio_mcm_episode_0e7qvj1,dio_155c,stabil,1,0,laute_oder_druckvolle_rohwelt,-0.531718,0.531718,0.112227,0.24954,0.715361,-22.823968,0.479592,0.520408
DOGE_2024_5M,debug\adapted_field_doge_2024_5m_10k\dio_mini_lauf_2\episodes.csv,2201,2300,brueckennaehe,mid,mid,mid,mid,mid,low,0.006663,0.005713,0.002465,4.3e-05,1,dio_mcm_episode_0e7qvj1,dio_1kpz,stabil,1,0,laute_oder_druckvolle_rohwelt,2.940431,2.940431,0.128349,0.28595,0.933518,53.034705,0.44898,0.55102
DOGE_2024_5M,debug\adapted_field_doge_2024_5m_10k\dio_mini_lauf_2\episodes.csv,2601,2700,brueckennaehe,mid,mid,mid,mid,mid,mid,0.048711,0.036379,0.005574,-0.005719,1,dio_mcm_episode_0e7qvj1,dio_155c,stabil,1,0,laute_oder_druckvolle_rohwelt,-2.1,2.1,0.141095,0.312179,0.707517,176.945676,0.530612,0.469388
DOGE_2024_5M,debug\adapted_field_doge_2024_5m_10k\dio_mini_lauf_2\episodes.csv,3101,3200,brueckennaehe,mid,mid,low,mid,high,low,0.029629,0.024967,0.003001,-0.002078,0,dio_mcm_episode_0e7qvj1,dio_00ja,stabil,1,0,laute_oder_druckvolle_rohwelt,-0.745121,0.745121,0.149541,0.298447,0.708028,22.404996,0.510204,0.489796
DOGE_2024_5M,debug\adapted_field_doge_2024_5m_10k\dio_mini_lauf_2\episodes.csv,3501,3600,brueckennaehe,mid,mid,low,high,low,mid,0.016206,0.012905,-0.003181,0.004975,1,dio_mcm_episode_0b7nep9,dio_104t,stabil,1,0,gemischte_rohwelt,0.0,0.0,0.08739,0.186661,0.752445,-32.270666,0.459184,0.540816
DOGE_2024_5M,debug\adapted_field_doge_2024_5m_10k\dio_mini_lauf_2\episodes.csv,3601,3700,mischrolle_brueckennaehe_zentrumsnaehe,high,high,low,high,mid,low,0.003369,0.004975,0.002787,-0.002268,1,dio_mcm_episode_0b7nep9,dio_104t,stabil,1,0,gemischte_rohwelt,0.93423,0.93423,0.105267,0.204706,0.547741,-27.001414,0.489796,0.510204
DOGE_2024_5M,debug\adapted_field_doge_2024_5m_10k\dio_mini_lauf_2\episodes.csv,3701,3800,zentrumsnaehe,high,high,low,mid,mid,low,-0.004265,-0.002268,0.010027,-0.015345,1,dio_mcm_episode_0b7nep9,dio_104t,stabil,1,0,wechselhafte_rohwelt,-0.370782,0.370782,0.085002,0.180677,0.592154,-60.507314,0.530612,0.469388
DOGE_2024_5M,debug\adapted_field_doge_2024_5m_10k\dio_mini_lauf_2\episodes.csv,4001,4100,mischrolle_brueckennaehe_zentrumsnaehe,high,mid,low,high,mid,low,0.016765,0.007954,0.002595,0.000342,1,dio_mcm_episode_0b7nep9,dio_0l7p,stabil,1,0,laute_oder_druckvolle_rohwelt,0.718444,0.718444,0.116836,0.249851,0.760883,-75.085339,0.387755,0.612245
DOGE_2024_5M,debug\adapted_field_doge_2024_5m_10k\dio_mini_lauf_2\episodes.csv,4101,4200,zentrumsnaehe,high,high,low,high,mid,low,-0.001434,0.000342,0.000119,-4.3e-05,1,dio_mcm_episode_0b7nep9,dio_14wj,stabil,1,0,gemischte_rohwelt,-0.036909,0.036909,0.089455,0.190036,0.46775,96.755858,0.44898,0.55102
DOGE_2024_5M,debug\adapted_field_doge_2024_5m_10k\dio_mini_lauf_2\episodes.csv,4201,4300,mischrolle_brueckennaehe_zentrumsnaehe,high,high,low,high,mid,low,0.000887,-4.3e-05,0.001517,-0.001843,1,dio_mcm_episode_0b7nep9,dio_0l7p,stabil,1,0,gemischte_rohwelt,-1.034865,1.034865,0.105989,0.210397,0.585087,709.807012,0.377551,0.622449
DOGE_2024_5M,debug\adapted_field_doge_2024_5m_10k\dio_mini_lauf_2\episodes.csv,4301,4400,mischrolle_brueckennaehe_zentrumsnaehe,high,mid,low,high,low,mid,0.001046,-0.001843,0.01039,-0.008127,1,dio_mcm_episode_0b7nep9,dio_104t,stabil,1,0,wechselhafte_rohwelt,-0.074497,0.074497,0.080504,0.183315,0.456002,24.395702,0.520408,0.479592
DOGE_2024_5M,debug\adapted_field_doge_2024_5m_10k\dio_mini_lauf_2\episodes.csv,4501,4600,mischrolle_brueckennaehe_zentrumsnaehe,high,high,low,high,mid,low,0.012349,0.011593,0.002371,-0.0023,1,dio_mcm_episode_0b7nep9,dio_104t,stabil,1,0,gemischte_rohwelt,1.166543,1.166543,0.10683,0.199839,0.616371,-71.144751,0.489796,0.510204
DOGE_2024_5M,debug\adapted_field_doge_2024_5m_10k\dio_mini_lauf_2\episodes.csv,4601,4700,zentrumsnaehe,high,mid,low,high,low,mid,0.006476,-0.0023,0.001349,-0.001496,0,dio_mcm_episode_0b7nep9,dio_0l7p,stabil,1,0,gemischte_rohwelt,-0.883111,0.883111,0.06893,0.150078,0.704922,-57.516414,0.387755,0.612245
DOGE_2024_5M,debug\adapted_field_doge_2024_5m_10k\dio_mini_lauf_2\episodes.csv,4801,4900,mischrolle_brueckennaehe_zentrumsnaehe,high,high,low,high,low,mid,0.001385,0.00171,0.003248,-0.004225,1,dio_mcm_episode_0ykar6i,dio_104t,stabil,1,0,gemischte_rohwelt,0.549176,0.549176,0.091858,0.183853,0.758706,-67.308957,0.418367,0.581633
DOGE_2024_5M,debug\adapted_field_doge_2024_5m_10k\dio_mini_lauf_2\episodes.csv,5201,5300,brueckennaehe,mid,mid,mid,high,low,high,0.023064,0.009795,0.002004,-0.005177,0,dio_mcm_episode_0b7nep9,dio_104t,stabil,1,0,gemischte_rohwelt,0.904393,0.904393,0.087463,0.182994,0.63744,36.832564,0.479592,0.520408
DOGE_2024_5M,debug\adapted_field_doge_2024_5m_10k\dio_mini_lauf_2\episodes.csv,5401,5500,mischrolle_brueckennaehe_entlastungsnaehe,mid,mid,mid,mid,mid,mid,0.007367,0.005439,-0.001077,-0.000256,0,dio_mcm_episode_0b7nep9,dio_104t,stabil,1,0,gemischte_rohwelt,2.129317,2.129317,0.106402,0.20721,0.488935,-70.32804,0.408163,0.591837
DOGE_2024_5M,debug\adapted_field_doge_2024_5m_10k\dio_mini_lauf_2\episodes.csv,5501,5600,brueckennaehe,mid,mid,mid,high,low,high,0.002238,-0.000256,0.007902,-0.006312,0,dio_mcm_episode_0ykar6i,dio_0l7p,stabil,1,0,gemischte_rohwelt,0.432405,0.432405,0.091815,0.166636,0.547213,-24.953749,0.428571,0.571429
DOGE_2024_5M,debug\adapted_field_doge_2024_5m_10k\dio_mini_lauf_2\episodes.csv,6301,6400,brueckennaehe,mid,mid,mid,mid,high,low,0.015003,0.019315,0.006356,-0.012385,0,dio_mcm_episode_0b7nep9,dio_104t,stabil,1,0,laute_oder_druckvolle_rohwelt,-0.966479,0.966479,0.141271,0.292194,0.801578,-86.000404,0.5,0.5
DOGE_2024_5M,debug\adapted_field_doge_2024_5m_10k\dio_mini_lauf_2\episodes.csv,6701,6800,brueckennaehe,mid,high,mid,mid,mid,low,0.003545,0.004951,-0.005233,0.002781,1,dio_mcm_episode_0e7qvj1,dio_104t,stabil,1,0,laute_oder_druckvolle_rohwelt,-0.075614,0.075614,0.146194,0.308743,0.777527,-58.260337,0.479592,0.520408
DOGE_2024_5M,debug\adapted_field_doge_2024_5m_10k\dio_mini_lauf_2\episodes.csv,6801,6900,mischrolle_brueckennaehe_zentrumsnaehe,high,high,low,mid,mid,low,0.003724,0.002781,0.00192,0.00181,1,dio_mcm_episode_0e7qvj1,dio_155c,stabil,1,0,laute_oder_druckvolle_rohwelt,-0.995966,0.995966,0.128042,0.23489,0.524029,-78.837992,0.459184,0.540816
DOGE_2024_5M,debug\adapted_field_doge_2024_5m_10k\dio_mini_lauf_2\episodes.csv,6901,7000,mischrolle_brueckennaehe_zentrumsnaehe,high,high,low,high,low,mid,0.005886,0.00181,0.003235,-0.005774,1,dio_mcm_episode_0e7qvj1,dio_104t,stabil,1,0,gemischte_rohwelt,-0.876859,0.876859,0.088134,0.198724,0.602178,-31.949765,0.489796,0.510204
DOGE_2024_5M,debug\adapted_field_doge_2024_5m_10k\dio_mini_lauf_2\episodes.csv,7101,7200,mischrolle_brueckennaehe_zentrumsnaehe,high,high,low,high,low,low,0.009285,0.007428,5.5e-05,-0.00056,1,dio_mcm_episode_0e7qvj1,dio_104t,stabil,1,0,gemischte_rohwelt,0.671574,0.671574,0.083621,0.192209,0.479026,-47.306755,0.397959,0.602041
DOGE_2024_5M,debug\adapted_field_doge_2024_5m_10k\dio_mini_lauf_2\episodes.csv,7201,7300,mischrolle_brueckennaehe_zentrumsnaehe,high,high,low,high,low,mid,0.001932,-0.00056,0.002631,-0.001509,0,dio_mcm_episode_0e7qvj1,dio_104t,stabil,1,0,gemischte_rohwelt,0.501092,0.501092,0.079063,0.151928,0.344344,-34.995371,0.397959,0.602041
DOGE_2024_5M,debug\adapted_field_doge_2024_5m_10k\dio_mini_lauf_2\episodes.csv,7301,7400,zentrumsnaehe,high,high,low,high,mid,low,-0.007819,-0.001509,-0.000155,0.002308,0,dio_mcm_episode_18l3thm,dio_104t,stabil,1,0,laute_oder_druckvolle_rohwelt,2.302968,2.302968,0.110871,0.213083,0.555065,218.969392,0.469388,0.530612
DOGE_2024_5M,debug\adapted_field_doge_2024_5m_10k\dio_mini_lauf_2\episodes.csv,7401,7500,mischrolle_brueckennaehe_zentrumsnaehe,high,high,low,high,low,mid,0.00468,0.002308,-0.000741,-0.000751,1,dio_mcm_episode_14coypf,dio_104t,stabil,1,0,gemischte_rohwelt,-0.124938,0.124938,0.085632,0.17107,0.387597,-30.115562,0.397959,0.602041
DOGE_2024_5M,debug\adapted_field_doge_2024_5m_10k\dio_mini_lauf_2\episodes.csv,7501,7600,mischrolle_brueckennaehe_zentrumsnaehe,high,high,low,high,low,mid,0.001802,-0.000751,-0.004471,0.004062,1,dio_mcm_episode_14coypf,dio_0l7p,stabil,1,0,gemischte_rohwelt,-0.387888,0.387888,0.06828,0.144401,0.35309,18.675967,0.397959,0.602041
DOGE_2024_5M,debug\adapted_field_doge_2024_5m_10k\dio_mini_lauf_2\episodes.csv,7601,7700,mischrolle_brueckennaehe_zentrumsnaehe,high,high,low,high,low,low,0.004641,0.004062,0.011082,-0.009798,1,dio_mcm_episode_14coypf,dio_104t,stabil,1,0,gemischte_rohwelt,-0.087951,0.087951,0.057938,0.117354,0.238484,8.252737,0.377551,0.622449
DOGE_2024_5M,debug\adapted_field_doge_2024_5m_10k\dio_mini_lauf_2\episodes.csv,7801,7900,brueckennaehe,high,high,mid,mid,low,high,0.001543,0.002423,0.0043,-0.003084,1,dio_mcm_episode_14coypf,dio_104t,stabil,1,0,wechselhafte_rohwelt,0.161511,0.161511,0.097164,0.170127,0.482853,35.836367,0.530612,0.469388
DOGE_2024_5M,debug\adapted_field_doge_2024_5m_10k\dio_mini_lauf_2\episodes.csv,8001,8100,mischrolle_brueckennaehe_zentrumsnaehe,high,high,low,high,mid,low,0.009934,0.005538,0.003284,-0.006267,1,dio_mcm_episode_14coypf,dio_0m9z,stabil,1,0,gemischte_rohwelt,0.075978,0.075978,0.099527,0.185136,0.637674,14.915184,0.438776,0.561224
DOGE_2024_5M,debug\adapted_field_doge_2024_5m_10k\dio_mini_lauf_2\episodes.csv,8301,8400,mischrolle_brueckennaehe_zentrumsnaehe,high,high,low,high,low,low,0.028891,0.017376,0.002835,-0.002295,1,dio_mcm_episode_0e7qvj1,dio_104t,stabil,1,0,gemischte_rohwelt,-1.102629,1.102629,0.101712,0.195037,0.7504,-74.127962,0.489796,0.510204
DOGE_2024_5M,debug\adapted_field_doge_2024_5m_10k\dio_mini_lauf_2\episodes.csv,8701,8800,mischrolle_brueckennaehe_zentrumsnaehe,high,high,low,mid,low,mid,0.004866,0.000429,0.009344,-0.009155,1,dio_mcm_episode_0e7qvj1,dio_104t,stabil,1,0,gemischte_rohwelt,-1.172801,1.172801,0.09463,0.175122,0.557739,68.91251,0.44898,0.55102
DOGE_2024_5M,debug\adapted_field_doge_2024_5m_10k\dio_mini_lauf_2\episodes.csv,8901,9000,brueckennaehe,high,high,mid,mid,mid,low,0.012756,0.009908,0.001104,0.001406,0,dio_mcm_episode_0e7qvj1,dio_104t,stabil,1,0,laute_oder_druckvolle_rohwelt,0.419474,0.419474,0.114251,0.224909,1.11653,-68.162574,0.469388,0.530612
DOGE_2024_5M,debug\adapted_field_doge_2024_5m_10k\dio_mini_lauf_2\episodes.csv,9001,9100,mischrolle_brueckennaehe_entlastungsnaehe,high,high,mid,mid,low,high,0.003454,0.001406,-0.001476,-0.000805,1,dio_mcm_episode_1jwnjz4,dio_104t,stabil,1,0,gemischte_rohwelt,0.341989,0.341989,0.082139,0.144876,0.35551,300.059319,0.5,0.5
DOGE_2024_5M,debug\adapted_field_doge_2024_5m_10k\dio_mini_lauf_2\episodes.csv,9101,9200,brueckennaehe,high,high,mid,high,low,mid,0.00036,-0.000805,-0.003479,0.003605,1,dio_mcm_episode_1jwnjz4,dio_0l7p,stabil,1,0,gemischte_rohwelt,0.240354,0.240354,0.086703,0.168141,0.516438,-63.966261,0.459184,0.540816
DOGE_2024_5M,debug\adapted_field_doge_2024_5m_10k\dio_mini_lauf_2\episodes.csv,9201,9300,mischrolle_brueckennaehe_zentrumsnaehe,high,high,low,high,low,mid,0.007925,0.003605,0.000141,0.000784,1,dio_mcm_episode_1jwnjz4,dio_104t,stabil,1,0,gemischte_rohwelt,0.568541,0.568541,0.07169,0.129919,0.315617,-2.849033,0.5,0.5
DOGE_2024_5M,debug\adapted_field_doge_2024_5m_10k\dio_mini_lauf_2\episodes.csv,9301,9400,mischrolle_brueckennaehe_zentrumsnaehe,high,high,low,high,low,mid,0.001308,0.000784,-0.000873,0.00045,1,dio_mcm_episode_1jwnjz4,dio_0l7p,stabil,1,0,gemischte_rohwelt,-0.389741,0.389741,0.074188,0.144157,0.620725,-25.185526,0.428571,0.571429
DOGE_2024_5M,debug\adapted_field_doge_2024_5m_10k\dio_mini_lauf_2\episodes.csv,9401,9500,zentrumsnaehe,high,high,low,high,low,low,-0.001001,0.00045,0.001737,-0.00444,0,dio_mcm_episode_1jwnjz4,dio_104t,stabil,1,0,wechselhafte_rohwelt,0.189609,0.189609,0.06903,0.123931,0.290624,37.858152,0.520408,0.479592
DOGE_2024_5M,debug\adapted_field_doge_2024_5m_10k\dio_mini_lauf_2\episodes.csv,9501,9600,zentrumsnaehe,high,high,low,high,low,high,-0.001313,-0.00444,0.001629,-0.000344,1,dio_mcm_episode_14coypf,dio_104t,stabil,1,0,gemischte_rohwelt,-0.39097,0.39097,0.057231,0.08959,0.342205,21.424307,0.367347,0.632653
DOGE_2024_5M,debug\adapted_field_doge_2024_5m_10k\dio_mini_lauf_2\episodes.csv,9601,9700,mischrolle_brueckennaehe_zentrumsnaehe,high,high,low,high,low,high,0.003086,-0.000344,-0.001196,-0.000374,1,dio_mcm_episode_14coypf,dio_0m9z,stabil,1,0,gemischte_rohwelt,0.202455,0.202455,0.050135,0.093702,0.367927,73.189107,0.357143,0.642857
DOGE_2024_5M,debug\adapted_field_doge_2024_5m_10k\dio_mini_lauf_2\episodes.csv,9701,9800,zentrumsnaehe,high,high,low,high,low,high,-0.002622,-0.000374,0.001611,0.002981,1,dio_mcm_episode_14coypf,dio_104t,stabil,1,0,gemischte_rohwelt,-0.694795,0.694795,0.054062,0.097547,0.267516,-26.07269,0.377551,0.622449
DOGE_2024_5M,debug\adapted_field_doge_2024_5m_10k\dio_mini_lauf_2\episodes.csv,9801,9900,zentrumsnaehe,high,high,low,high,low,high,-0.000911,0.002981,-4.8e-05,-0.002985,1,dio_mcm_episode_14coypf,dio_104t,stabil,1,0,gemischte_rohwelt,-0.203355,0.203355,0.048211,0.097531,0.267244,-56.195547,0.44898,0.55102
DOGE_2024_5M,debug\adapted_field_doge_2024_5m_10k\dio_mini_lauf_2\episodes.csv,9901,9994,zentrumsnaehe,high,high,low,high,low,high,0.000116,-0.002985,0.0,0.0,0,dio_mcm_episode_14coypf,dio_0l7p,stabil,1,0,gemischte_rohwelt,1.56628,1.56628,0.06683,0.12071,0.689309,390.586883,0.391304,0.608696
