asset,label,families,kernfamilien,brueckenfamilien,oberflaechen,source_family_overlap,source_kern_overlap,avg_afterimage_delta,avg_temporal_delta,dominant_reading,reproduction_state,kind,window_start,row_type,worlds,avg_kernfamilien,avg_source_family_overlap,avg_source_kern_overlap,states,source_edge,kern_edge,afterimage_edge,temporal_edge,field_edge_score,reading,source_year,family,total_count,phase_presence,dominant_role,count_frueh,share_frueh,rekopplung_frueh,strain_frueh,afterimage_frueh,temporal_frueh,count_mitte,share_mitte,rekopplung_mitte,strain_mitte,afterimage_mitte,temporal_mitte,count_spaet,share_spaet,rekopplung_spaet,strain_spaet,afterimage_spaet,temporal_spaet,share_delta_spaet_frueh,afterimage_delta_spaet_frueh,temporal_delta_spaet_frueh,strain_delta_spaet_frueh,family_reading
DOGE,start0_null_random_1000,36,34,2,0,0.5272727272727272,0.1875,0.40230295346069894,0.36553754947004824,kernfamilie_mit_feldzeitverdichtung,reifungsrolle_reproduziert,null_random,0,summary,,,,,,,,,,,,,,,,,,,,,,,,,,,,,,,,,,,,,,,
DOGE,start0_null_shuffle_1000,36,32,2,1,0.5555555555555556,0.1702127659574468,0.4075746926801344,0.3352080247598466,kernfamilie_mit_feldzeitverdichtung,reifungsrolle_reproduziert,null_shuffle,0,summary,,,,,,,,,,,,,,,,,,,,,,,,,,,,,,,,,,,,,,,
DOGE,start0_real_1000,36,34,0,2,0.5849056603773585,0.1875,0.3797676126329766,0.3115716282573855,kernfamilie_mit_feldzeitverdichtung,reifungsrolle_reproduziert,real,0,summary,,,,,,,,,,,,,,,,,,,,,,,,,,,,,,,,,,,,,,,
,,,,,,,,0.3797676126329766,0.3115716282573855,,,real,,kind_summary,1,34.0,0.5849056603773585,0.1875,reifungsrolle_reproduziert:1,,,,,,,,,,,,,,,,,,,,,,,,,,,,,,,,,,
,,,,,,,,0.40230295346069894,0.36553754947004824,,,null_random,,kind_summary,1,34.0,0.5272727272727272,0.1875,reifungsrolle_reproduziert:1,,,,,,,,,,,,,,,,,,,,,,,,,,,,,,,,,,
,,,,,,,,0.4075746926801344,0.3352080247598466,,,null_shuffle,,kind_summary,1,32.0,0.5555555555555556,0.1702127659574468,reifungsrolle_reproduziert:1,,,,,,,,,,,,,,,,,,,,,,,,,,,,,,,,,,
DOGE,,,,,,,,,,,,,0,window_summary,,,,,,0.02935010482180289,0.0,-0.027807080047157817,-0.05396592121266275,-0.004928423983522361,graduell_gemischt,,,,,,,,,,,,,,,,,,,,,,,,,,,,
DOGE,start0_real_1000,,,,,,,,,,,real,0,detail,,,,,,,,,,,,2025,dio_104t,70,3,field_stabil,25,0.07530120481927711,0.74590908,0.15090028,0.48910304000000004,0.77402704,20,0.06042296072507553,0.75621085,0.15944415,0.7613341499999999,0.910571,25,0.0755287009063444,0.75658544,0.1610354,0.8004564000000001,0.9270367199999999,0.00022749608706729152,0.31135336,0.15300967999999993,0.010135119999999997,kernfamilie_mit_feldzeitverdichtung
DOGE,start0_real_1000,,,,,,,,,,,real,0,detail,,,,,,,,,,,,2025,dio_0l7p,52,3,field_stabil,22,0.06626506024096386,0.7524619545454545,0.13927840909090908,0.46654636363636365,0.7643409090909091,14,0.04229607250755287,0.7646321428571429,0.14725685714285713,0.7530759285714286,0.9044574285714286,16,0.04833836858006042,0.766053625,0.150957,0.8046335625,0.9249190625,-0.017926691660903438,0.3380871988636363,0.16057815340909087,0.01167859090909093,kernfamilie_mit_feldzeitverdichtung
DOGE,start0_real_1000,,,,,,,,,,,real,0,detail,,,,,,,,,,,,2025,dio_0h9h,47,3,field_stabil,21,0.06325301204819277,0.756643238095238,0.143306,0.4536731428571429,0.7571767619047619,12,0.03625377643504532,0.7578656666666667,0.15693674999999999,0.7649475833333333,0.9055245833333334,14,0.04229607250755287,0.7601157857142857,0.15787314285714288,0.8172511428571428,0.9249314285714286,-0.020956939540639895,0.36357799999999996,0.16775466666666672,0.01456714285714289,kernfamilie_mit_feldzeitverdichtung
DOGE,start0_real_1000,,,,,,,,,,,real,0,detail,,,,,,,,,,,,2025,dio_155c,45,3,field_stabil,16,0.04819277108433735,0.7399025,0.1573573125,0.412154375,0.72699125,14,0.04229607250755287,0.7494250000000001,0.1699824285714286,0.7155563571428571,0.8843922142857144,15,0.045317220543806644,0.7483920666666666,0.1740742,0.805571,0.9193130666666666,-0.002875550540530708,0.393416625,0.1923218166666666,0.0167168875,kernfamilie_mit_feldzeitverdichtung
DOGE,start0_real_1000,,,,,,,,,,,real,0,detail,,,,,,,,,,,,2025,dio_0m9z,44,3,field_stabil,19,0.0572289156626506,0.7303598421052632,0.167727,0.430543,0.7405958947368422,14,0.04229607250755287,0.7427301428571429,0.1785967857142857,0.755855,0.9000243571428571,11,0.03323262839879154,0.7443226363636364,0.17913754545454544,0.7999697272727272,0.9185913636363636,-0.023996287263859058,0.3694267272727272,0.17799546889952145,0.011410545454545451,kernfamilie_mit_feldzeitverdichtung
DOGE,start0_real_1000,,,,,,,,,,,real,0,detail,,,,,,,,,,,,2025,dio_14wj,30,3,field_stabil,9,0.02710843373493976,0.7543575555555555,0.12665177777777778,0.26674444444444445,0.6437432222222221,8,0.02416918429003021,0.76632375,0.136145375,0.603246375,0.8423056250000001,13,0.03927492447129909,0.7678756153846155,0.14319015384615386,0.7437349999999999,0.8979301538461539,0.012166490736359333,0.4769905555555555,0.2541869316239318,0.016538376068376076,kernfamilie_mit_feldzeitverdichtung
DOGE,start0_real_1000,,,,,,,,,,,real,0,detail,,,,,,,,,,,,2025,dio_06er,22,3,field_stabil,5,0.015060240963855422,0.750023,0.1253292,0.1667784,0.5438112,10,0.030211480362537766,0.7703829,0.1320072,0.5346371999999999,0.8156142000000001,7,0.021148036253776436,0.7747425714285715,0.135991,0.7154388571428572,0.8849538571428572,0.006087795289921014,0.5486604571428572,0.3411426571428572,0.010661799999999999,kernfamilie_mit_feldzeitverdichtung
DOGE,start0_real_1000,,,,,,,,,,,real,0,detail,,,,,,,,,,,,2025,dio_17ct,17,3,field_stabil,5,0.015060240963855422,0.7367328000000001,0.1446642,0.1655548,0.5415028,10,0.030211480362537766,0.7538514000000001,0.155813,0.5415781,0.8131529000000001,2,0.006042296072507553,0.75282,0.1642635,0.6885835,0.8637755,-0.009017944891347869,0.5230287,0.3222727000000001,0.019599300000000014,kernfamilie_mit_feldzeitverdichtung
DOGE,start0_real_1000,,,,,,,,,,,real,0,detail,,,,,,,,,,,,2025,dio_00ly,16,3,field_stabil,5,0.015060240963855422,0.7546564,0.1373276,0.1507272,0.5385986,6,0.01812688821752266,0.7550835,0.14625583333333333,0.4877321666666667,0.794982,5,0.015105740181268883,0.7604318,0.1479408,0.6615274,0.8569156,4.5499217413461426e-05,0.5108002,0.31831699999999996,0.010613200000000017,kernfamilie_mit_feldzeitverdichtung
DOGE,start0_real_1000,,,,,,,,,,,real,0,detail,,,,,,,,,,,,2025,dio_0pz6,16,3,field_stabil,6,0.018072289156626505,0.7534606666666667,0.13687016666666665,0.1899316666666667,0.5743971666666666,5,0.015105740181268883,0.7679332000000001,0.1343564,0.4858554,0.796619,5,0.015105740181268883,0.7644802,0.14433,0.6480342,0.8546384,-0.002966548975357622,0.4581025333333333,0.2802412333333334,0.00745983333333336,kernfamilie_mit_feldzeitverdichtung
DOGE,start0_real_1000,,,,,,,,,,,real,0,detail,,,,,,,,,,,,2025,dio_0tay,15,3,field_stabil,7,0.02108433734939759,0.7415884285714286,0.14315928571428568,0.2220152857142857,0.6033378571428571,4,0.012084592145015106,0.75071925,0.156326,0.519271,0.81013125,4,0.012084592145015106,0.7546047499999999,0.1581765,0.65329525,0.85543,-0.008999745204382483,0.4312799642857143,0.2520921428571429,0.015017214285714314,kernfamilie_mit_feldzeitverdichtung
DOGE,start0_real_1000,,,,,,,,,,,real,0,detail,,,,,,,,,,,,2025,dio_0dd2,15,3,field_stabil,4,0.012048192771084338,0.739902,0.144113,0.13443375,0.49854699999999996,6,0.01812688821752266,0.7622535,0.14014416666666665,0.44461749999999994,0.7772568333333334,5,0.015105740181268883,0.764128,0.1473102,0.6375694000000001,0.8504744000000001,0.003057547410184545,0.50313565,0.3519274000000001,0.003197200000000011,kernfamilie_mit_feldzeitverdichtung
DOGE,start0_real_1000,,,,,,,,,,,real,0,detail,,,,,,,,,,,,2025,dio_1ewh,15,3,field_stabil,6,0.018072289156626505,0.73983,0.14807366666666666,0.19461666666666666,0.5759965,3,0.00906344410876133,0.740971,0.16096633333333332,0.47966766666666666,0.7894566666666667,6,0.01812688821752266,0.7468223333333334,0.16119799999999998,0.6381534999999999,0.8490451666666666,5.45990608961551e-05,0.44353683333333327,0.2730486666666666,0.013124333333333321,kernfamilie_mit_feldzeitverdichtung
DOGE,start0_real_1000,,,,,,,,,,,real,0,detail,,,,,,,,,,,,2025,dio_00ja,15,3,field_stabil,3,0.009036144578313253,0.7253259999999999,0.16914266666666666,0.09077366666666666,0.4259886666666666,7,0.021148036253776436,0.7332408571428571,0.165654,0.416632,0.7632341428571429,5,0.015105740181268883,0.7326838,0.1763712,0.6172380000000001,0.8440709999999999,0.00606959560295563,0.5264643333333334,0.4180823333333333,0.007228533333333342,kernfamilie_mit_feldzeitverdichtung
DOGE,start0_real_1000,,,,,,,,,,,real,0,detail,,,,,,,,,,,,2025,dio_05yg,12,3,field_stabil,5,0.015060240963855422,0.7124314,0.1817804,0.16680820000000002,0.5417698,6,0.01812688821752266,0.7210688333333333,0.18776983333333333,0.48264616666666665,0.7876478333333333,1,0.0030211480362537764,0.717608,0.196336,0.608863,0.837647,-0.012039092927601646,0.4420548,0.29587720000000006,0.014555600000000002,kernfamilie_mit_feldzeitverdichtung
DOGE,start0_real_1000,,,,,,,,,,,real,0,detail,,,,,,,,,,,,2025,dio_06s7,12,3,field_stabil,6,0.018072289156626505,0.7595000000000001,0.12609416666666667,0.19875616666666665,0.5769278333333333,4,0.012084592145015106,0.7625597500000001,0.1378885,0.50121825,0.79728,2,0.006042296072507553,0.7635135,0.14109349999999998,0.621999,0.8396414999999999,-0.012029993084118952,0.42324283333333335,0.2627136666666666,0.014999333333333309,kernfamilie_mit_feldzeitverdichtung
DOGE,start0_real_1000,,,,,,,,,,,real,0,detail,,,,,,,,,,,,2025,dio_07uk,10,3,field_stabil,6,0.018072289156626505,0.7509728333333333,0.14324633333333334,0.19442,0.5702675,2,0.006042296072507553,0.7594190000000001,0.145839,0.4452665,0.7747295000000001,2,0.006042296072507553,0.7585470000000001,0.15293600000000002,0.542204,0.810138,-0.012029993084118952,0.347784,0.2398705,0.00968966666666668,kernfamilie_mit_feldzeitverdichtung
DOGE,start0_real_1000,,,,,,,,,,,real,0,detail,,,,,,,,,,,,2025,dio_0obq,10,3,field_stabil,4,0.012048192771084338,0.72689775,0.16338575,0.12461975,0.49347474999999996,3,0.00906344410876133,0.737925,0.16540533333333332,0.38274199999999997,0.7532926666666667,3,0.00906344410876133,0.7392596666666668,0.16835166666666668,0.5305766666666667,0.8065083333333334,-0.002984748662323008,0.40595691666666667,0.3130335833333334,0.004965916666666681,kernfamilie_mit_feldzeitverdichtung
DOGE,start0_real_1000,,,,,,,,,,,real,0,detail,,,,,,,,,,,,2025,dio_1lsu,10,3,field_stabil,3,0.009036144578313253,0.7367353333333333,0.15050733333333333,0.08768066666666667,0.4283126666666666,4,0.012084592145015106,0.73785125,0.1641225,0.35460825,0.7361785,3,0.00906344410876133,0.7393256666666667,0.171431,0.5445193333333332,0.8090846666666667,2.729953044807755e-05,0.45683866666666656,0.38077200000000005,0.020923666666666674,kernfamilie_mit_feldzeitverdichtung
DOGE,start0_real_1000,,,,,,,,,,,real,0,detail,,,,,,,,,,,,2025,dio_1q85,10,3,field_stabil,2,0.006024096385542169,0.717892,0.1741155,0.04865,0.31104,3,0.00906344410876133,0.733971,0.16543866666666665,0.261645,0.6992696666666666,5,0.015105740181268883,0.7416024,0.1668202,0.48561540000000003,0.7913121999999999,0.009081643795726714,0.43696540000000006,0.4802721999999999,-0.0072953000000000046,kernfamilie_mit_feldzeitverdichtung
DOGE,start0_real_1000,,,,,,,,,,,real,0,detail,,,,,,,,,,,,2025,dio_09bn,10,3,field_stabil,2,0.006024096385542169,0.746739,0.1360205,0.0320835,0.309178,4,0.012084592145015106,0.7644267499999999,0.12749525,0.2573265,0.70306275,4,0.012084592145015106,0.7720325,0.1397815,0.49678425,0.79348375,0.006060495759472937,0.46470075,0.48430575000000003,0.0037610000000000143,kernfamilie_mit_feldzeitverdichtung
DOGE,start0_real_1000,,,,,,,,,,,real,0,detail,,,,,,,,,,,,2025,dio_1gp2,9,3,field_stabil,3,0.009036144578313253,0.72411,0.15730266666666667,0.07457933333333333,0.42436999999999997,4,0.012084592145015106,0.7401575,0.1620885,0.33584125,0.7366900000000001,2,0.006042296072507553,0.738598,0.163857,0.506821,0.7950885,-0.0029938485058056998,0.43224166666666664,0.3707185,0.006554333333333329,kernfamilie_mit_feldzeitverdichtung
DOGE,start0_real_1000,,,,,,,,,,,real,0,detail,,,,,,,,,,,,2025,dio_04uf,9,3,field_stabil,3,0.009036144578313253,0.708327,0.18102366666666667,0.08952633333333333,0.42767533333333335,2,0.006042296072507553,0.721519,0.1765655,0.29376250000000004,0.7119535,4,0.012084592145015106,0.73016975,0.174464,0.4693685,0.7816685,0.003048447566701853,0.3798421666666667,0.35399316666666664,-0.006559666666666658,kernfamilie_mit_feldzeitverdichtung
DOGE,start0_real_1000,,,,,,,,,,,real,0,detail,,,,,,,,,,,,2025,dio_0g2r,9,3,field_stabil,4,0.012048192771084338,0.733248,0.1502515,0.11879275,0.49082725,3,0.00906344410876133,0.7400263333333333,0.153829,0.3668396666666667,0.7437140000000001,2,0.006042296072507553,0.7491495,0.150033,0.49150249999999995,0.7980005,-0.006005896698576785,0.37270974999999995,0.30717325,-0.00021850000000001035,kernfamilie_mit_feldzeitverdichtung
DOGE,start0_real_1000,,,,,,,,,,,real,0,detail,,,,,,,,,,,,2025,dio_0oc3,9,3,field_stabil,1,0.0030120481927710845,0.690165,0.203399,0.0,0.0,2,0.006042296072507553,0.7180595000000001,0.1754235,0.142508,0.646729,6,0.01812688821752266,0.7301085,0.17538266666666666,0.4068751666666666,0.7615116666666667,0.015114840024751577,0.4068751666666666,0.7615116666666667,-0.028016333333333338,kernfamilie_mit_feldzeitverdichtung
DOGE,start0_real_1000,,,,,,,,,,,real,0,detail,,,,,,,,,,,,2025,dio_12fw,9,3,field_stabil,3,0.009036144578313253,0.710263,0.17625433333333332,0.087962,0.42596033333333333,2,0.006042296072507553,0.7210605,0.17748150000000001,0.290474,0.7094725,4,0.012084592145015106,0.7283317499999999,0.175647,0.45953774999999997,0.782042,0.003048447566701853,0.37157575,0.3560816666666667,-0.0006073333333333208,kernfamilie_mit_feldzeitverdichtung
DOGE,start0_real_1000,,,,,,,,,,,real,0,detail,,,,,,,,,,,,2025,dio_02xf,8,3,field_stabil,3,0.009036144578313253,0.721585,0.160488,0.09014,0.4324403333333333,1,0.0030211480362537764,0.732462,0.156844,0.256424,0.703181,4,0.012084592145015106,0.74011,0.1553945,0.41505925,0.764476,0.003048447566701853,0.32491925,0.33203566666666673,-0.005093500000000001,kernfamilie_mit_feldzeitverdichtung
DOGE,start0_real_1000,,,,,,,,,,,real,0,detail,,,,,,,,,,,,2025,dio_19pg,8,3,field_stabil,2,0.006024096385542169,0.7193085,0.164301,0.0490015,0.311025,1,0.0030211480362537764,0.726114,0.164522,0.189391,0.665573,5,0.015105740181268883,0.7317397999999999,0.1667174,0.3771928,0.7505402,0.009081643795726714,0.32819129999999996,0.4395152,0.0024163999999999852,kernfamilie_mit_feldzeitverdichtung
DOGE,start0_real_1000,,,,,,,,,,,real,0,detail,,,,,,,,,,,,2025,dio_17db,8,3,field_stabil,1,0.0030120481927710845,0.695748,0.198762,0.0,0.0,5,0.015105740181268883,0.7103874,0.189235,0.2303372,0.6900298,2,0.006042296072507553,0.7143200000000001,0.197593,0.440291,0.7776225,0.0030302478797364684,0.440291,0.7776225,-0.0011690000000000034,kernfamilie_mit_feldzeitverdichtung
DOGE,start0_real_1000,,,,,,,,,,,real,0,detail,,,,,,,,,,,,2025,dio_1kpz,8,3,field_stabil,1,0.0030120481927710845,0.735888,0.144691,0.0,0.0,1,0.0030211480362537764,0.754011,0.124534,0.085143,0.625042,6,0.01812688821752266,0.7595978333333333,0.13099033333333332,0.33615749999999994,0.7356205,0.015114840024751577,0.33615749999999994,0.7356205,-0.013700666666666667,kernfamilie_mit_feldzeitverdichtung
DOGE,start0_real_1000,,,,,,,,,,,real,0,detail,,,,,,,,,,,,2025,dio_0g3b,7,3,field_stabil,2,0.006024096385542169,0.7332190000000001,0.117384,0.0481705,0.314034,3,0.00906344410876133,0.7790493333333334,0.10834533333333334,0.26332700000000003,0.7026513333333333,2,0.006042296072507553,0.780755,0.11492649999999999,0.427981,0.7721095,1.8199686965383877e-05,0.3798105,0.4580755,-0.0024575000000000152,kernfamilie_mit_feldzeitverdichtung
DOGE,start0_real_1000,,,,,,,,,,,real,0,detail,,,,,,,,,,,,2025,dio_05ap,7,3,field_stabil,2,0.006024096385542169,0.7598615,0.1225475,0.0469505,0.313669,2,0.006042296072507553,0.7721925,0.116069,0.2254735,0.6869959999999999,3,0.00906344410876133,0.7729593333333332,0.121854,0.38429166666666664,0.7519756666666666,0.003039347723219161,0.33734116666666664,0.4383066666666666,-0.0006934999999999997,kernfamilie_mit_feldzeitverdichtung
DOGE,start0_real_1000,,,,,,,,,,,real,0,detail,,,,,,,,,,,,2025,dio_1xrt,7,3,field_stabil,3,0.009036144578313253,0.7410526666666666,0.14108033333333334,0.09174466666666665,0.430675,1,0.0030211480362537764,0.744576,0.147319,0.261645,0.698741,3,0.00906344410876133,0.7486173333333334,0.14829633333333334,0.39108566666666666,0.7529236666666667,2.729953044807755e-05,0.299341,0.3222486666666667,0.007216,kernfamilie_mit_feldzeitverdichtung
DOGE,start0_real_1000,,,,,,,,,,,real,0,detail,,,,,,,,,,,,2025,dio_1492,7,2,field_stabil,4,0.012048192771084338,0.757045,0.1265395,0.12336375,0.4991445,3,0.00906344410876133,0.7652993333333334,0.13005166666666665,0.3639206666666667,0.7454886666666667,0,0.0,0.0,0.0,0.0,0.0,-0.012048192771084338,-0.12336375,-0.4991445,-0.1265395,anschlussfaehige_oberflaeche
DOGE,start0_real_1000,,,,,,,,,,,real,0,detail,,,,,,,,,,,,2025,dio_1u5i,7,3,field_stabil,2,0.006024096385542169,0.737474,0.14167249999999998,0.0488905,0.314429,2,0.006042296072507553,0.747579,0.1370865,0.228607,0.685632,3,0.00906344410876133,0.7553523333333333,0.13641333333333336,0.38791133333333333,0.7552656666666667,0.003039347723219161,0.3390208333333333,0.4408366666666667,-0.00525916666666662,kernfamilie_mit_feldzeitverdichtung
DOGE,start0_real_1000,,,,,,,,,,,real,0,detail,,,,,,,,,,,,2025,dio_03uk,7,2,field_stabil,4,0.012048192771084338,0.75212775,0.13120975,0.12872375,0.49783225,3,0.00906344410876133,0.7644423333333332,0.12949766666666665,0.36926033333333336,0.7537243333333333,0,0.0,0.0,0.0,0.0,0.0,-0.012048192771084338,-0.12872375,-0.49783225,-0.13120975,anschlussfaehige_oberflaeche
DOGE,start0_null_random_1000,,,,,,,,,,,null_random,0,detail,,,,,,,,,,,,2025,dio_104t,94,3,field_stabil,29,0.08734939759036145,0.7430887931034483,0.15165389655172412,0.5269756896551724,0.7950534482758621,32,0.09667673716012085,0.76056890625,0.15909478125,0.77448296875,0.9166945625,33,0.09969788519637462,0.7602387878787878,0.16112363636363636,0.7964211515151515,0.930495696969697,0.012348487606013175,0.2694454618599791,0.13544224869383492,0.009469739811912237,kernfamilie_mit_feldzeitverdichtung
DOGE,start0_null_random_1000,,,,,,,,,,,null_random,0,detail,,,,,,,,,,,,2025,dio_0l7p,53,3,field_stabil,19,0.0572289156626506,0.7514772631578946,0.14102357894736842,0.4385094210526315,0.7488791052631578,17,0.0513595166163142,0.7663346470588236,0.14915870588235294,0.7543189411764706,0.9035959411764706,17,0.0513595166163142,0.7713607647058823,0.15064858823529412,0.8019020588235294,0.9260886470588234,-0.005869399046336397,0.36339263777089786,0.17720954179566561,0.009625009287925701,kernfamilie_mit_feldzeitverdichtung
DOGE,start0_null_random_1000,,,,,,,,,,,null_random,0,detail,,,,,,,,,,,,2025,dio_155c,44,3,field_stabil,12,0.03614457831325301,0.7390508333333333,0.15444883333333334,0.33658066666666664,0.68653875,13,0.03927492447129909,0.7536776923076923,0.16672646153846155,0.6942245384615385,0.8754533846153846,19,0.05740181268882175,0.7534727368421053,0.171093,0.7891184210526315,0.912151105263158,0.021257234375568743,0.4525377543859649,0.22561235526315804,0.016644166666666654,kernfamilie_mit_feldzeitverdichtung
DOGE,start0_null_random_1000,,,,,,,,,,,null_random,0,detail,,,,,,,,,,,,2025,dio_0m9z,42,3,field_stabil,17,0.05120481927710843,0.7224512941176471,0.17036547058823528,0.410227,0.7311355882352941,12,0.03625377643504532,0.7443456666666667,0.17677358333333335,0.7482349166666666,0.89556375,13,0.03927492447129909,0.7472258461538461,0.1787423846153846,0.7932225384615385,0.9174096923076923,-0.01192989480580934,0.38299553846153844,0.1862741040723982,0.008376914027149324,kernfamilie_mit_feldzeitverdichtung
DOGE,start0_null_random_1000,,,,,,,,,,,null_random,0,detail,,,,,,,,,,,,2025,dio_14wj,36,3,field_stabil,11,0.03313253012048193,0.7549976363636364,0.1285899090909091,0.3186560909090909,0.6763626363636364,15,0.045317220543806644,0.7737537333333333,0.13866713333333333,0.6986026666666666,0.8766717333333334,10,0.030211480362537766,0.7724522,0.1415014,0.7920547,0.9165886000000001,-0.0029210497579441642,0.4733986090909091,0.24022596363636373,0.012911490909090911,kernfamilie_mit_feldzeitverdichtung
DOGE,start0_null_random_1000,,,,,,,,,,,null_random,0,detail,,,,,,,,,,,,2025,dio_0h9h,35,3,field_stabil,14,0.04216867469879518,0.7598731428571428,0.13910507142857143,0.34329607142857144,0.7013309999999999,9,0.027190332326283987,0.7637612222222222,0.15490222222222222,0.6997396666666666,0.8782255555555556,12,0.03625377643504532,0.7607304166666666,0.1552255,0.78053975,0.9111116666666667,-0.005914898263749857,0.43724367857142854,0.20978066666666673,0.016120428571428563,kernfamilie_mit_feldzeitverdichtung
DOGE,start0_null_random_1000,,,,,,,,,,,null_random,0,detail,,,,,,,,,,,,2025,dio_17ct,19,3,field_stabil,6,0.018072289156626505,0.7369675,0.15404583333333335,0.20022533333333334,0.5735901666666666,4,0.012084592145015106,0.74683375,0.1633215,0.4956095,0.7967335,9,0.027190332326283987,0.7577984444444444,0.15784433333333334,0.6760791111111111,0.863908,0.009118043169657482,0.4758537777777777,0.2903178333333334,0.0037984999999999824,kernfamilie_mit_feldzeitverdichtung
DOGE,start0_null_random_1000,,,,,,,,,,,null_random,0,detail,,,,,,,,,,,,2025,dio_00ly,18,3,field_stabil,10,0.030120481927710843,0.7416554,0.1420267,0.2930087,0.6558394,4,0.012084592145015106,0.7580855,0.14979825,0.5975405,0.8364265,4,0.012084592145015106,0.758536,0.15329700000000002,0.706646,0.8771385,-0.018035889782695737,0.4136373,0.22129910000000008,0.01127030000000001,kernfamilie_mit_feldzeitverdichtung
DOGE,start0_null_random_1000,,,,,,,,,,,null_random,0,detail,,,,,,,,,,,,2025,dio_0pz6,17,3,field_stabil,7,0.02108433734939759,0.7484374285714287,0.13509614285714286,0.213181,0.5998135714285714,7,0.021148036253776436,0.7730565714285714,0.14260728571428571,0.5565875714285714,0.8223764285714286,3,0.00906344410876133,0.7623843333333333,0.15195033333333333,0.7049926666666666,0.8734806666666666,-0.012020893240636259,0.4918116666666666,0.2736670952380952,0.016854190476190467,kernfamilie_mit_feldzeitverdichtung
DOGE,start0_null_random_1000,,,,,,,,,,,null_random,0,detail,,,,,,,,,,,,2025,dio_00ja,15,3,field_stabil,1,0.0030120481927710845,0.710975,0.170829,0.0,0.0,9,0.027190332326283987,0.7316210000000001,0.16294955555555554,0.3271573333333333,0.7330645555555555,5,0.015105740181268883,0.7493596,0.1777596,0.623656,0.841077,0.012093691988497798,0.623656,0.841077,0.006930599999999981,kernfamilie_mit_feldzeitverdichtung
DOGE,start0_null_random_1000,,,,,,,,,,,null_random,0,detail,,,,,,,,,,,,2025,dio_06s7,14,3,field_stabil,6,0.018072289156626505,0.7426946666666666,0.129409,0.18395883333333332,0.5696293333333333,3,0.00906344410876133,0.7734380000000001,0.13438866666666668,0.4706996666666667,0.7926030000000001,5,0.015105740181268883,0.7677875999999999,0.1361598,0.6024994,0.8394684,-0.002966548975357622,0.4185405666666667,0.2698390666666667,0.006750800000000001,kernfamilie_mit_feldzeitverdichtung
DOGE,start0_null_random_1000,,,,,,,,,,,null_random,0,detail,,,,,,,,,,,,2025,dio_1lsu,13,3,field_stabil,8,0.024096385542168676,0.7240856250000001,0.15968125,0.2520645,0.62399475,3,0.00906344410876133,0.7555876666666667,0.163305,0.5581523333333334,0.8167043333333334,2,0.006042296072507553,0.7515895,0.1607575,0.6379254999999999,0.8465155,-0.018054089469661125,0.3858609999999999,0.22252074999999993,0.0010762500000000008,kernfamilie_mit_feldzeitverdichtung
DOGE,start0_null_random_1000,,,,,,,,,,,null_random,0,detail,,,,,,,,,,,,2025,dio_06er,13,3,field_stabil,6,0.018072289156626505,0.7508536666666666,0.1269245,0.187574,0.5743545,3,0.00906344410876133,0.7776436666666666,0.13211033333333333,0.4599706666666667,0.7846786666666666,4,0.012084592145015106,0.77303225,0.13210275,0.5830815,0.833823,-0.0059876970116113995,0.3955075,0.2594685,0.005178249999999995,kernfamilie_mit_feldzeitverdichtung
DOGE,start0_null_random_1000,,,,,,,,,,,null_random,0,detail,,,,,,,,,,,,2025,dio_0obq,13,3,field_stabil,6,0.018072289156626505,0.7211283333333333,0.16327566666666668,0.20214366666666664,0.5731878333333333,1,0.0030211480362537764,0.772341,0.158621,0.438731,0.772979,6,0.01812688821752266,0.7432783333333334,0.172623,0.5759666666666666,0.8254518333333333,5.45990608961551e-05,0.373823,0.25226399999999993,0.009347333333333319,kernfamilie_mit_feldzeitverdichtung
DOGE,start0_null_random_1000,,,,,,,,,,,null_random,0,detail,,,,,,,,,,,,2025,dio_1u5i,13,3,field_stabil,2,0.006024096385542169,0.7379125,0.140316,0.0492205,0.310834,2,0.006042296072507553,0.77426,0.1395945,0.224606,0.684574,9,0.027190332326283987,0.7628848888888888,0.14157577777777777,0.4967776666666667,0.7998822222222223,0.021166235940741816,0.4475571666666667,0.4890482222222223,0.0012597777777777763,kernfamilie_mit_feldzeitverdichtung
DOGE,start0_null_random_1000,,,,,,,,,,,null_random,0,detail,,,,,,,,,,,,2025,dio_0nlj,12,3,field_stabil,2,0.006024096385542169,0.7308405,0.1203985,0.0461665,0.3133615,6,0.01812688821752266,0.7704005,0.122521,0.33468416666666667,0.7347948333333334,4,0.012084592145015106,0.7742705,0.13153674999999998,0.57212325,0.827671,0.006060495759472937,0.52595675,0.5143095,0.011138249999999975,kernfamilie_mit_feldzeitverdichtung
DOGE,start0_null_random_1000,,,,,,,,,,,null_random,0,detail,,,,,,,,,,,,2025,dio_1gp2,12,3,field_stabil,5,0.015060240963855422,0.7249296000000001,0.1491586,0.15656399999999998,0.5376056,4,0.012084592145015106,0.74931125,0.16311925,0.42810425,0.7724395,3,0.00906344410876133,0.7367940000000001,0.167894,0.5651656666666667,0.8217479999999999,-0.0059967968550940914,0.4086016666666667,0.2841423999999999,0.018735399999999985,kernfamilie_mit_feldzeitverdichtung
DOGE,start0_null_random_1000,,,,,,,,,,,null_random,0,detail,,,,,,,,,,,,2025,dio_0tay,11,3,field_stabil,4,0.012048192771084338,0.73136775,0.1420315,0.13094975,0.49905225,3,0.00906344410876133,0.7499393333333333,0.15019033333333334,0.3774116666666667,0.751075,4,0.012084592145015106,0.7556842500000001,0.15061275,0.53936975,0.81427375,3.639937393076775e-05,0.40842,0.31522150000000004,0.008581249999999985,kernfamilie_mit_feldzeitverdichtung
DOGE,start0_null_random_1000,,,,,,,,,,,null_random,0,detail,,,,,,,,,,,,2025,dio_1q85,11,3,field_stabil,3,0.009036144578313253,0.7372773333333335,0.163489,0.085193,0.42696033333333333,5,0.015105740181268883,0.7446628000000001,0.1583464,0.3642288,0.7460806,3,0.00906344410876133,0.733475,0.181612,0.5555036666666667,0.8216943333333333,2.729953044807755e-05,0.4703106666666667,0.394734,0.018123,kernfamilie_mit_feldzeitverdichtung
DOGE,start0_null_random_1000,,,,,,,,,,,null_random,0,detail,,,,,,,,,,,,2025,dio_1ewh,10,3,field_stabil,5,0.015060240963855422,0.7233882,0.14783200000000002,0.15055079999999998,0.5392618,1,0.0030211480362537764,0.745525,0.150103,0.370074,0.750987,4,0.012084592145015106,0.7450205,0.15888825,0.50851125,0.7991550000000001,-0.002975648818840316,0.35796045,0.25989320000000005,0.01105624999999999,kernfamilie_mit_feldzeitverdichtung
DOGE,start0_null_random_1000,,,,,,,,,,,null_random,0,detail,,,,,,,,,,,,2025,dio_0kx9,10,3,field_stabil,5,0.015060240963855422,0.7507824,0.11915020000000001,0.1594698,0.5423888,4,0.012084592145015106,0.77217675,0.12184775,0.43404750000000003,0.77543125,1,0.0030211480362537764,0.766596,0.133497,0.562583,0.815739,-0.012039092927601646,0.40311320000000006,0.2733502,0.014346799999999993,kernfamilie_mit_feldzeitverdichtung
DOGE,start0_null_random_1000,,,,,,,,,,,null_random,0,detail,,,,,,,,,,,,2025,dio_19pg,10,3,field_stabil,3,0.009036144578313253,0.7270056666666666,0.16902399999999998,0.092839,0.4287323333333333,2,0.006042296072507553,0.725076,0.1699665,0.2986155,0.7168345,5,0.015105740181268883,0.7381606,0.1735004,0.5005428000000001,0.7970332,0.00606959560295563,0.40770380000000006,0.36830086666666667,0.004476400000000019,kernfamilie_mit_feldzeitverdichtung
DOGE,start0_null_random_1000,,,,,,,,,,,null_random,0,detail,,,,,,,,,,,,2025,dio_1sa0,10,3,field_stabil,2,0.006024096385542169,0.7318370000000001,0.1560705,0.0396725,0.3086155,4,0.012084592145015106,0.74260975,0.155799,0.278478,0.704446,4,0.012084592145015106,0.7396182499999999,0.1703405,0.4968725,0.7967887499999999,0.006060495759472937,0.4572,0.48817324999999995,0.014270000000000005,kernfamilie_mit_feldzeitverdichtung
DOGE,start0_null_random_1000,,,,,,,,,,,null_random,0,detail,,,,,,,,,,,,2025,dio_05yg,9,3,field_stabil,2,0.006024096385542169,0.665069,0.19357249999999998,0.0436665,0.306192,4,0.012084592145015106,0.71657725,0.18349975,0.29152174999999997,0.7090815,3,0.00906344410876133,0.7238483333333333,0.18446933333333335,0.4951006666666667,0.7922636666666666,0.003039347723219161,0.4514341666666667,0.48607166666666657,-0.009103166666666634,kernfamilie_mit_feldzeitverdichtung
DOGE,start0_null_random_1000,,,,,,,,,,,null_random,0,detail,,,,,,,,,,,,2025,dio_12fw,9,3,field_stabil,3,0.009036144578313253,0.7133333333333334,0.17227800000000001,0.07676666666666666,0.4197573333333333,4,0.012084592145015106,0.7259835,0.171839,0.3450325,0.732749,2,0.006042296072507553,0.722696,0.18264950000000002,0.507804,0.797284,-0.0029938485058056998,0.4310373333333334,0.3775266666666667,0.010371500000000006,kernfamilie_mit_feldzeitverdichtung
DOGE,start0_null_random_1000,,,,,,,,,,,null_random,0,detail,,,,,,,,,,,,2025,dio_1492,8,3,field_stabil,1,0.0030120481927710845,0.684964,0.14309,0.0,0.0,4,0.012084592145015106,0.765989,0.119906,0.21344725,0.6810715,3,0.00906344410876133,0.7722519999999999,0.12435800000000001,0.432641,0.7723049999999999,0.006051395915990246,0.432641,0.7723049999999999,-0.018731999999999985,kernfamilie_mit_feldzeitverdichtung
DOGE,start0_null_random_1000,,,,,,,,,,,null_random,0,detail,,,,,,,,,,,,2025,dio_03uk,8,3,field_stabil,5,0.015060240963855422,0.747565,0.1331346,0.1687782,0.5443863999999999,2,0.006042296072507553,0.775177,0.135128,0.407399,0.7646295000000001,1,0.0030211480362537764,0.763803,0.137736,0.483087,0.793271,-0.012039092927601646,0.3143088,0.2488846,0.0046014000000000055,kernfamilie_mit_feldzeitverdichtung
DOGE,start0_null_random_1000,,,,,,,,,,,null_random,0,detail,,,,,,,,,,,,2025,dio_0dd2,8,3,field_stabil,4,0.012048192771084338,0.749426,0.13795225,0.12724525,0.49912975,2,0.006042296072507553,0.7579255,0.14007550000000002,0.347664,0.7420955,2,0.006042296072507553,0.7846390000000001,0.147283,0.47018249999999995,0.7893945,-0.006005896698576785,0.34293724999999997,0.29026475,0.009330749999999999,kernfamilie_mit_feldzeitverdichtung
DOGE,start0_null_random_1000,,,,,,,,,,,null_random,0,detail,,,,,,,,,,,,2025,dio_14d9,8,2,field_stabil,0,0.0,0.0,0.0,0.0,0.0,7,0.021148036253776436,0.7450722857142856,0.14596871428571426,0.207078,0.5965619999999999,1,0.0030211480362537764,0.738124,0.168997,0.467318,0.782822,0.0030211480362537764,0.467318,0.782822,0.168997,phasenbruecke_lokal
DOGE,start0_null_random_1000,,,,,,,,,,,null_random,0,detail,,,,,,,,,,,,2025,dio_1fll,7,3,field_stabil,4,0.012048192771084338,0.758077,0.1171355,0.1266185,0.49804024999999996,1,0.0030211480362537764,0.778476,0.11465,0.324447,0.724185,2,0.006042296072507553,0.7797155,0.1144725,0.3985615,0.7609105,-0.006005896698576785,0.27194300000000005,0.2628702500000001,-0.0026629999999999987,kernfamilie_mit_feldzeitverdichtung
DOGE,start0_null_random_1000,,,,,,,,,,,null_random,0,detail,,,,,,,,,,,,2025,dio_01hu,7,3,field_stabil,4,0.012048192771084338,0.73324075,0.13966024999999999,0.13459675000000001,0.49897775,2,0.006042296072507553,0.754348,0.142955,0.3647825,0.7439534999999999,1,0.0030211480362537764,0.752762,0.149405,0.459825,0.780282,-0.009027044734830562,0.32522825,0.28130425000000003,0.009744750000000024,kernfamilie_mit_feldzeitverdichtung
DOGE,start0_null_random_1000,,,,,,,,,,,null_random,0,detail,,,,,,,,,,,,2025,dio_0jkk,7,3,field_stabil,1,0.0030120481927710845,0.696021,0.192574,0.0,0.0,5,0.015105740181268883,0.7086376,0.1864612,0.2373716,0.6927792,1,0.0030211480362537764,0.722102,0.181098,0.419898,0.764116,9.099843482691938e-06,0.419898,0.764116,-0.011475999999999986,kernfamilie_mit_feldzeitverdichtung
DOGE,start0_null_random_1000,,,,,,,,,,,null_random,0,detail,,,,,,,,,,,,2025,dio_1cic,7,2,field_stabil,5,0.015060240963855422,0.7527062,0.1421048,0.146673,0.5394576,0,0.0,0.0,0.0,0.0,0.0,2,0.006042296072507553,0.7563825,0.138901,0.3764035,0.7570805,-0.009017944891347869,0.2297305,0.21762290000000006,-0.0032038000000000066,phasenbruecke_lokal
DOGE,start0_null_random_1000,,,,,,,,,,,null_random,0,detail,,,,,,,,,,,,2025,dio_0fe7,6,3,field_stabil,2,0.006024096385542169,0.7081575,0.1463025,0.0494245,0.313723,2,0.006042296072507553,0.7560629999999999,0.1483365,0.2232915,0.6880310000000001,2,0.006042296072507553,0.7423029999999999,0.155035,0.36636599999999997,0.7446200000000001,1.8199686965383877e-05,0.3169415,0.4308970000000001,0.008732500000000004,kernfamilie_mit_feldzeitverdichtung
DOGE,start0_null_random_1000,,,,,,,,,,,null_random,0,detail,,,,,,,,,,,,2025,dio_1xrt,6,3,field_stabil,3,0.009036144578313253,0.7410983333333334,0.140945,0.08791333333333333,0.42737200000000003,2,0.006042296072507553,0.7432654999999999,0.14814,0.28680649999999996,0.713973,1,0.0030211480362537764,0.745709,0.15205,0.388143,0.76116,-0.006014996542059476,0.3002296666666667,0.3337879999999999,0.011105000000000004,kernfamilie_mit_feldzeitverdichtung
DOGE,start0_null_random_1000,,,,,,,,,,,null_random,0,detail,,,,,,,,,,,,2025,dio_0pq6,6,3,field_stabil,1,0.0030120481927710845,0.71828,0.164336,0.0,0.0,2,0.006042296072507553,0.7278184999999999,0.1581705,0.1423885,0.644909,3,0.00906344410876133,0.7286593333333333,0.16637133333333334,0.3347306666666667,0.7187073333333333,0.006051395915990246,0.3347306666666667,0.7187073333333333,0.0020353333333333334,kernfamilie_mit_feldzeitverdichtung
DOGE,start0_null_shuffle_1000,,,,,,,,,,,null_shuffle,0,detail,,,,,,,,,,,,2025,dio_104t,66,3,field_stabil,22,0.06626506024096386,0.7493271818181818,0.15423540909090908,0.47525777272727276,0.7649735454545454,27,0.08157099697885196,0.7556686296296297,0.161318,0.7674835925925926,0.9096791481481482,17,0.0513595166163142,0.7521655882352941,0.16648023529411765,0.8132257647058824,0.9303660588235294,-0.014905543624649659,0.3379679919786096,0.16539251336898397,0.012244826203208575,kernfamilie_mit_feldzeitverdichtung
DOGE,start0_null_shuffle_1000,,,,,,,,,,,null_shuffle,0,detail,,,,,,,,,,,,2025,dio_155c,47,3,field_stabil,22,0.06626506024096386,0.7452089090909091,0.16066877272727273,0.46654409090909094,0.7614053181818182,13,0.03927492447129909,0.7500688461538462,0.172864,0.7495646923076923,0.901050923076923,12,0.03625377643504532,0.74971775,0.17399991666666667,0.8145968333333333,0.9231983333333332,-0.03001128380591854,0.3480527424242424,0.161793015151515,0.013331143939393941,fruehe_familie_mit_nachhallrest
DOGE,start0_null_shuffle_1000,,,,,,,,,,,null_shuffle,0,detail,,,,,,,,,,,,2025,dio_0l7p,47,3,field_stabil,13,0.0391566265060241,0.7555590769230769,0.13751030769230768,0.35039246153846154,0.6972935384615385,17,0.0513595166163142,0.7615457058823529,0.1472529411764706,0.6980740588235295,0.8823261764705882,17,0.0513595166163142,0.768923,0.1483894705882353,0.7996217058823529,0.9216029411764707,0.012202890110290104,0.4492292443438914,0.22430940271493216,0.010879162895927608,kernfamilie_mit_feldzeitverdichtung
DOGE,start0_null_shuffle_1000,,,,,,,,,,,null_shuffle,0,detail,,,,,,,,,,,,2025,dio_0m9z,41,3,field_stabil,8,0.024096385542168676,0.7386136249999999,0.160447875,0.23111,0.6199965000000001,17,0.0513595166163142,0.7423557058823529,0.173195,0.6483335882352941,0.8584631176470588,16,0.04833836858006042,0.7406806875,0.180072,0.7803224375,0.9116205625,0.024241983037891747,0.5492124374999999,0.29162406249999995,0.01962412500000002,kernfamilie_mit_feldzeitverdichtung
DOGE,start0_null_shuffle_1000,,,,,,,,,,,null_shuffle,0,detail,,,,,,,,,,,,2025,dio_0h9h,40,3,field_stabil,12,0.03614457831325301,0.7489005,0.1419375,0.3230901666666667,0.6822508333333334,14,0.04229607250755287,0.7615400714285715,0.15197292857142858,0.7077626428571427,0.8811165,14,0.04229607250755287,0.7594824285714286,0.1565197857142857,0.7827005,0.9143381428571429,0.006151494194299861,0.45961033333333334,0.23208730952380952,0.014582285714285714,kernfamilie_mit_feldzeitverdichtung
DOGE,start0_null_shuffle_1000,,,,,,,,,,,null_shuffle,0,detail,,,,,,,,,,,,2025,dio_14wj,21,3,field_stabil,8,0.024096385542168676,0.7567165,0.129262875,0.241092125,0.620906375,8,0.02416918429003021,0.766993875,0.133097875,0.5885272500000001,0.835881125,5,0.015105740181268883,0.7764572000000001,0.13616679999999998,0.7331386,0.8835394000000001,-0.008990645360899793,0.492046475,0.2626330250000001,0.0069039249999999774,kernfamilie_mit_feldzeitverdichtung
DOGE,start0_null_shuffle_1000,,,,,,,,,,,null_shuffle,0,detail,,,,,,,,,,,,2025,dio_0pz6,21,3,field_stabil,9,0.02710843373493976,0.7626844444444445,0.1294608888888889,0.254251,0.640404,4,0.012084592145015106,0.76642175,0.14214725,0.5627305,0.8274889999999999,8,0.02416918429003021,0.76680625,0.145459125,0.697855,0.876787125,-0.002939249444909548,0.443604,0.23638312500000003,0.01599823611111109,kernfamilie_mit_feldzeitverdichtung
DOGE,start0_null_shuffle_1000,,,,,,,,,,,null_shuffle,0,detail,,,,,,,,,,,,2025,dio_1q85,19,3,field_stabil,3,0.009036144578313253,0.722965,0.16772466666666666,0.06413033333333334,0.4217593333333333,6,0.01812688821752266,0.7377641666666667,0.165468,0.37478049999999996,0.7514066666666667,10,0.030211480362537766,0.7404517,0.1740608,0.6362572,0.8523957,0.021175335784224515,0.5721268666666666,0.43063636666666666,0.006336133333333327,kernfamilie_mit_feldzeitverdichtung
DOGE,start0_null_shuffle_1000,,,,,,,,,,,null_shuffle,0,detail,,,,,,,,,,,,2025,dio_09bn,17,3,field_stabil,3,0.009036144578313253,0.7332733333333333,0.13528833333333334,0.09310466666666667,0.43076566666666666,4,0.012084592145015106,0.76082825,0.136626,0.358918,0.73898325,10,0.030211480362537766,0.7656004000000001,0.1420728,0.6116734,0.8395339999999999,0.021175335784224515,0.5185687333333333,0.40876833333333323,0.006784466666666655,kernfamilie_mit_feldzeitverdichtung
DOGE,start0_null_shuffle_1000,,,,,,,,,,,null_shuffle,0,detail,,,,,,,,,,,,2025,dio_17ct,17,3,field_stabil,5,0.015060240963855422,0.7447307999999999,0.14790160000000002,0.1607324,0.5390699999999999,5,0.015105740181268883,0.7491886,0.157531,0.4659744,0.7824768000000001,7,0.021148036253776436,0.7500238571428571,0.1659852857142857,0.6653141428571429,0.8570141428571428,0.006087795289921014,0.5045817428571429,0.3179441428571429,0.018083685714285674,kernfamilie_mit_feldzeitverdichtung
DOGE,start0_null_shuffle_1000,,,,,,,,,,,null_shuffle,0,detail,,,,,,,,,,,,2025,dio_06s7,16,3,field_stabil,5,0.015060240963855422,0.7584069999999999,0.125521,0.1656926,0.544735,6,0.01812688821752266,0.771697,0.13200866666666666,0.4854673333333333,0.7961988333333334,5,0.015105740181268883,0.7678428,0.13735,0.6522268,0.8567235999999999,4.5499217413461426e-05,0.48653420000000003,0.31198859999999995,0.011829000000000006,kernfamilie_mit_feldzeitverdichtung
DOGE,start0_null_shuffle_1000,,,,,,,,,,,null_shuffle,0,detail,,,,,,,,,,,,2025,dio_00ly,14,3,field_stabil,5,0.015060240963855422,0.7486564,0.13797779999999998,0.1664098,0.5395992,4,0.012084592145015106,0.75659475,0.144207,0.46395525,0.78460675,5,0.015105740181268883,0.7574428,0.1509458,0.6244676,0.8410408,4.5499217413461426e-05,0.4580578,0.3014416000000001,0.012968000000000007,kernfamilie_mit_feldzeitverdichtung
DOGE,start0_null_shuffle_1000,,,,,,,,,,,null_shuffle,0,detail,,,,,,,,,,,,2025,dio_1jc2,14,3,field_stabil,7,0.02108433734939759,0.7627132857142858,0.12017199999999999,0.2044087142857143,0.5971435714285713,3,0.00906344410876133,0.7709526666666666,0.125841,0.4886266666666666,0.8010069999999999,4,0.012084592145015106,0.77191825,0.1301695,0.61162875,0.84334475,-0.008999745204382483,0.4072200357142858,0.24620117857142865,0.009997500000000006,kernfamilie_mit_feldzeitverdichtung
DOGE,start0_null_shuffle_1000,,,,,,,,,,,null_shuffle,0,detail,,,,,,,,,,,,2025,dio_0tay,13,3,field_stabil,5,0.015060240963855422,0.7314554,0.1478124,0.165862,0.5425724,4,0.012084592145015106,0.75217825,0.15016449999999998,0.45038725,0.7793775000000001,4,0.012084592145015106,0.7498677499999999,0.16065000000000002,0.609643,0.8364085,-0.002975648818840316,0.44378100000000004,0.29383610000000004,0.012837600000000005,kernfamilie_mit_feldzeitverdichtung
DOGE,start0_null_shuffle_1000,,,,,,,,,,,null_shuffle,0,detail,,,,,,,,,,,,2025,dio_1kpz,13,3,field_stabil,4,0.012048192771084338,0.75173175,0.13073675,0.13053199999999998,0.49595900000000004,6,0.01812688821752266,0.7666363333333334,0.12960383333333333,0.44112666666666667,0.7787608333333332,3,0.00906344410876133,0.7641246666666667,0.14009233333333335,0.6152443333333334,0.8410673333333333,-0.002984748662323008,0.4847123333333334,0.34510833333333324,0.009355583333333334,kernfamilie_mit_feldzeitverdichtung
DOGE,start0_null_shuffle_1000,,,,,,,,,,,null_shuffle,0,detail,,,,,,,,,,,,2025,dio_1o4z,11,3,field_stabil,2,0.006024096385542169,0.727469,0.15396749999999998,0.0484515,0.3101705,5,0.015105740181268883,0.7391516,0.15515099999999998,0.324319,0.7254222,4,0.012084592145015106,0.7398545,0.16535625,0.5451425,0.817048,0.006060495759472937,0.496691,0.5068775,0.01138875000000003,kernfamilie_mit_feldzeitverdichtung
DOGE,start0_null_shuffle_1000,,,,,,,,,,,null_shuffle,0,detail,,,,,,,,,,,,2025,dio_07uk,11,3,field_stabil,4,0.012048192771084338,0.7479042499999999,0.14376325,0.130219,0.49165,1,0.0030211480362537764,0.756394,0.142841,0.326082,0.730131,6,0.01812688821752266,0.7557378333333333,0.15224200000000002,0.5078911666666667,0.7959156666666667,0.006078695446438322,0.3776721666666667,0.3042656666666667,0.008478750000000007,kernfamilie_mit_feldzeitverdichtung
DOGE,start0_null_shuffle_1000,,,,,,,,,,,null_shuffle,0,detail,,,,,,,,,,,,2025,dio_0kx9,11,2,field_stabil,0,0.0,0.0,0.0,0.0,0.0,6,0.01812688821752266,0.7663165,0.11418316666666667,0.19502516666666667,0.5735531666666667,5,0.015105740181268883,0.7779846,0.1233142,0.5060042,0.8017434,0.015105740181268883,0.5060042,0.8017434,0.1233142,phasenbruecke_lokal
DOGE,start0_null_shuffle_1000,,,,,,,,,,,null_shuffle,0,detail,,,,,,,,,,,,2025,dio_1lsu,10,3,field_stabil,6,0.018072289156626505,0.7261540000000001,0.155862,0.169627,0.5679205,2,0.006042296072507553,0.7321605,0.1729005,0.425074,0.774215,2,0.006042296072507553,0.7357315,0.17562,0.531229,0.813272,-0.012029993084118952,0.361602,0.24535149999999994,0.019757999999999998,kernfamilie_mit_feldzeitverdichtung
DOGE,start0_null_shuffle_1000,,,,,,,,,,,null_shuffle,0,detail,,,,,,,,,,,,2025,dio_0nlj,10,3,field_stabil,4,0.012048192771084338,0.75140325,0.1173495,0.135341,0.497908,2,0.006042296072507553,0.7694225,0.1242665,0.3632165,0.7423420000000001,4,0.012084592145015106,0.770286,0.13050699999999998,0.51951775,0.8040585,3.639937393076775e-05,0.38417675,0.3061505,0.013157499999999989,kernfamilie_mit_feldzeitverdichtung
DOGE,start0_null_shuffle_1000,,,,,,,,,,,null_shuffle,0,detail,,,,,,,,,,,,2025,dio_0obq,10,3,field_stabil,4,0.012048192771084338,0.72697225,0.16411150000000002,0.12484825000000001,0.49415775,1,0.0030211480362537764,0.747037,0.14911,0.306034,0.718353,5,0.015105740181268883,0.7403145999999999,0.1660038,0.472668,0.7880908,0.003057547410184545,0.34781975,0.29393305,0.0018922999999999857,kernfamilie_mit_feldzeitverdichtung
DOGE,start0_null_shuffle_1000,,,,,,,,,,,null_shuffle,0,detail,,,,,,,,,,,,2025,dio_06er,10,3,field_stabil,4,0.012048192771084338,0.7566977500000001,0.12848375,0.13502075,0.49979450000000003,4,0.012084592145015106,0.76648775,0.131773,0.412807,0.765145,2,0.006042296072507553,0.7685405000000001,0.13631349999999998,0.556649,0.81403,-0.006005896698576785,0.4216282499999999,0.3142355,0.007829749999999969,kernfamilie_mit_feldzeitverdichtung
DOGE,start0_null_shuffle_1000,,,,,,,,,,,null_shuffle,0,detail,,,,,,,,,,,,2025,dio_19pg,10,3,field_stabil,4,0.012048192771084338,0.7206235000000001,0.16707125,0.13042625,0.49793849999999995,4,0.012084592145015106,0.72938625,0.17172625,0.39818025,0.76079975,2,0.006042296072507553,0.7305155000000001,0.17798049999999999,0.5497735,0.816177,-0.006005896698576785,0.41934725000000006,0.3182385000000001,0.010909249999999981,kernfamilie_mit_feldzeitverdichtung
DOGE,start0_null_shuffle_1000,,,,,,,,,,,null_shuffle,0,detail,,,,,,,,,,,,2025,dio_05yg,10,3,field_stabil,3,0.009036144578313253,0.7066213333333332,0.18447033333333332,0.09134833333333332,0.4276323333333334,4,0.012084592145015106,0.71223975,0.191192,0.35537725,0.74031975,3,0.00906344410876133,0.7245956666666666,0.18558066666666664,0.5331373333333334,0.8094783333333333,2.729953044807755e-05,0.44178900000000004,0.3818459999999999,0.0011103333333333243,kernfamilie_mit_feldzeitverdichtung
DOGE,start0_null_shuffle_1000,,,,,,,,,,,null_shuffle,0,detail,,,,,,,,,,,,2025,dio_00ja,9,3,field_stabil,5,0.015060240963855422,0.7228046,0.1709926,0.1596562,0.539046,3,0.00906344410876133,0.7312956666666667,0.16819099999999998,0.42882099999999995,0.7722576666666666,1,0.0030211480362537764,0.734689,0.17048,0.523807,0.805293,-0.012039092927601646,0.3641508,0.266247,-0.0005126000000000019,kernfamilie_mit_feldzeitverdichtung
DOGE,start0_null_shuffle_1000,,,,,,,,,,,null_shuffle,0,detail,,,,,,,,,,,,2025,dio_1cic,9,3,field_stabil,4,0.012048192771084338,0.7404470000000001,0.14001,0.10234975,0.4906775,3,0.00906344410876133,0.7535003333333333,0.13948733333333332,0.3536056666666667,0.7473336666666667,2,0.006042296072507553,0.7481205,0.151425,0.502516,0.8022115000000001,-0.006005896698576785,0.40016624999999995,0.3115340000000001,0.011415000000000008,kernfamilie_mit_feldzeitverdichtung
DOGE,start0_null_shuffle_1000,,,,,,,,,,,null_shuffle,0,detail,,,,,,,,,,,,2025,dio_1ewh,9,3,field_stabil,2,0.006024096385542169,0.727069,0.1539015,0.0320835,0.309469,4,0.012084592145015106,0.7453215,0.14508025,0.25774225,0.7057582499999999,3,0.00906344410876133,0.7434983333333333,0.15798833333333331,0.4751906666666667,0.785759,0.003039347723219161,0.4431071666666667,0.47629,0.004086833333333317,kernfamilie_mit_feldzeitverdichtung
DOGE,start0_null_shuffle_1000,,,,,,,,,,,null_shuffle,0,detail,,,,,,,,,,,,2025,dio_1u5i,9,2,field_stabil,0,0.0,0.0,0.0,0.0,0.0,3,0.00906344410876133,0.7424136666666666,0.13575933333333334,0.08717766666666667,0.42582666666666663,6,0.01812688821752266,0.7610678333333333,0.13545316666666665,0.37455883333333334,0.7544721666666666,0.01812688821752266,0.37455883333333334,0.7544721666666666,0.13545316666666665,phasenbruecke_lokal
DOGE,start0_null_shuffle_1000,,,,,,,,,,,null_shuffle,0,detail,,,,,,,,,,,,2025,dio_1oc2,8,3,field_stabil,3,0.009036144578313253,0.7323953333333333,0.15405366666666667,0.09351466666666668,0.42908666666666667,1,0.0030211480362537764,0.746562,0.148655,0.266112,0.692792,4,0.012084592145015106,0.74438425,0.157339,0.42731625,0.764742,0.003048447566701853,0.3338015833333333,0.33565533333333336,0.0032853333333333345,kernfamilie_mit_feldzeitverdichtung
DOGE,start0_null_shuffle_1000,,,,,,,,,,,null_shuffle,0,detail,,,,,,,,,,,,2025,dio_0pxr,8,3,field_stabil,3,0.009036144578313253,0.7157486666666667,0.1743053333333333,0.093459,0.4309176666666666,1,0.0030211480362537764,0.718756,0.182199,0.265414,0.694416,4,0.012084592145015106,0.72855475,0.17720125,0.41029275,0.741344,0.003048447566701853,0.31683374999999997,0.3104263333333334,0.0028959166666666925,kernfamilie_mit_feldzeitverdichtung
DOGE,start0_null_shuffle_1000,,,,,,,,,,,null_shuffle,0,detail,,,,,,,,,,,,2025,dio_04uf,8,3,field_stabil,4,0.012048192771084338,0.72008275,0.171068,0.13389375,0.49463075,3,0.00906344410876133,0.7268213333333334,0.17527233333333334,0.3828213333333333,0.7471420000000001,1,0.0030211480362537764,0.731236,0.176735,0.497827,0.791343,-0.009027044734830562,0.36393325,0.29671225,0.005667000000000005,kernfamilie_mit_feldzeitverdichtung
DOGE,start0_null_shuffle_1000,,,,,,,,,,,null_shuffle,0,detail,,,,,,,,,,,,2025,dio_1492,7,3,field_stabil,4,0.012048192771084338,0.7604605,0.12355325,0.1334505,0.49958475,1,0.0030211480362537764,0.764678,0.129151,0.328278,0.728508,2,0.006042296072507553,0.769555,0.128936,0.42665200000000003,0.7650509999999999,-0.006005896698576785,0.2932015,0.2654662499999999,0.005382749999999992,kernfamilie_mit_feldzeitverdichtung
DOGE,start0_null_shuffle_1000,,,,,,,,,,,null_shuffle,0,detail,,,,,,,,,,,,2025,dio_0oc3,7,2,field_stabil,2,0.006024096385542169,0.701938,0.1899675,0.0481705,0.3082035,5,0.015105740181268883,0.73222,0.169367,0.3111424,0.7240972,0,0.0,0.0,0.0,0.0,0.0,-0.006024096385542169,-0.0481705,-0.3082035,-0.1899675,anschlussfaehige_oberflaeche
DOGE,start0_null_shuffle_1000,,,,,,,,,,,null_shuffle,0,detail,,,,,,,,,,,,2025,dio_0z9t,7,3,field_stabil,2,0.006024096385542169,0.733946,0.1550445,0.045147,0.312069,3,0.00906344410876133,0.748964,0.14636933333333332,0.2590456666666667,0.7025636666666667,2,0.006042296072507553,0.7531095,0.152424,0.4274435,0.767856,1.8199686965383877e-05,0.3822965,0.455787,-0.002620499999999998,kernfamilie_mit_feldzeitverdichtung
DOGE,start0_null_shuffle_1000,,,,,,,,,,,null_shuffle,0,detail,,,,,,,,,,,,2025,dio_1772,7,3,field_stabil,2,0.006024096385542169,0.7020255,0.187846,0.0462295,0.309933,2,0.006042296072507553,0.7249665000000001,0.1700595,0.22301100000000001,0.6866485,3,0.00906344410876133,0.7218076666666667,0.18250266666666667,0.396075,0.7578983333333333,0.003039347723219161,0.34984550000000003,0.4479653333333333,-0.005343333333333339,kernfamilie_mit_feldzeitverdichtung
DOGE,start0_null_shuffle_1000,,,,,,,,,,,null_shuffle,0,detail,,,,,,,,,,,,2025,dio_18im,7,3,field_stabil,1,0.0030120481927710845,0.711788,0.180928,0.0,0.0,3,0.00906344410876133,0.7366446666666667,0.16916333333333333,0.18300166666666665,0.6635686666666666,3,0.00906344410876133,0.7393456666666666,0.16715866666666668,0.386928,0.752348,0.006051395915990246,0.386928,0.752348,-0.013769333333333328,kernfamilie_mit_feldzeitverdichtung
