preview_symbol,role_reading,count,world_count,depth_score,top_world,top_world_share,top_worlds,milieu_counts,grundrolle_score,uebergangsrolle_score,milieurolle_score,nebenrolle_score,quiet_share,stress_share,shift_share,stress_shift_share,top_milieu_share,distribution_entropy
dio_mcm_episode_1rj8742,breite_grundrolle,17014,37,0.726215,REAL_FOLLOW_BTC_6000,0.090925,REAL_FOLLOW_BTC_6000:1547;BTC_STRESS_2025_5M:870;REAL_FOLLOW_XRP_6000:838;REAL_FOLLOW_DOGE_6000:750;BTC_FIELD_QUIET_04:718;BTC_LONG_2024_5M_QUIET:694;REAL_FOLLOW_SOL_6000:682;FOLLOW_KAS_2024_5M_2000:660;PAXG_1H_A:645;BTC_FIELD_QUIET_05:571,quiet:3766;btc:3646;paxg:1937;xrp:1908;doge:1693;shift:1478;sol:993;stress:933;other:660,0.932398,0.573299,0.172651,0.0,0.221347,0.054837,0.08687,0.141707,0.221347,0.93281
dio_mcm_episode_0icnf2v,breite_grundrolle,90718,36,0.827807,REAL_TIME_2023_SOL_ALTSEQ_A,0.075762,REAL_TIME_2023_SOL_ALTSEQ_A:6873;FOLLOW_DOGE_2024_5M_2000:6679;REAL_FOLLOW_DOGE_6000:6538;FOLLOW_XRP_2024_5M_2000:6192;REAL_FOLLOW_BTC_6000:5866;BTC_10K_A:5850;SOL_10K_A:5602;REAL_FOLLOW_SOL_6000:5581;REAL_FOLLOW_XRP_6000:4315;REAL_TIME_2024_BTC_5M:4261,sol:21480;btc:16165;xrp:13833;doge:13325;quiet:11832;paxg:8873;stress:4643;other:461;shift:106,0.9003,0.341466,0.184687,0.0,0.130426,0.051181,0.001168,0.052349,0.236778,0.863315
dio_mcm_episode_1qlxgj7,breite_grundrolle,10973,38,0.714169,FOLLOW_DOGE_2024_5M_2000,0.101066,FOLLOW_DOGE_2024_5M_2000:1109;REAL_FOLLOW_SOL_6000:1032;REAL_FOLLOW_DOGE_6000:921;REAL_FOLLOW_XRP_6000:890;FOLLOW_XRP_2024_5M_2000:719;REAL_TIME_2024_XRP:700;REAL_TIME_2023_SOL_ALTSEQ_A:683;SOL_10K_A:683;REAL_TIME_2024_BTC_5M:629;QUIET_NEAR_PAXG2024_1H:386,sol:2440;xrp:2404;doge:2166;btc:1705;quiet:1281;shift:470;stress:249;paxg:151;other:107,0.881327,0.368007,0.173444,0.0,0.116741,0.022692,0.042832,0.065524,0.222364,0.842992
dio_mcm_episode_0wo0tz1,breite_grundrolle,4661,27,0.671911,BTC_FIELD_QUIET_03,0.094829,BTC_FIELD_QUIET_03:442;BTC_STRESS_2025_5M:419;BTC_STRESS_2024_5M:401;XRP_1H_A:330;FOLLOW_PAXG_2024_5M_2000:327;REAL_TIME_2024_PAXG:327;BTC_10K_A:313;BTC_LONG_2024_5M_QUIET:289;REAL_FOLLOW_DOGE_6000:245;BTC_SHIFT_2025_15M_16000_17000:221,stress:820;quiet:783;paxg:720;btc:692;doge:690;xrp:510;shift:439;sol:7,0.81083,0.768213,0.127591,0.07103,0.16799,0.175928,0.094186,0.270114,0.175928,0.930173
dio_mcm_episode_12tgchq,breite_grundrolle,21382,23,0.826536,SOL_10K_A,0.127303,SOL_10K_A:2722;REAL_FOLLOW_XRP_6000:2518;REAL_FOLLOW_SOL_6000:2256;REAL_TIME_2024_SOL_ALTSEQ_A:2172;BTC_10K_A:1848;FOLLOW_XRP_2024_5M_2000:1645;REAL_TIME_2023_SOL_ALTSEQ_A:1535;FOLLOW_DOGE_2024_5M_2000:1240;REAL_FOLLOW_DOGE_6000:1023;REAL_FOLLOW_BTC_6000:806,sol:8685;xrp:4896;btc:3255;doge:2263;quiet:1360;stress:578;paxg:340;shift:5,0.747561,0.229794,0.325337,0.033351,0.063605,0.027032,0.000234,0.027266,0.406183,0.754236
dio_mcm_episode_0iwh9d2,breite_grundrolle,11006,20,0.834831,REAL_FOLLOW_PAXG_6000,0.257223,REAL_FOLLOW_PAXG_6000:2831;PAXG_1846_A:2460;BTC_LONG_2025_5M_QUIET:742;QUIET_NEAR_BTC_1869:742;REAL_FOLLOW_XRP_6000:649;REAL_TIME_2024_BTC_5M:565;BTC_10K_A:545;FOLLOW_XRP_2024_5M_2000:493;QUIET_NEAR_BTC_FIELD_01:484;REAL_TIME_2024_XRP:472,paxg:5471;quiet:2616;xrp:1614;btc:1113;doge:127;sol:65,0.663972,0.154858,0.402563,0.047465,0.237689,0.0,0.0,0.0,0.497092,0.716617
dio_mcm_episode_0tfzgic,breite_grundrolle,7966,27,0.692362,REAL_TIME_2024_SOL_ALTSEQ_A,0.226462,REAL_TIME_2024_SOL_ALTSEQ_A:1804;BTC_LONG_2025_5M_QUIET:1320;QUIET_NEAR_BTC_1869:1317;QUIET_NEAR_PAXG2025_1H:723;QUIET_NEAR_PAXG2024_1H:603;BTC_FIELD_QUIET_02:503;DOGE_1H_A:297;BTC_1H_B:290;REAL_TIME_2023_SOL_ALTSEQ_A:226;FOLLOW_KAS_2024_5M_2000:223,quiet:4601;sol:2030;btc:559;doge:329;other:223;paxg:73;shift:69;xrp:52;stress:30,0.645426,0.156579,0.445464,0.033206,0.57758,0.003766,0.008662,0.012428,0.57758,0.555969
dio_mcm_episode_0nu3wih,breite_grundrolle,2911,19,0.621647,QUIET_NEAR_PAXG2025_1H,0.240124,QUIET_NEAR_PAXG2025_1H:699;FOLLOW_KAS_2024_5M_2000:449;QUIET_NEAR_BTC_FIELD_01:432;SOL_10K_A:406;REAL_TIME_2024_SOL_ALTSEQ_A:219;XRP_1H_A:161;BTC_SHIFT_2025_30M_10000_11000:155;BTC_1H_B:88;BTC_STRESS_2024_5M:67;DOGE_1H_B:64,quiet:1213;sol:649;other:449;xrp:161;shift:155;doge:118;btc:96;stress:70,0.594884,0.281202,0.293414,0.139738,0.416695,0.024047,0.053246,0.077293,0.416695,0.78678
dio_mcm_episode_1eav7xq,breite_grundrolle,304,36,0.704901,FOLLOW_XRP_2024_5M_2000,0.078947,FOLLOW_XRP_2024_5M_2000:24;REAL_FOLLOW_DOGE_6000:23;REAL_TIME_2024_XRP:21;SOL_10K_A:17;FOLLOW_DOGE_2024_5M_2000:16;REAL_FOLLOW_SOL_6000:16;REAL_TIME_2024_BTC_5M:15;QUIET_NEAR_PAXG2024_1H:14;REAL_FOLLOW_XRP_6000:14;REAL_FOLLOW_BTC_6000:12,xrp:69;btc:54;sol:51;doge:47;quiet:44;shift:14;paxg:14;stress:11,0.577317,0.265419,0.109892,0.246533,0.144737,0.036184,0.046053,0.082237,0.226974,0.920925
dio_mcm_episode_0vcr3lw,breite_grundrolle,263,35,0.695438,REAL_TIME_2023_SOL_ALTSEQ_A,0.068441,REAL_TIME_2023_SOL_ALTSEQ_A:18;FOLLOW_DOGE_2024_5M_2000:17;FOLLOW_XRP_2024_5M_2000:17;SOL_10K_A:17;REAL_FOLLOW_SOL_6000:16;DOGE_1H_B:13;REAL_FOLLOW_DOGE_6000:13;REAL_TIME_2024_XRP:13;QUIET_NEAR_PAXG2024_1H:11;REAL_FOLLOW_XRP_6000:10,sol:51;doge:47;xrp:45;quiet:37;btc:34;paxg:27;stress:13;shift:9,0.572798,0.264463,0.091507,0.256757,0.140684,0.04943,0.034221,0.08365,0.193916,0.945504
dio_mcm_episode_0bsaqu1,breite_grundrolle,284,37,0.68667,SOL_10K_A,0.077465,SOL_10K_A:22;FOLLOW_XRP_2024_5M_2000:20;REAL_FOLLOW_DOGE_6000:19;REAL_TIME_2024_XRP:16;REAL_FOLLOW_SOL_6000:15;FOLLOW_DOGE_2024_5M_2000:13;REAL_TIME_2023_SOL_ALTSEQ_A:13;BTC_STRESS_2024_5M:12;REAL_TIME_2024_BTC_5M:11;BTC_10K_A:10,xrp:54;sol:54;btc:45;doge:44;quiet:37;paxg:20;stress:18;shift:11;other:1,0.565019,0.288839,0.090963,0.251336,0.130282,0.06338,0.038732,0.102113,0.190141,0.903464
dio_mcm_episode_1yxc2ug,breite_grundrolle,958,21,0.734935,REAL_FOLLOW_XRP_6000,0.175365,REAL_FOLLOW_XRP_6000:168;FOLLOW_DOGE_2024_5M_2000:126;REAL_FOLLOW_DOGE_6000:115;REAL_FOLLOW_SOL_6000:113;SOL_10K_A:100;QUIET_NEAR_PAXG2024_1H:62;FOLLOW_XRP_2024_5M_2000:44;REAL_TIME_2024_XRP:44;BTC_10K_A:35;REAL_TIME_2024_BTC_5M:31,xrp:256;sol:254;doge:241;btc:87;quiet:86;other:25;stress:9,0.558831,0.15146,0.16068,0.208066,0.08977,0.009395,0.0,0.009395,0.267223,0.835104
dio_mcm_episode_0vig3jz,breite_grundrolle,12113,9,0.831698,REAL_TIME_2024_PAXG,0.234129,REAL_TIME_2024_PAXG:2836;REAL_TIME_2024_BTC_5M:2302;REAL_TIME_2024_SOL_ALTSEQ_A:1855;REAL_FOLLOW_PAXG_6000:1748;PAXG_1846_A:1722;QUIET_NEAR_PAXG2024_1H:723;REAL_FOLLOW_BTC_6000:713;BTC_LONG_2025_5M_QUIET:107;QUIET_NEAR_BTC_1869:107,paxg:6306;btc:3015;sol:1855;quiet:937,0.532391,0.133917,0.447986,0.128105,0.077355,0.0,0.0,0.0,0.520598,0.844925
dio_mcm_episode_08g1nk4,breite_grundrolle,225,32,0.684564,FOLLOW_XRP_2024_5M_2000,0.084444,FOLLOW_XRP_2024_5M_2000:19;REAL_TIME_2024_XRP:18;FOLLOW_DOGE_2024_5M_2000:17;BTC_10K_A:16;REAL_FOLLOW_DOGE_6000:14;REAL_TIME_2024_BTC_5M:14;REAL_FOLLOW_XRP_6000:12;SOL_10K_A:12;REAL_TIME_2023_SOL_ALTSEQ_A:11;BTC_STRESS_2025_5M:9,xrp:54;btc:41;doge:39;sol:39;quiet:27;stress:11;paxg:8;shift:4;other:2,0.527428,0.220847,0.110082,0.26777,0.12,0.048889,0.017778,0.066667,0.24,0.862243
dio_mcm_episode_0hvxln3,breite_grundrolle,197,34,0.690655,REAL_TIME_2023_SOL_ALTSEQ_A,0.101523,REAL_TIME_2023_SOL_ALTSEQ_A:20;SOL_10K_A:15;BTC_10K_A:14;FOLLOW_DOGE_2024_5M_2000:14;FOLLOW_XRP_2024_5M_2000:12;REAL_FOLLOW_SOL_6000:12;REAL_FOLLOW_DOGE_6000:9;REAL_FOLLOW_PAXG_6000:9;REAL_FOLLOW_XRP_6000:9;BTC_LONG_2024_5M_QUIET:7,sol:50;doge:31;btc:29;xrp:27;quiet:26;paxg:25;stress:5;shift:4,0.526251,0.193581,0.113559,0.277149,0.13198,0.025381,0.020305,0.045685,0.253807,0.911321
dio_mcm_episode_14sn1ov,breite_grundrolle,234,28,0.719049,BTC_10K_A,0.094017,BTC_10K_A:22;FOLLOW_XRP_2024_5M_2000:21;FOLLOW_DOGE_2024_5M_2000:20;REAL_TIME_2024_XRP:19;SOL_10K_A:19;REAL_FOLLOW_DOGE_6000:17;REAL_FOLLOW_SOL_6000:17;REAL_FOLLOW_XRP_6000:17;REAL_TIME_2024_BTC_5M:15;REAL_TIME_2023_SOL_ALTSEQ_A:10,xrp:60;sol:56;btc:50;doge:39;quiet:14;stress:10;shift:5,0.513239,0.212356,0.119748,0.278488,0.059829,0.042735,0.021368,0.064103,0.25641,0.876185
dio_mcm_episode_1aejc9m,breite_grundrolle,255,20,0.501513,SOL_10K_A,0.137255,SOL_10K_A:35;BTC_SHIFT_2025_30M_10000_11000:32;BTC_LONG_2024_5M_QUIET:26;FOLLOW_KAS_2024_5M_2000:23;REAL_FOLLOW_XRP_6000:22;QUIET_NEAR_PAXG2024_1H:18;REAL_TIME_2023_SOL_ALTSEQ_A:18;BTC_1H_B:14;DOGE_1H_B:14;FOLLOW_DOGE_2024_5M_2000:11,sol:72;quiet:50;shift:34;btc:26;doge:25;xrp:24;other:23;paxg:1,0.467218,0.28313,0.137569,0.306402,0.196078,0.0,0.133333,0.133333,0.282353,0.897739
dio_mcm_episode_0b8eoy2,breite_grundrolle,199,24,0.732316,FOLLOW_DOGE_2024_5M_2000,0.105528,FOLLOW_DOGE_2024_5M_2000:21;REAL_FOLLOW_XRP_6000:20;REAL_FOLLOW_SOL_6000:19;REAL_TIME_2024_BTC_5M:16;SOL_10K_A:16;BTC_10K_A:15;FOLLOW_XRP_2024_5M_2000:15;REAL_TIME_2024_XRP:15;REAL_TIME_2023_SOL_ALTSEQ_A:11;REAL_FOLLOW_DOGE_6000:10,xrp:52;sol:51;btc:43;doge:31;stress:9;quiet:8;shift:4;other:1,0.45589,0.189999,0.11988,0.305489,0.040201,0.045226,0.020101,0.065327,0.261307,0.814963
dio_mcm_episode_1fdlu6e,breite_grundrolle,2542,11,0.821569,REAL_TIME_2024_BTC_5M,0.397325,REAL_TIME_2024_BTC_5M:1010;QUIET_NEAR_PAXG2024_1H:715;REAL_FOLLOW_BTC_6000:285;REAL_FOLLOW_XRP_6000:154;REAL_TIME_2024_SOL_ALTSEQ_A:145;REAL_FOLLOW_DOGE_6000:129;REAL_TIME_2024_PAXG:53;REAL_FOLLOW_PAXG_6000:19;PAXG_1846_A:14;BTC_LONG_2025_5M_QUIET:9,btc:1295;quiet:733;xrp:154;sol:145;doge:129;paxg:86,0.430737,0.106938,0.367671,0.204499,0.288356,0.0,0.0,0.0,0.509441,0.726235
dio_mcm_episode_0ca57t8,uebergangsrolle,411,12,0.768031,REAL_FOLLOW_PAXG_6000,0.221411,REAL_FOLLOW_PAXG_6000:91;BTC_STRESS_2024_5M:66;BTC_1H_A:65;BTC_LONG_2024_5M_QUIET:50;QUIET_NEAR_BTC_FIELD_01:39;BTC_SHIFT_2025_30M_10000_11000:38;DOGE_1H_B:19;DOGE_1H_A:14;BTC_SHIFT_2025_1H_4000_5000:12;BTC_1H_C:10,quiet:92;paxg:91;btc:79;stress:66;shift:50;doge:33,0.425132,0.431006,0.1232,0.324303,0.223844,0.160584,0.121655,0.282238,0.223844,0.970188
dio_mcm_episode_15z3zml,breite_grundrolle,168,21,0.707021,SOL_10K_A,0.125,SOL_10K_A:21;REAL_FOLLOW_SOL_6000:20;REAL_FOLLOW_XRP_6000:17;FOLLOW_DOGE_2024_5M_2000:15;BTC_10K_A:13;REAL_TIME_2024_BTC_5M:12;REAL_TIME_2023_SOL_ALTSEQ_A:11;BTC_STRESS_2024_5M:9;REAL_FOLLOW_DOGE_6000:9;FOLLOW_XRP_2024_5M_2000:8,sol:55;btc:33;xrp:33;doge:24;stress:13;quiet:4;shift:3;other:3,0.422122,0.212394,0.146932,0.330925,0.02381,0.077381,0.017857,0.095238,0.327381,0.824107
dio_mcm_episode_16bqw8k,breite_grundrolle,75,25,0.445758,FOLLOW_XRP_2024_5M_2000,0.093333,FOLLOW_XRP_2024_5M_2000:7;REAL_TIME_2023_SOL_ALTSEQ_A:7;REAL_TIME_2024_XRP:7;BTC_STRESS_2025_5M:5;FOLLOW_DOGE_2024_5M_2000:5;REAL_FOLLOW_DOGE_6000:5;BTC_10K_A:4;BTC_LONG_2024_5M_QUIET:4;REAL_FOLLOW_XRP_6000:4;REAL_TIME_2024_SOL_ALTSEQ_A:4,xrp:20;sol:15;doge:12;quiet:8;btc:7;stress:6;paxg:3;shift:2;other:2,0.395275,0.20814,0.099462,0.370233,0.106667,0.08,0.026667,0.106667,0.266667,0.888281
dio_mcm_episode_0m8cxz1,milieurolle,1016,20,0.694776,BTC_LONG_2025_5M_QUIET,0.324803,BTC_LONG_2025_5M_QUIET:330;QUIET_NEAR_BTC_1869:330;BTC_FIELD_QUIET_05:55;BTC_FIELD_QUIET_04:47;BTC_FIELD_QUIET_02:40;BTC_STRESS_2024_5M:39;BTC_10K_A:35;QUIET_NEAR_SOL_SIDEWAYS:23;FOLLOW_PAXG_2024_5M_2000:16;REAL_TIME_2024_PAXG:15,quiet:848;stress:53;btc:40;paxg:38;xrp:20;shift:17,0.383074,0.170993,0.508109,0.208845,0.834646,0.052165,0.016732,0.068898,0.834646,0.391202
dio_mcm_episode_14pd6eb,breite_grundrolle,122,17,0.834192,FOLLOW_XRP_2024_5M_2000,0.155738,FOLLOW_XRP_2024_5M_2000:19;REAL_TIME_2023_SOL_ALTSEQ_A:14;QUIET_NEAR_PAXG2025_1H:12;REAL_FOLLOW_XRP_6000:10;FOLLOW_DOGE_2024_5M_2000:9;REAL_TIME_2024_XRP:9;BTC_STRESS_2025_5M:8;REAL_FOLLOW_PAXG_6000:8;REAL_FOLLOW_SOL_6000:8;REAL_FOLLOW_DOGE_6000:6,xrp:38;sol:29;quiet:17;doge:15;stress:8;paxg:8;btc:7,0.381795,0.163436,0.133244,0.374844,0.139344,0.065574,0.0,0.065574,0.311475,0.903673
dio_mcm_episode_0rbjarj,milieurolle,1923,9,0.667566,REAL_FOLLOW_PAXG_6000,0.320333,REAL_FOLLOW_PAXG_6000:616;QUIET_NEAR_BTC_1869:373;BTC_LONG_2025_5M_QUIET:370;BTC_FIELD_QUIET_04:294;REAL_TIME_2023_SOL_ALTSEQ_A:117;REAL_TIME_2024_BTC_5M:100;BTC_FIELD_QUIET_03:44;DOGE_1H_A:8;QUIET_NEAR_PAXG2025_1H:1,quiet:1082;paxg:616;sol:117;btc:100;doge:8,0.371439,0.08369,0.397513,0.244459,0.562663,0.0,0.0,0.0,0.562663,0.643153
dio_mcm_episode_05upp98,nebenrolle,103,16,0.845304,REAL_TIME_2023_SOL_ALTSEQ_A,0.165049,REAL_TIME_2023_SOL_ALTSEQ_A:17;FOLLOW_XRP_2024_5M_2000:15;QUIET_NEAR_PAXG2025_1H:12;REAL_FOLLOW_XRP_6000:10;FOLLOW_DOGE_2024_5M_2000:8;REAL_FOLLOW_PAXG_6000:6;REAL_TIME_2024_XRP:6;BTC_STRESS_2025_5M:5;REAL_FOLLOW_DOGE_6000:5;REAL_FOLLOW_SOL_6000:5,xrp:31;sol:24;quiet:16;doge:13;paxg:9;btc:5;stress:5,0.359167,0.137825,0.124796,0.392914,0.15534,0.048544,0.0,0.048544,0.300971,0.903438
dio_mcm_episode_0xg0gjh,nebenrolle,48,24,0.456175,REAL_FOLLOW_SOL_6000,0.083333,REAL_FOLLOW_SOL_6000:4;REAL_TIME_2023_SOL_ALTSEQ_A:4;REAL_TIME_2024_BTC_5M:4;FOLLOW_XRP_2024_5M_2000:3;SOL_10K_A:3;BTC_10K_A:2;BTC_1H_A:2;BTC_SHIFT_2025_15M_16000_17000:2;DOGE_1H_B:2;FOLLOW_DOGE_2024_5M_2000:2,sol:13;btc:11;xrp:7;doge:6;paxg:5;quiet:3;shift:2;stress:1,0.351875,0.143725,0.090869,0.405851,0.0625,0.020833,0.041667,0.0625,0.270833,0.891618
dio_mcm_episode_16hqn22,nebenrolle,47,21,0.622775,FOLLOW_XRP_2024_5M_2000,0.148936,FOLLOW_XRP_2024_5M_2000:7;REAL_FOLLOW_SOL_6000:5;REAL_TIME_2023_SOL_ALTSEQ_A:4;REAL_TIME_2024_XRP:4;SOL_10K_A:4;REAL_FOLLOW_PAXG_6000:3;BTC_10K_A:2;BTC_FIELD_QUIET_02:2;BTC_LONG_2024_5M_QUIET:2;PAXG_1846_A:2,sol:13;xrp:12;quiet:10;btc:5;paxg:5;doge:2,0.332333,0.084255,0.093278,0.420822,0.212766,0.0,0.0,0.0,0.276596,0.917762
dio_mcm_episode_171moy1,nebenrolle,55,18,0.635331,REAL_FOLLOW_XRP_6000,0.127273,REAL_FOLLOW_XRP_6000:7;REAL_FOLLOW_DOGE_6000:5;BTC_10K_A:4;FOLLOW_DOGE_2024_5M_2000:4;FOLLOW_XRP_2024_5M_2000:4;REAL_TIME_2023_SOL_ALTSEQ_A:4;REAL_TIME_2024_BTC_5M:4;BTC_1H_A:3;QUIET_NEAR_PAXG2024_1H:3;QUIET_NEAR_PAXG2025_1H:3,xrp:13;btc:11;quiet:10;doge:10;sol:8;stress:2;paxg:1,0.328137,0.113553,0.083971,0.425296,0.181818,0.036364,0.0,0.036364,0.236364,0.902673
dio_mcm_episode_19h8lor,nebenrolle,85,16,0.499465,BTC_LONG_2025_5M_QUIET,0.164706,BTC_LONG_2025_5M_QUIET:14;QUIET_NEAR_BTC_1869:14;BTC_1H_B:11;BTC_1H_A:7;QUIET_NEAR_PAXG2024_1H:6;FOLLOW_PAXG_2024_5M_2000:5;REAL_TIME_2024_PAXG:5;PAXG_1H_A:4;FOLLOW_XRP_2024_5M_2000:3;REAL_FOLLOW_PAXG_6000:3,quiet:34;btc:22;paxg:17;xrp:8;shift:2;sol:2,0.324051,0.099167,0.158984,0.406469,0.4,0.0,0.023529,0.023529,0.4,0.80206
dio_mcm_episode_1iwpq62,nebenrolle,69,13,0.496882,BTC_STRESS_2024_5M,0.130435,BTC_STRESS_2024_5M:9;BTC_FIELD_QUIET_04:8;FOLLOW_XRP_2024_5M_2000:8;REAL_TIME_2024_XRP:8;BTC_FIELD_QUIET_05:7;FOLLOW_PAXG_2024_5M_2000:7;REAL_TIME_2024_PAXG:7;BTC_STRESS_2025_5M:6;REAL_FOLLOW_PAXG_6000:4;QUIET_NEAR_BTC_FIELD_01:2,quiet:18;paxg:18;xrp:16;stress:15;btc:2,0.309708,0.255429,0.100399,0.442156,0.26087,0.217391,0.0,0.217391,0.26087,0.916077
dio_mcm_episode_0bygq81,nebenrolle,73,14,0.852837,REAL_TIME_2023_SOL_ALTSEQ_A,0.178082,REAL_TIME_2023_SOL_ALTSEQ_A:13;FOLLOW_XRP_2024_5M_2000:11;QUIET_NEAR_PAXG2025_1H:11;FOLLOW_DOGE_2024_5M_2000:9;REAL_FOLLOW_XRP_6000:8;REAL_FOLLOW_PAXG_6000:4;REAL_FOLLOW_SOL_6000:4;REAL_TIME_2024_BTC_5M:3;REAL_TIME_2024_XRP:3;BTC_STRESS_2025_5M:2,xrp:22;sol:20;quiet:11;doge:9;paxg:5;btc:4;stress:2,0.309561,0.100831,0.116869,0.430695,0.150685,0.027397,0.0,0.027397,0.30137,0.874017
dio_mcm_episode_0izppf1,nebenrolle,56,18,0.716515,REAL_FOLLOW_SOL_6000,0.196429,REAL_FOLLOW_SOL_6000:11;SOL_10K_A:7;FOLLOW_XRP_2024_5M_2000:5;REAL_FOLLOW_DOGE_6000:5;REAL_TIME_2024_XRP:5;BTC_FIELD_QUIET_04:3;BTC_STRESS_2025_5M:3;FOLLOW_DOGE_2024_5M_2000:3;REAL_FOLLOW_XRP_6000:3;BTC_STRESS_2024_5M:2,sol:21;xrp:14;doge:8;quiet:5;stress:5;btc:2;shift:1,0.307654,0.169338,0.133822,0.424025,0.089286,0.089286,0.017857,0.107143,0.375,0.829778
dio_mcm_episode_0x60uui,nebenrolle,37,21,0.44771,FOLLOW_XRP_2024_5M_2000,0.162162,FOLLOW_XRP_2024_5M_2000:6;REAL_TIME_2024_XRP:3;BTC_FIELD_QUIET_05:2;BTC_STRESS_2024_5M:2;FOLLOW_DOGE_2024_5M_2000:2;PAXG_1846_A:2;REAL_FOLLOW_DOGE_6000:2;REAL_FOLLOW_PAXG_6000:2;REAL_FOLLOW_SOL_6000:2;REAL_FOLLOW_XRP_6000:2,xrp:11;quiet:6;paxg:6;sol:5;doge:4;btc:2;stress:2;shift:1,0.307256,0.144639,0.09403,0.437705,0.162162,0.054054,0.027027,0.081081,0.297297,0.901503
dio_mcm_episode_0d5sirp,nebenrolle,41,18,0.484979,BTC_FIELD_QUIET_02,0.073171,BTC_FIELD_QUIET_02:3;BTC_FIELD_QUIET_04:3;BTC_SHIFT_2025_15M_16000_17000:3;BTC_SHIFT_2025_30M_10000_11000:3;BTC_STRESS_2025_5M:3;REAL_FOLLOW_PAXG_6000:3;REAL_FOLLOW_XRP_6000:3;BTC_FIELD_QUIET_05:2;BTC_LONG_2024_5M_QUIET:2;FOLLOW_DOGE_2024_5M_2000:2,quiet:14;paxg:7;xrp:7;shift:6;stress:3;doge:3;btc:1,0.307189,0.251672,0.112416,0.446028,0.341463,0.073171,0.146341,0.219512,0.341463,0.886471
dio_mcm_episode_1i3ov0z,milieurolle,2073,11,0.755995,BTC_FIELD_QUIET_03,0.447178,BTC_FIELD_QUIET_03:927;BTC_FIELD_QUIET_05:384;QUIET_NEAR_BTC_FIELD_01:350;BTC_LONG_2024_5M_QUIET:147;BTC_10K_A:99;DOGE_1H_B:91;PAXG_1H_A:54;BTC_FIELD_QUIET_02:14;BTC_1H_C:3;BTC_SHIFT_2025_1H_4000_5000:3,quiet:1822;btc:102;doge:91;paxg:55;shift:3,0.301192,0.046958,0.617828,0.218892,0.878919,0.0,0.001447,0.001447,0.878919,0.313527
dio_mcm_episode_0n6m7si,nebenrolle,52,14,0.835186,REAL_TIME_2023_SOL_ALTSEQ_A,0.153846,REAL_TIME_2023_SOL_ALTSEQ_A:8;PAXG_1846_A:7;REAL_FOLLOW_PAXG_6000:6;BTC_LONG_2024_5M_QUIET:5;FOLLOW_XRP_2024_5M_2000:5;QUIET_NEAR_PAXG2025_1H:4;BTC_STRESS_2025_5M:3;FOLLOW_DOGE_2024_5M_2000:3;SOL_10K_A:3;BTC_10K_A:2,sol:14;paxg:13;quiet:10;xrp:5;btc:4;stress:3;doge:3,0.293586,0.119455,0.096151,0.454635,0.192308,0.057692,0.0,0.057692,0.269231,0.908845
dio_mcm_episode_0whyn34,nebenrolle,30,18,0.682849,FOLLOW_DOGE_2024_5M_2000,0.1,FOLLOW_DOGE_2024_5M_2000:3;QUIET_NEAR_PAXG2025_1H:3;REAL_FOLLOW_DOGE_6000:3;REAL_FOLLOW_SOL_6000:3;SOL_10K_A:3;REAL_TIME_2024_BTC_5M:2;XRP_1H_A:2;BTC_1H_A:1;BTC_FIELD_QUIET_05:1;BTC_LONG_2024_5M_QUIET:1,sol:7;doge:6;quiet:5;xrp:5;btc:3;paxg:2;stress:1;other:1,0.282795,0.094849,0.070356,0.468073,0.166667,0.033333,0.0,0.033333,0.233333,0.911903
dio_mcm_episode_1y7uo9c,nebenrolle,30,18,0.483014,REAL_FOLLOW_DOGE_6000,0.133333,REAL_FOLLOW_DOGE_6000:4;BTC_SHIFT_2025_15M_16000_17000:3;REAL_FOLLOW_BTC_6000:3;REAL_TIME_2023_SOL_ALTSEQ_A:3;REAL_TIME_2024_BTC_5M:3;XRP_1H_A:2;BTC_10K_A:1;BTC_1H_A:1;BTC_1H_B:1;BTC_SHIFT_2025_30M_10000_11000:1,btc:9;doge:5;xrp:5;sol:5;shift:4;stress:1;quiet:1,0.27755,0.19253,0.090458,0.468073,0.033333,0.033333,0.133333,0.166667,0.3,0.900592
dio_mcm_episode_16nc9gj,nebenrolle,36,15,0.486527,BTC_1H_C,0.083333,BTC_1H_C:3;BTC_SHIFT_2025_1H_4000_5000:3;DOGE_1H_B:3;FOLLOW_DOGE_2024_5M_2000:3;PAXG_1H_A:3;REAL_FOLLOW_SOL_6000:3;REAL_TIME_2023_SOL_ALTSEQ_A:3;REAL_TIME_2024_SOL_ALTSEQ_A:3;SOL_10K_A:3;BTC_10K_A:2,sol:12;btc:6;doge:6;shift:4;paxg:3;other:2;xrp:2;quiet:1,0.276094,0.148153,0.107397,0.473619,0.027778,0.0,0.111111,0.111111,0.333333,0.882623
dio_mcm_episode_0tnueiv,nebenrolle,40,15,0.694593,DOGE_1H_B,0.2,DOGE_1H_B:8;PAXG_1846_A:6;REAL_FOLLOW_PAXG_6000:4;DOGE_1H_A:3;QUIET_NEAR_BTC_FIELD_01:3;REAL_FOLLOW_BTC_6000:3;BTC_1H_A:2;BTC_STRESS_2024_5M:2;SOL_10K_A:2;XRP_1H_A:2,doge:12;paxg:11;btc:5;quiet:4;xrp:4;stress:2;sol:2,0.273798,0.107362,0.0995,0.466183,0.1,0.05,0.0,0.05,0.3,0.892247
dio_mcm_episode_0g2f7e4,nebenrolle,34,17,0.48816,BTC_FIELD_QUIET_02,0.088235,BTC_FIELD_QUIET_02:3;BTC_FIELD_QUIET_04:3;BTC_FIELD_QUIET_05:3;BTC_LONG_2024_5M_QUIET:3;BTC_STRESS_2025_5M:3;REAL_FOLLOW_XRP_6000:3;BTC_10K_A:2;BTC_1H_B:2;QUIET_NEAR_BTC_FIELD_01:2;QUIET_NEAR_SOL_SIDEWAYS:2,quiet:16;btc:4;stress:4;paxg:4;xrp:4;shift:1;doge:1,0.271034,0.17357,0.14777,0.465012,0.470588,0.117647,0.029412,0.147059,0.470588,0.806429
dio_mcm_episode_08op00s,nebenrolle,32,14,0.855814,FOLLOW_XRP_2024_5M_2000,0.15625,FOLLOW_XRP_2024_5M_2000:5;QUIET_NEAR_PAXG2025_1H:4;BTC_10K_A:3;BTC_FIELD_QUIET_05:3;BTC_STRESS_2025_5M:3;REAL_TIME_2023_SOL_ALTSEQ_A:3;REAL_FOLLOW_BTC_6000:2;REAL_FOLLOW_PAXG_6000:2;REAL_FOLLOW_XRP_6000:2;BTC_FIELD_QUIET_02:1,quiet:8;xrp:8;btc:5;sol:5;stress:3;paxg:3,0.264653,0.133117,0.078313,0.488898,0.25,0.09375,0.0,0.09375,0.25,0.958318
dio_mcm_episode_0z1w5lo,nebenrolle,30,16,0.505302,BTC_1H_C,0.133333,BTC_1H_C:4;REAL_FOLLOW_BTC_6000:4;BTC_1H_A:3;REAL_FOLLOW_SOL_6000:3;BTC_SHIFT_2025_1H_4000_5000:2;BTC_SHIFT_2025_30M_10000_11000:2;DOGE_1H_B:2;PAXG_1H_A:2;BTC_FIELD_QUIET_03:1;BTC_FIELD_QUIET_05:1,btc:11;shift:4;sol:4;quiet:3;xrp:3;doge:2;paxg:2;stress:1,0.263812,0.183527,0.111572,0.479968,0.1,0.033333,0.133333,0.166667,0.366667,0.884924
dio_mcm_episode_0usdsrp,nebenrolle,24,18,0.469807,REAL_FOLLOW_BTC_6000,0.125,REAL_FOLLOW_BTC_6000:3;DOGE_1H_B:2;FOLLOW_DOGE_2024_5M_2000:2;REAL_FOLLOW_DOGE_6000:2;REAL_FOLLOW_XRP_6000:2;BTC_10K_A:1;BTC_LONG_2025_5M_QUIET:1;BTC_STRESS_2024_5M:1;BTC_STRESS_2025_5M:1;DOGE_1H_A:1,doge:7;btc:5;xrp:4;quiet:2;stress:2;sol:2;other:1;paxg:1,0.259998,0.12228,0.082175,0.483821,0.083333,0.083333,0.0,0.083333,0.291667,0.899694
dio_mcm_episode_1rzvh02,nebenrolle,114,8,0.746656,BTC_STRESS_2025_5M,0.394737,BTC_STRESS_2025_5M:45;BTC_10K_A:20;SOL_10K_A:14;FOLLOW_XRP_2024_5M_2000:11;REAL_TIME_2024_XRP:11;BTC_LONG_2025_5M_QUIET:5;QUIET_NEAR_BTC_1869:5;BTC_FIELD_QUIET_02:3,stress:45;xrp:22;btc:20;sol:14;quiet:13,0.255501,0.308536,0.17619,0.455753,0.114035,0.394737,0.0,0.394737,0.394737,0.928831
dio_mcm_episode_1qv5i56,nebenrolle,44,12,0.845147,FOLLOW_XRP_2024_5M_2000,0.227273,FOLLOW_XRP_2024_5M_2000:10;QUIET_NEAR_PAXG2025_1H:6;REAL_FOLLOW_XRP_6000:6;FOLLOW_DOGE_2024_5M_2000:5;REAL_TIME_2023_SOL_ALTSEQ_A:4;REAL_FOLLOW_SOL_6000:3;REAL_TIME_2024_BTC_5M:3;REAL_TIME_2024_XRP:2;SOL_10K_A:2;BTC_FIELD_QUIET_05:1,xrp:18;sol:9;quiet:7;doge:5;btc:3;paxg:2,0.251318,0.063851,0.141568,0.481992,0.159091,0.0,0.0,0.0,0.409091,0.866999
dio_mcm_episode_00svqqo,nebenrolle,87,9,0.598594,BTC_10K_A,0.298851,BTC_10K_A:26;REAL_FOLLOW_XRP_6000:23;PAXG_1H_A:12;BTC_STRESS_2025_5M:9;REAL_TIME_2024_BTC_5M:7;FOLLOW_DOGE_2024_5M_2000:5;XRP_1H_A:3;REAL_FOLLOW_BTC_6000:1;REAL_FOLLOW_SOL_6000:1,btc:34;xrp:26;paxg:12;stress:9;doge:5;sol:1,0.246509,0.138582,0.163063,0.462933,0.0,0.103448,0.0,0.103448,0.390805,0.810134
dio_mcm_episode_0mfdlry,nebenrolle,25,14,0.484958,BTC_SHIFT_2025_15M_16000_17000,0.12,BTC_SHIFT_2025_15M_16000_17000:3;FOLLOW_DOGE_2024_5M_2000:3;QUIET_NEAR_SOL_SIDEWAYS:3;BTC_FIELD_QUIET_02:2;BTC_SHIFT_2025_30M_10000_11000:2;REAL_FOLLOW_BTC_6000:2;REAL_FOLLOW_SOL_6000:2;REAL_FOLLOW_XRP_6000:2;BTC_1H_A:1;BTC_FIELD_QUIET_05:1,quiet:7;shift:5;btc:3;doge:3;sol:3;xrp:2;stress:1;paxg:1,0.242925,0.214114,0.081463,0.50632,0.28,0.04,0.2,0.24,0.28,0.914275
dio_mcm_episode_12fuh1y,nebenrolle,24,15,0.733745,SOL_10K_A,0.125,SOL_10K_A:3;BTC_FIELD_QUIET_02:2;BTC_LONG_2024_5M_QUIET:2;BTC_STRESS_2025_5M:2;FOLLOW_DOGE_2024_5M_2000:2;PAXG_1846_A:2;QUIET_NEAR_PAXG2025_1H:2;REAL_FOLLOW_PAXG_6000:2;BTC_10K_A:1;BTC_LONG_2025_5M_QUIET:1,quiet:8;paxg:6;sol:3;btc:2;stress:2;doge:2;xrp:1,0.241822,0.113722,0.095246,0.502233,0.333333,0.083333,0.0,0.083333,0.333333,0.88717
dio_mcm_episode_1ole1yf,nebenrolle,24,13,0.49786,BTC_1H_A,0.125,BTC_1H_A:3;BTC_1H_C:3;BTC_SHIFT_2025_1H_4000_5000:3;REAL_FOLLOW_XRP_6000:3;BTC_FIELD_QUIET_05:2;REAL_FOLLOW_DOGE_6000:2;REAL_FOLLOW_SOL_6000:2;BTC_FIELD_QUIET_03:1;BTC_SHIFT_2025_15M_16000_17000:1;BTC_SHIFT_2025_30M_10000_11000:1,btc:6;shift:5;xrp:4;quiet:3;doge:3;sol:2;paxg:1,0.23629,0.187769,0.072218,0.516685,0.125,0.0,0.208333,0.208333,0.25,0.941128
dio_mcm_episode_094f7up,nebenrolle,36,11,0.854269,QUIET_NEAR_PAXG2025_1H,0.166667,QUIET_NEAR_PAXG2025_1H:6;FOLLOW_XRP_2024_5M_2000:5;REAL_FOLLOW_PAXG_6000:5;REAL_TIME_2023_SOL_ALTSEQ_A:4;BTC_FIELD_QUIET_05:3;REAL_FOLLOW_SOL_6000:3;REAL_TIME_2024_SOL_ALTSEQ_A:3;SOL_10K_A:3;BTC_STRESS_2025_5M:2;PAXG_1846_A:1,sol:13;quiet:9;paxg:6;xrp:5;stress:2;btc:1,0.234472,0.09401,0.119113,0.504941,0.25,0.055556,0.0,0.055556,0.361111,0.863572
dio_mcm_episode_1200bb0,nebenrolle,19,16,0.470205,REAL_FOLLOW_SOL_6000,0.157895,REAL_FOLLOW_SOL_6000:3;REAL_TIME_2023_SOL_ALTSEQ_A:2;BTC_1H_A:1;BTC_1H_B:1;BTC_1H_C:1;BTC_LONG_2024_5M_QUIET:1;BTC_SHIFT_2025_15M_16000_17000:1;BTC_SHIFT_2025_1H_4000_5000:1;DOGE_1H_A:1;FOLLOW_KAS_2024_5M_2000:1,sol:7;btc:3;shift:2;doge:2;paxg:2;quiet:1;other:1;xrp:1,0.226007,0.121038,0.097051,0.512203,0.052632,0.0,0.105263,0.105263,0.368421,0.882531
dio_mcm_episode_0iiwvci,nebenrolle,18,13,0.486282,BTC_10K_A,0.166667,BTC_10K_A:3;BTC_FIELD_QUIET_03:2;DOGE_1H_A:2;XRP_1H_A:2;BTC_FIELD_QUIET_05:1;FOLLOW_DOGE_2024_5M_2000:1;FOLLOW_PAXG_2024_5M_2000:1;FOLLOW_XRP_2024_5M_2000:1;QUIET_NEAR_BTC_FIELD_01:1;QUIET_NEAR_SOL_SIDEWAYS:1,quiet:5;doge:4;xrp:4;btc:3;paxg:2,0.215537,0.056534,0.072978,0.536987,0.277778,0.0,0.0,0.0,0.277778,0.973667
dio_mcm_episode_01u58q5,nebenrolle,164,6,0.700879,FOLLOW_XRP_2024_5M_2000,0.280488,FOLLOW_XRP_2024_5M_2000:46;REAL_TIME_2024_XRP:46;BTC_10K_A:36;SOL_10K_A:28;BTC_STRESS_2025_5M:7;BTC_FIELD_QUIET_02:1,xrp:92;btc:36;sol:28;stress:7;quiet:1,0.215393,0.079334,0.275289,0.45914,0.006098,0.042683,0.0,0.042683,0.560976,0.698789
dio_mcm_episode_084fgkp,nebenrolle,21,13,0.493417,BTC_FIELD_QUIET_03,0.142857,BTC_FIELD_QUIET_03:3;QUIET_NEAR_BTC_FIELD_01:3;BTC_FIELD_QUIET_05:2;REAL_FOLLOW_DOGE_6000:2;REAL_FOLLOW_PAXG_6000:2;REAL_TIME_2023_SOL_ALTSEQ_A:2;BTC_10K_A:1;BTC_1H_C:1;BTC_SHIFT_2025_1H_4000_5000:1;BTC_STRESS_2025_5M:1,quiet:8;btc:4;doge:2;paxg:2;sol:2;shift:1;stress:1;xrp:1,0.214631,0.108572,0.105423,0.526109,0.380952,0.047619,0.047619,0.095238,0.380952,0.860931
dio_mcm_episode_1foqdcq,nebenrolle,17,13,0.671048,FOLLOW_DOGE_2024_5M_2000,0.117647,FOLLOW_DOGE_2024_5M_2000:2;REAL_FOLLOW_BTC_6000:2;REAL_TIME_2024_SOL_ALTSEQ_A:2;SOL_10K_A:2;BTC_LONG_2024_5M_QUIET:1;DOGE_1H_B:1;FOLLOW_PAXG_2024_5M_2000:1;FOLLOW_XRP_2024_5M_2000:1;PAXG_1846_A:1;QUIET_NEAR_PAXG2025_1H:1,sol:5;doge:3;paxg:3;quiet:2;xrp:2;btc:2,0.213978,0.054873,0.075743,0.541021,0.117647,0.0,0.0,0.0,0.294118,0.964116
dio_mcm_episode_13yo8ly,nebenrolle,23,10,0.626291,BTC_1H_A,0.130435,BTC_1H_A:3;BTC_FIELD_QUIET_02:3;FOLLOW_KAS_2024_5M_2000:3;REAL_FOLLOW_SOL_6000:3;SOL_10K_A:3;BTC_FIELD_QUIET_05:2;BTC_STRESS_2025_5M:2;XRP_1H_A:2;FOLLOW_XRP_2024_5M_2000:1;REAL_TIME_2024_XRP:1,sol:6;quiet:5;xrp:4;btc:3;other:3;stress:2,0.211776,0.101805,0.075828,0.546184,0.217391,0.086957,0.0,0.086957,0.26087,0.965664
dio_mcm_episode_1kwexso,nebenrolle,25,10,0.482179,BTC_1H_C,0.12,BTC_1H_C:3;BTC_SHIFT_2025_1H_4000_5000:3;DOGE_1H_B:3;PAXG_1H_A:3;REAL_FOLLOW_SOL_6000:3;REAL_TIME_2024_SOL_ALTSEQ_A:3;SOL_10K_A:3;REAL_TIME_2023_SOL_ALTSEQ_A:2;BTC_1H_A:1;BTC_SHIFT_2025_30M_10000_11000:1,sol:11;btc:4;shift:4;doge:3;paxg:3,0.210817,0.141695,0.131297,0.5403,0.0,0.0,0.16,0.16,0.44,0.904987
dio_mcm_episode_0v3gsdo,nebenrolle,18,13,0.450979,REAL_TIME_2023_SOL_ALTSEQ_A,0.166667,REAL_TIME_2023_SOL_ALTSEQ_A:3;BTC_STRESS_2025_5M:2;REAL_FOLLOW_XRP_6000:2;REAL_TIME_2024_BTC_5M:2;BTC_10K_A:1;BTC_FIELD_QUIET_02:1;FOLLOW_XRP_2024_5M_2000:1;PAXG_1H_A:1;QUIET_NEAR_PAXG2025_1H:1;REAL_FOLLOW_BTC_6000:1,sol:5;btc:4;xrp:4;quiet:2;stress:2;paxg:1,0.210742,0.116154,0.072978,0.536987,0.111111,0.111111,0.0,0.111111,0.277778,0.933798
dio_mcm_episode_0uie72q,nebenrolle,16,13,0.476327,BTC_STRESS_2025_5M,0.125,BTC_STRESS_2025_5M:2;FOLLOW_DOGE_2024_5M_2000:2;SOL_10K_A:2;BTC_1H_C:1;BTC_FIELD_QUIET_04:1;BTC_SHIFT_2025_15M_16000_17000:1;BTC_SHIFT_2025_1H_4000_5000:1;DOGE_1H_B:1;FOLLOW_XRP_2024_5M_2000:1;REAL_FOLLOW_SOL_6000:1,sol:4;doge:3;xrp:3;shift:2;stress:2;btc:1;quiet:1,0.206709,0.18636,0.063004,0.5453,0.0625,0.125,0.125,0.25,0.25,0.945958
dio_mcm_episode_14xx81a,milieurolle,1157,6,0.839824,REAL_FOLLOW_PAXG_6000,0.721694,REAL_FOLLOW_PAXG_6000:835;REAL_TIME_2024_SOL_ALTSEQ_A:155;PAXG_1846_A:100;BTC_LONG_2025_5M_QUIET:31;QUIET_NEAR_BTC_1869:31;REAL_TIME_2024_BTC_5M:5,paxg:935;sol:155;quiet:62;btc:5,0.206167,0.044397,0.548497,0.321261,0.053587,0.0,0.0,0.0,0.808124,0.448537
dio_mcm_episode_09ugoh7,nebenrolle,26,10,0.641962,SOL_10K_A,0.230769,SOL_10K_A:6;BTC_10K_A:3;BTC_FIELD_QUIET_02:3;BTC_STRESS_2025_5M:3;REAL_FOLLOW_SOL_6000:3;BTC_LONG_2025_5M_QUIET:2;FOLLOW_KAS_2024_5M_2000:2;QUIET_NEAR_BTC_1869:2;FOLLOW_XRP_2024_5M_2000:1;REAL_TIME_2024_XRP:1,sol:9;quiet:7;btc:3;stress:3;other:2;xrp:2,0.204215,0.117992,0.104552,0.537532,0.269231,0.115385,0.0,0.115385,0.346154,0.900487
dio_mcm_episode_0nn6ri9,nebenrolle,22,10,0.480322,BTC_1H_C,0.136364,BTC_1H_C:3;BTC_SHIFT_2025_1H_4000_5000:3;QUIET_NEAR_PAXG2025_1H:3;REAL_FOLLOW_SOL_6000:3;SOL_10K_A:3;DOGE_1H_B:2;PAXG_1H_A:2;BTC_1H_A:1;FOLLOW_KAS_2024_5M_2000:1;REAL_TIME_2024_SOL_ALTSEQ_A:1,sol:7;btc:4;shift:3;quiet:3;doge:2;paxg:2;other:1,0.203224,0.124369,0.091176,0.549321,0.136364,0.0,0.136364,0.136364,0.318182,0.92203
dio_mcm_episode_0he6atw,nebenrolle,26,10,0.729458,BTC_LONG_2024_5M_QUIET,0.269231,BTC_LONG_2024_5M_QUIET:7;DOGE_1H_B:4;PAXG_1846_A:4;DOGE_1H_A:3;REAL_FOLLOW_BTC_6000:3;FOLLOW_DOGE_2024_5M_2000:1;PAXG_1H_A:1;REAL_FOLLOW_DOGE_6000:1;REAL_FOLLOW_PAXG_6000:1;SOL_10K_A:1,doge:9;quiet:7;paxg:6;btc:3;sol:1,0.200068,0.052328,0.104552,0.537532,0.269231,0.0,0.0,0.0,0.346154,0.890605
dio_mcm_episode_0vnrnvb,nebenrolle,17,12,0.451582,BTC_STRESS_2025_5M,0.235294,BTC_STRESS_2025_5M:4;REAL_FOLLOW_XRP_6000:3;BTC_10K_A:1;BTC_1H_A:1;BTC_LONG_2025_5M_QUIET:1;DOGE_1H_B:1;FOLLOW_DOGE_2024_5M_2000:1;PAXG_1H_A:1;QUIET_NEAR_BTC_1869:1;QUIET_NEAR_PAXG2025_1H:1,stress:4;quiet:3;xrp:3;btc:2;doge:2;sol:2;paxg:1,0.198315,0.177669,0.060962,0.549105,0.176471,0.235294,0.0,0.235294,0.235294,0.963375
dio_mcm_episode_08621v5,nebenrolle,18,10,0.560217,FOLLOW_KAS_2024_5M_2000,0.166667,FOLLOW_KAS_2024_5M_2000:3;SOL_10K_A:3;BTC_FIELD_QUIET_05:2;FOLLOW_XRP_2024_5M_2000:2;REAL_FOLLOW_SOL_6000:2;REAL_TIME_2024_XRP:2;BTC_FIELD_QUIET_02:1;BTC_LONG_2025_5M_QUIET:1;QUIET_NEAR_BTC_1869:1;REAL_TIME_2023_SOL_ALTSEQ_A:1,sol:6;quiet:5;xrp:4;other:3,0.193887,0.050943,0.089316,0.563483,0.277778,0.0,0.0,0.0,0.333333,0.977343
dio_mcm_episode_0y53nyb,nebenrolle,22,10,0.485121,BTC_1H_B,0.136364,BTC_1H_B:3;BTC_FIELD_QUIET_04:3;BTC_FIELD_QUIET_05:3;BTC_STRESS_2024_5M:3;BTC_STRESS_2025_5M:3;BTC_LONG_2024_5M_QUIET:2;QUIET_NEAR_SOL_SIDEWAYS:2;BTC_1H_A:1;BTC_SHIFT_2025_30M_10000_11000:1;REAL_FOLLOW_PAXG_6000:1,quiet:10;stress:6;btc:4;shift:1;paxg:1,0.190145,0.215423,0.130251,0.549321,0.454545,0.272727,0.045455,0.318182,0.454545,0.810033
dio_mcm_episode_1c8zokt,nebenrolle,80,6,0.86214,REAL_FOLLOW_DOGE_6000,0.4125,REAL_FOLLOW_DOGE_6000:33;REAL_FOLLOW_XRP_6000:23;REAL_FOLLOW_SOL_6000:20;FOLLOW_DOGE_2024_5M_2000:2;BTC_10K_A:1;SOL_10K_A:1,doge:35;xrp:23;sol:21;btc:1,0.188718,0.049943,0.184476,0.509801,0.0,0.0,0.0,0.0,0.4375,0.81218
dio_mcm_episode_16yidit,nebenrolle,14,12,0.447197,FOLLOW_DOGE_2024_5M_2000,0.142857,FOLLOW_DOGE_2024_5M_2000:2;QUIET_NEAR_PAXG2024_1H:2;BTC_1H_C:1;BTC_FIELD_QUIET_05:1;BTC_SHIFT_2025_1H_4000_5000:1;DOGE_1H_A:1;FOLLOW_XRP_2024_5M_2000:1;QUIET_NEAR_PAXG2025_1H:1;REAL_FOLLOW_DOGE_6000:1;REAL_FOLLOW_SOL_6000:1,quiet:4;doge:4;xrp:3;btc:1;shift:1;sol:1,0.184368,0.081411,0.068953,0.562807,0.285714,0.0,0.071429,0.071429,0.285714,0.89938
dio_mcm_episode_1f9nms9,nebenrolle,16,9,0.586808,BTC_10K_A,0.1875,BTC_10K_A:3;BTC_FIELD_QUIET_03:2;BTC_STRESS_2024_5M:2;FOLLOW_DOGE_2024_5M_2000:2;FOLLOW_XRP_2024_5M_2000:2;REAL_TIME_2024_XRP:2;BTC_LONG_2024_5M_QUIET:1;DOGE_1H_B:1;QUIET_NEAR_PAXG2025_1H:1,quiet:4;xrp:4;btc:3;doge:3;stress:2,0.17658,0.104118,0.064761,0.582436,0.25,0.125,0.0,0.125,0.25,0.982218
dio_mcm_episode_10r2mum,milieurolle,1761,7,0.717204,PAXG_1846_A,0.785917,PAXG_1846_A:1384;REAL_TIME_2024_PAXG:109;FOLLOW_PAXG_2024_5M_2000:108;REAL_FOLLOW_PAXG_6000:101;BTC_FIELD_QUIET_04:25;BTC_FIELD_QUIET_03:18;BTC_10K_A:16,paxg:1702;quiet:43;btc:16,0.176122,0.017241,0.68738,0.276049,0.024418,0.0,0.0,0.0,0.966496,0.151372
dio_mcm_episode_0sscnvc,nebenrolle,12,12,0.493723,BTC_10K_A,0.083333,BTC_10K_A:1;BTC_1H_C:1;BTC_FIELD_QUIET_04:1;BTC_LONG_2025_5M_QUIET:1;BTC_SHIFT_2025_1H_4000_5000:1;BTC_SHIFT_2025_30M_10000_11000:1;DOGE_1H_A:1;QUIET_NEAR_BTC_1869:1;QUIET_NEAR_BTC_FIELD_01:1;QUIET_NEAR_PAXG2024_1H:1,quiet:5;btc:3;shift:2;doge:1;xrp:1,0.175907,0.120169,0.094683,0.573686,0.416667,0.0,0.166667,0.166667,0.416667,0.884862
dio_mcm_episode_1elnwvw,nebenrolle,21,8,0.494726,BTC_FIELD_QUIET_02,0.142857,BTC_FIELD_QUIET_02:3;BTC_SHIFT_2025_15M_16000_17000:3;FOLLOW_XRP_2024_5M_2000:3;QUIET_NEAR_BTC_FIELD_01:3;QUIET_NEAR_PAXG2024_1H:3;REAL_TIME_2024_XRP:3;REAL_FOLLOW_PAXG_6000:2;QUIET_NEAR_SOL_SIDEWAYS:1,quiet:10;xrp:6;shift:3;paxg:2,0.175474,0.111391,0.136629,0.575139,0.47619,0.0,0.142857,0.142857,0.47619,0.875112
dio_mcm_episode_0zm713b,nebenrolle,16,10,0.503266,REAL_FOLLOW_XRP_6000,0.25,REAL_FOLLOW_XRP_6000:4;REAL_FOLLOW_DOGE_6000:3;REAL_TIME_2023_SOL_ALTSEQ_A:2;BTC_1H_B:1;BTC_FIELD_QUIET_03:1;BTC_SHIFT_2025_15M_16000_17000:1;BTC_STRESS_2024_5M:1;PAXG_1846_A:1;REAL_FOLLOW_BTC_6000:1;REAL_FOLLOW_SOL_6000:1,xrp:4;doge:3;sol:3;btc:2;quiet:1;shift:1;stress:1;paxg:1,0.175161,0.106344,0.064257,0.571796,0.0625,0.0625,0.0625,0.125,0.25,0.92688
dio_mcm_episode_0ww122h,nebenrolle,12,11,0.482114,BTC_10K_A,0.166667,BTC_10K_A:2;BTC_FIELD_QUIET_03:1;BTC_LONG_2024_5M_QUIET:1;BTC_SHIFT_2025_15M_16000_17000:1;BTC_SHIFT_2025_1H_4000_5000:1;BTC_SHIFT_2025_30M_10000_11000:1;BTC_STRESS_2024_5M:1;DOGE_1H_B:1;FOLLOW_DOGE_2024_5M_2000:1;REAL_FOLLOW_SOL_6000:1,shift:3;btc:2;quiet:2;doge:2;sol:2;stress:1,0.173426,0.186668,0.057182,0.582473,0.166667,0.083333,0.25,0.333333,0.25,0.975664
dio_mcm_episode_16rq8r1,nebenrolle,13,11,0.614289,FOLLOW_XRP_2024_5M_2000,0.153846,FOLLOW_XRP_2024_5M_2000:2;REAL_TIME_2024_XRP:2;BTC_FIELD_QUIET_04:1;BTC_LONG_2024_5M_QUIET:1;BTC_STRESS_2024_5M:1;BTC_STRESS_2025_5M:1;DOGE_1H_A:1;FOLLOW_DOGE_2024_5M_2000:1;REAL_FOLLOW_PAXG_6000:1;REAL_FOLLOW_XRP_6000:1,xrp:5;quiet:2;stress:2;doge:2;paxg:1;sol:1,0.173031,0.114858,0.090806,0.576824,0.153846,0.153846,0.0,0.153846,0.384615,0.907499
dio_mcm_episode_0ptcfn6,nebenrolle,18,8,0.50563,BTC_LONG_2025_5M_QUIET,0.166667,BTC_LONG_2025_5M_QUIET:3;FOLLOW_PAXG_2024_5M_2000:3;QUIET_NEAR_BTC_1869:3;REAL_TIME_2024_PAXG:3;XRP_1H_A:3;BTC_10K_A:1;BTC_1H_A:1;REAL_FOLLOW_XRP_6000:1,quiet:6;paxg:6;xrp:4;btc:2,0.171995,0.044509,0.090798,0.586018,0.333333,0.0,0.0,0.0,0.333333,0.945531
dio_mcm_episode_1dpkuqy,nebenrolle,14,10,0.489878,BTC_10K_A,0.142857,BTC_10K_A:2;FOLLOW_XRP_2024_5M_2000:2;QUIET_NEAR_PAXG2024_1H:2;REAL_TIME_2024_XRP:2;BTC_1H_C:1;BTC_SHIFT_2025_1H_4000_5000:1;BTC_SHIFT_2025_30M_10000_11000:1;BTC_STRESS_2025_5M:1;DOGE_1H_A:1;XRP_1H_A:1,xrp:5;btc:3;shift:2;quiet:2;stress:1;doge:1,0.171914,0.14122,0.087375,0.581219,0.142857,0.071429,0.142857,0.214286,0.357143,0.910166
dio_mcm_episode_1dxx3n8,nebenrolle,19,8,0.862177,REAL_TIME_2024_SOL_ALTSEQ_A,0.263158,REAL_TIME_2024_SOL_ALTSEQ_A:5;PAXG_1846_A:3;REAL_FOLLOW_PAXG_6000:3;REAL_TIME_2024_BTC_5M:3;REAL_FOLLOW_BTC_6000:2;BTC_LONG_2025_5M_QUIET:1;QUIET_NEAR_BTC_1869:1;REAL_TIME_2024_PAXG:1,paxg:7;btc:5;sol:5;quiet:2,0.168701,0.045227,0.102233,0.582203,0.105263,0.0,0.0,0.0,0.368421,0.943154
dio_mcm_episode_0wgvtdq,nebenrolle,18,9,0.719746,REAL_FOLLOW_SOL_6000,0.277778,REAL_FOLLOW_SOL_6000:5;QUIET_NEAR_PAXG2024_1H:2;REAL_FOLLOW_DOGE_6000:2;REAL_FOLLOW_XRP_6000:2;REAL_TIME_2023_SOL_ALTSEQ_A:2;REAL_TIME_2024_BTC_5M:2;FOLLOW_XRP_2024_5M_2000:1;REAL_TIME_2024_XRP:1;SOL_10K_A:1,sol:8;xrp:4;quiet:2;doge:2;btc:2,0.168419,0.044103,0.120021,0.574123,0.111111,0.0,0.0,0.0,0.444444,0.886683
dio_mcm_episode_1u5i0pf,nebenrolle,15,10,0.51314,FOLLOW_XRP_2024_5M_2000,0.2,FOLLOW_XRP_2024_5M_2000:3;REAL_TIME_2024_XRP:3;FOLLOW_DOGE_2024_5M_2000:2;BTC_10K_A:1;BTC_1H_B:1;BTC_FIELD_QUIET_03:1;BTC_SHIFT_2025_15M_16000_17000:1;QUIET_NEAR_BTC_FIELD_01:1;REAL_FOLLOW_PAXG_6000:1;XRP_1H_A:1,xrp:7;btc:2;quiet:2;doge:2;shift:1;paxg:1,0.166666,0.072758,0.117155,0.57635,0.133333,0.0,0.066667,0.066667,0.466667,0.849835
dio_mcm_episode_1r085q1,nebenrolle,13,10,0.562011,REAL_TIME_2023_SOL_ALTSEQ_A,0.153846,REAL_TIME_2023_SOL_ALTSEQ_A:2;REAL_TIME_2024_BTC_5M:2;REAL_TIME_2024_SOL_ALTSEQ_A:2;BTC_STRESS_2024_5M:1;FOLLOW_XRP_2024_5M_2000:1;QUIET_NEAR_PAXG2024_1H:1;REAL_FOLLOW_BTC_6000:1;REAL_FOLLOW_DOGE_6000:1;REAL_FOLLOW_XRP_6000:1;REAL_TIME_2024_XRP:1,sol:4;xrp:3;btc:3;stress:1;quiet:1;doge:1,0.166439,0.076272,0.073163,0.586449,0.076923,0.076923,0.0,0.076923,0.307692,0.910471
dio_mcm_episode_1xdh0bk,nebenrolle,15,9,0.466153,QUIET_NEAR_PAXG2024_1H,0.2,QUIET_NEAR_PAXG2024_1H:3;BTC_STRESS_2024_5M:2;REAL_FOLLOW_SOL_6000:2;REAL_FOLLOW_XRP_6000:2;REAL_TIME_2024_SOL_ALTSEQ_A:2;FOLLOW_XRP_2024_5M_2000:1;REAL_FOLLOW_DOGE_6000:1;REAL_TIME_2024_XRP:1;XRP_1H_A:1,xrp:5;sol:4;quiet:3;stress:2;doge:1,0.166267,0.102786,0.084338,0.58699,0.2,0.133333,0.0,0.133333,0.333333,0.925634
dio_mcm_episode_0vacb4t,nebenrolle,12,9,0.484152,BTC_FIELD_QUIET_05,0.166667,BTC_FIELD_QUIET_05:2;PAXG_1H_A:2;REAL_FOLLOW_BTC_6000:2;BTC_10K_A:1;BTC_1H_A:1;BTC_FIELD_QUIET_02:1;FOLLOW_XRP_2024_5M_2000:1;REAL_FOLLOW_XRP_6000:1;REAL_TIME_2024_XRP:1,btc:4;quiet:3;xrp:3;paxg:2,0.159259,0.041888,0.077388,0.602738,0.25,0.0,0.0,0.0,0.333333,0.979574
dio_mcm_episode_1xlv7yw,nebenrolle,18,8,0.825554,BTC_LONG_2024_5M_QUIET,0.166667,BTC_LONG_2024_5M_QUIET:3;FOLLOW_XRP_2024_5M_2000:3;REAL_FOLLOW_XRP_6000:3;REAL_TIME_2024_XRP:3;PAXG_1846_A:2;REAL_FOLLOW_BTC_6000:2;BTC_STRESS_2025_5M:1;REAL_TIME_2024_SOL_ALTSEQ_A:1,xrp:9;quiet:3;paxg:2;btc:2;stress:1;sol:1,0.158958,0.063321,0.136197,0.586018,0.166667,0.055556,0.0,0.055556,0.5,0.811842
dio_mcm_episode_134512u,nebenrolle,12,10,0.473272,REAL_FOLLOW_DOGE_6000,0.25,REAL_FOLLOW_DOGE_6000:3;BTC_10K_A:1;BTC_SHIFT_2025_30M_10000_11000:1;PAXG_1846_A:1;QUIET_NEAR_PAXG2024_1H:1;REAL_FOLLOW_BTC_6000:1;REAL_FOLLOW_SOL_6000:1;REAL_FOLLOW_XRP_6000:1;REAL_TIME_2024_BTC_5M:1;SOL_10K_A:1,btc:3;doge:3;sol:2;shift:1;paxg:1;quiet:1;xrp:1,0.157747,0.077764,0.05759,0.592098,0.083333,0.0,0.083333,0.083333,0.25,0.935334
dio_mcm_episode_16lqhxj,nebenrolle,10,10,0.448004,BTC_10K_A,0.1,BTC_10K_A:1;BTC_STRESS_2024_5M:1;DOGE_1H_A:1;PAXG_1H_A:1;QUIET_NEAR_PAXG2025_1H:1;REAL_FOLLOW_DOGE_6000:1;REAL_FOLLOW_PAXG_6000:1;REAL_FOLLOW_XRP_6000:1;SOL_10K_A:1;XRP_1H_A:1,doge:2;paxg:2;xrp:2;btc:1;stress:1;quiet:1;sol:1,0.1576,0.080124,0.042692,0.604965,0.1,0.1,0.0,0.1,0.2,0.96957
dio_mcm_episode_1416rrs,nebenrolle,14,8,0.611569,BTC_STRESS_2025_5M,0.214286,BTC_STRESS_2025_5M:3;SOL_10K_A:3;FOLLOW_XRP_2024_5M_2000:2;REAL_TIME_2024_XRP:2;BTC_10K_A:1;BTC_FIELD_QUIET_02:1;BTC_LONG_2025_5M_QUIET:1;QUIET_NEAR_BTC_1869:1,xrp:4;quiet:3;stress:3;sol:3;btc:1,0.155074,0.129454,0.07106,0.603754,0.214286,0.214286,0.0,0.214286,0.285714,0.954819
dio_mcm_episode_0y7hhur,nebenrolle,16,8,0.81737,REAL_TIME_2024_SOL_ALTSEQ_A,0.3125,REAL_TIME_2024_SOL_ALTSEQ_A:5;REAL_TIME_2024_BTC_5M:4;PAXG_1846_A:2;BTC_LONG_2025_5M_QUIET:1;QUIET_NEAR_BTC_1869:1;REAL_FOLLOW_PAXG_6000:1;REAL_FOLLOW_XRP_6000:1;REAL_TIME_2024_PAXG:1,sol:5;paxg:4;btc:4;quiet:2;xrp:1,0.154289,0.041799,0.081654,0.594331,0.125,0.0,0.0,0.0,0.3125,0.925695
dio_mcm_episode_1qmlwcr,nebenrolle,12,9,0.869649,REAL_FOLLOW_XRP_6000,0.25,REAL_FOLLOW_XRP_6000:3;PAXG_1846_A:2;BTC_10K_A:1;BTC_FIELD_QUIET_02:1;BTC_LONG_2024_5M_QUIET:1;BTC_STRESS_2025_5M:1;FOLLOW_DOGE_2024_5M_2000:1;QUIET_NEAR_PAXG2025_1H:1;REAL_TIME_2024_SOL_ALTSEQ_A:1,quiet:3;xrp:3;paxg:2;btc:1;stress:1;doge:1;sol:1,0.150528,0.074206,0.058041,0.602738,0.25,0.083333,0.0,0.083333,0.25,0.935334
dio_mcm_episode_0xsyn4p,nebenrolle,13,8,0.448736,SOL_10K_A,0.230769,SOL_10K_A:3;BTC_10K_A:2;FOLLOW_DOGE_2024_5M_2000:2;REAL_FOLLOW_SOL_6000:2;BTC_1H_A:1;REAL_FOLLOW_DOGE_6000:1;REAL_TIME_2024_BTC_5M:1;REAL_TIME_2024_SOL_ALTSEQ_A:1,sol:6;btc:4;doge:3,0.150466,0.040225,0.111566,0.608984,0.0,0.0,0.0,0.0,0.461538,0.962947
dio_mcm_episode_17i3weh,nebenrolle,19,7,0.694781,BTC_LONG_2024_5M_QUIET,0.368421,BTC_LONG_2024_5M_QUIET:7;SOL_10K_A:5;PAXG_1846_A:2;REAL_FOLLOW_BTC_6000:2;DOGE_1H_A:1;FOLLOW_DOGE_2024_5M_2000:1;REAL_FOLLOW_PAXG_6000:1,quiet:7;sol:5;paxg:3;doge:2;btc:2,0.14968,0.041393,0.103231,0.595688,0.368421,0.0,0.0,0.0,0.368421,0.922432
dio_mcm_episode_0qm3991,nebenrolle,15,8,0.48402,BTC_LONG_2025_5M_QUIET,0.2,BTC_LONG_2025_5M_QUIET:3;QUIET_NEAR_BTC_1869:3;BTC_1H_A:2;FOLLOW_PAXG_2024_5M_2000:2;REAL_TIME_2024_PAXG:2;BTC_SHIFT_2025_30M_10000_11000:1;QUIET_NEAR_SOL_SIDEWAYS:1;XRP_1H_A:1,quiet:7;paxg:4;btc:2;shift:1;xrp:1,0.148838,0.064888,0.119099,0.598885,0.466667,0.0,0.066667,0.066667,0.466667,0.83126
dio_mcm_episode_12a9dhw,nebenrolle,11,9,0.473367,FOLLOW_PAXG_2024_5M_2000,0.181818,FOLLOW_PAXG_2024_5M_2000:2;REAL_TIME_2024_PAXG:2;BTC_1H_C:1;BTC_SHIFT_2025_1H_4000_5000:1;BTC_SHIFT_2025_30M_10000_11000:1;FOLLOW_DOGE_2024_5M_2000:1;REAL_FOLLOW_SOL_6000:1;REAL_TIME_2024_SOL_ALTSEQ_A:1;XRP_1H_A:1,paxg:4;shift:2;sol:2;btc:1;doge:1;xrp:1,0.147436,0.109834,0.081468,0.608879,0.0,0.0,0.181818,0.181818,0.363636,0.91627
dio_mcm_episode_1kebzg8,nebenrolle,11,9,0.487341,FOLLOW_XRP_2024_5M_2000,0.181818,FOLLOW_XRP_2024_5M_2000:2;REAL_TIME_2024_XRP:2;BTC_1H_C:1;BTC_FIELD_QUIET_04:1;BTC_FIELD_QUIET_05:1;BTC_SHIFT_2025_1H_4000_5000:1;PAXG_1H_A:1;QUIET_NEAR_PAXG2024_1H:1;REAL_TIME_2024_BTC_5M:1,xrp:4;quiet:3;btc:2;shift:1;paxg:1,0.14709,0.073654,0.081468,0.608879,0.272727,0.0,0.090909,0.090909,0.363636,0.912207
dio_mcm_episode_13nf5kn,nebenrolle,58,5,0.829549,BTC_10K_A,0.62069,BTC_10K_A:36;BTC_STRESS_2025_5M:9;QUIET_NEAR_PAXG2025_1H:9;BTC_LONG_2025_5M_QUIET:2;QUIET_NEAR_BTC_1869:2,btc:36;quiet:13;stress:9,0.14595,0.11912,0.245679,0.550908,0.224138,0.155172,0.0,0.155172,0.62069,0.837728
dio_mcm_episode_0s2q227,nebenrolle,12,8,0.833312,FOLLOW_DOGE_2024_5M_2000,0.25,FOLLOW_DOGE_2024_5M_2000:3;REAL_FOLLOW_SOL_6000:2;REAL_TIME_2024_BTC_5M:2;BTC_10K_A:1;FOLLOW_XRP_2024_5M_2000:1;QUIET_NEAR_PAXG2024_1H:1;REAL_FOLLOW_XRP_6000:1;REAL_TIME_2023_SOL_ALTSEQ_A:1,btc:3;doge:3;sol:3;xrp:2;quiet:1,0.144482,0.03886,0.058546,0.614633,0.083333,0.0,0.0,0.0,0.25,0.960225
dio_mcm_episode_0vidg3n,nebenrolle,17,7,0.86269,BTC_LONG_2024_5M_QUIET,0.176471,BTC_LONG_2024_5M_QUIET:3;FOLLOW_XRP_2024_5M_2000:3;REAL_FOLLOW_BTC_6000:3;REAL_FOLLOW_XRP_6000:3;REAL_TIME_2024_XRP:3;PAXG_1846_A:1;REAL_TIME_2024_SOL_ALTSEQ_A:1,xrp:9;quiet:3;btc:3;paxg:1;sol:1,0.143928,0.0344,0.142737,0.603537,0.176471,0.0,0.0,0.0,0.529412,0.796695
dio_mcm_episode_13e4mrt,nebenrolle,11,9,0.472223,REAL_FOLLOW_SOL_6000,0.272727,REAL_FOLLOW_SOL_6000:3;BTC_1H_A:1;BTC_1H_B:1;FOLLOW_DOGE_2024_5M_2000:1;FOLLOW_XRP_2024_5M_2000:1;QUIET_NEAR_PAXG2024_1H:1;REAL_TIME_2024_SOL_ALTSEQ_A:1;REAL_TIME_2024_XRP:1;XRP_1H_A:1,sol:4;xrp:3;btc:2;doge:1;quiet:1,0.142092,0.037641,0.081468,0.608879,0.090909,0.0,0.0,0.0,0.363636,0.912207
