name,group,run,window,tick_start,tick_end,local_role,hearing_load,visual_load,field_pressure,relief,sensory_conflict,kipp_pressure,fit,rekopplung,field_strain,field_carry,afterimage
PREVIEW_EXP_2023,preview,1,1,1,80,lokal_offen,0.19894714650000003,0.216678070375,0.19213155475000004,0.7097854635,0.02347973512499997,0.17267416938000002,0.9843189463125,0.632967725,0.1857021875,0.363474675,0.0014
PREVIEW_EXP_2023,preview,1,2,41,120,lokal_offen,0.18973778775000005,0.23100535774999997,0.19446651875000004,0.7043721565000001,0.04517256812499992,0.17821391257,0.984094946,0.6289308499999999,0.1809914125,0.3486357875,0.0014
PREVIEW_EXP_2023,preview,1,3,81,160,lokale_multisensorische_kippnaehe,0.1994340735,0.24476389775000001,0.19733043250000004,0.698208705,0.04862652675000001,0.18542671308000003,0.9752314468750001,0.625046025,0.17700565,0.33220221250000004,0.00011475000000000001
PREVIEW_EXP_2023,preview,1,4,121,200,lokale_multisensorische_kippnaehe,0.22548089825000003,0.23871128575000003,0.19919567875,0.70035888125,0.014035431249999996,0.18536223751000003,0.96709958675,0.6256791625,0.18950828749999998,0.34337070000000003,0.0005177875
PREVIEW_EXP_2023,preview,1,5,161,240,lokale_multisensorische_kippnaehe,0.21994147975,0.2387757555,0.19744908000000003,0.70901965625,0.02329314887499999,0.18490070907999998,0.9680904623750001,0.6299308375,0.20145827500000002,0.3673166625,0.0006575875
PREVIEW_EXP_2023,preview,1,6,201,280,lokal_rekoppelnd,0.17335766125000002,0.24100851724999997,0.19204230849999998,0.71362309925,0.07122766349999995,0.17997954006,0.98485921925,0.6354571875,0.18893189999999999,0.36642406250000004,0.0007651125
PREVIEW_EXP_2023,preview,1,7,241,320,lokal_rekoppelnd,0.1616159645,0.2262899165,0.189503741,0.71281901625,0.06783078575000001,0.17217168391999998,0.9955508005,0.6368341625,0.17908649999999998,0.36072735,0.000962175
PREVIEW_EXP_2023,preview,1,8,281,360,lokal_offen,0.19614011225000003,0.231099849,0.19443917975000002,0.7062210864999999,0.03843911737499997,0.17868595419000002,0.980819199125,0.6303441249999999,0.1858245875,0.35529295,0.0008783625
PREVIEW_EXP_2023,preview,1,9,321,400,lokale_multisensorische_kippnaehe,0.21794004,0.254264744,0.19989938775,0.7021578195000001,0.03689999899999998,0.19119692759,0.96379699575,0.625899575,0.1946879875,0.34839315000000004,0.00070085
PREVIEW_EXP_2023,preview,1,10,361,440,lokale_multisensorische_kippnaehe,0.22244673250000002,0.26182952425,0.20124119950000002,0.7012880315,0.04092714049999998,0.19522147592,0.959103071125,0.624857775,0.196453575,0.34593575,0.0006573
PREVIEW_EXP_2023,preview,1,11,401,480,lokal_offen,0.21892319024999998,0.2320074285,0.19806652000000002,0.70072181425,0.015628642000000015,0.18202787841999998,0.972601210625,0.6260226125,0.1885803,0.347026775,0.000582
PREVIEW_EXP_2023,preview,1,12,441,520,lokal_offen,0.19015009050000004,0.21307032325000003,0.19087755550000005,0.7050987325,0.027484110249999995,0.16988627692000002,0.989267348625,0.63221915,0.17375685000000002,0.3503358875,0.000531225
PREVIEW_EXP_2023,preview,1,13,481,560,lokal_offen,0.17224599999999998,0.20979828099999998,0.18748338475,0.70961401375,0.040471381625,0.16566006700999997,0.99646124425,0.6364855125,0.17049691250000001,0.35664521250000003,0.0008069999999999999
PREVIEW_EXP_2023,preview,1,14,521,600,lokal_offen,0.16584740950000001,0.20526032775,0.1880977815,0.7089563102499999,0.042918483249999986,0.1636480156,0.997456087125,0.6358690874999999,0.17083375,0.3548855625,0.002487425
PREVIEW_EXP_2023,preview,1,15,561,640,lokal_offen,0.16048085674999998,0.20145127599999998,0.18613628675000002,0.70795428325,0.044585687375,0.16100648506999998,0.994829779625,0.6364531875,0.1627465125,0.3502438125,0.0052206375
PREVIEW_EXP_2023,preview,1,16,601,680,lokal_rekoppelnd,0.18497157025000002,0.20266925175,0.18674441725000002,0.710674497,0.023323668999999977,0.16399357453,0.99292400625,0.6372065499999999,0.1718065125,0.361701125,0.0036611375000000002
PREVIEW_EXP_2023,preview,1,17,641,720,lokal_rekoppelnd,0.19127058450000003,0.19592466825,0.18705905500000003,0.71259324625,0.009327594374999953,0.16176053556,0.9934614286250001,0.6375324375,0.177144875,0.3688120875,0.00133685
PREVIEW_EXP_2023,preview,1,18,681,760,lokal_offen,0.20808961700000003,0.2070986735,0.19144583175000002,0.7068943765,0.0017018503750000364,0.16883798521,0.9838516865,0.6325645,0.1806602625,0.3588158875,0.0018226
PREVIEW_EXP_2023,preview,1,19,721,800,lokal_offen,0.19037797899999997,0.21562757850000003,0.188427225,0.7105578,0.026376293250000054,0.16949534172,0.98542444625,0.6362243750000001,0.17666837500000002,0.3627308625,0.0019736625
PREVIEW_EXP_2023,preview,1,20,761,840,lokal_rekoppelnd,0.16276748349999998,0.20576568925,0.1831745965,0.7170698485,0.04319087637500002,0.16130135642,0.9989080101250001,0.642047375,0.168417975,0.370437575,0.001490425
PREVIEW_EXP_2023,preview,1,21,801,880,lokal_rekoppelnd,0.17590766125,0.181440087,0.18151000000000003,0.7211496832500001,0.0062458919999999855,0.15210640230000003,0.997163874125,0.6450184625000001,0.17015675000000002,0.381716475,0.0011893
PREVIEW_EXP_2023,preview,1,22,841,920,lokal_rekoppelnd,0.202255325,0.1801249835,0.18257694075000003,0.71724582725,0.023485270250000013,0.16125661595,0.9913867865,0.6424871624999999,0.1703604875,0.37672812499999997,0.0010741499999999998
PREVIEW_EXP_2023,preview,1,23,881,960,lokal_offen,0.18709016950000001,0.20557046725,0.18514267100000004,0.71009449575,0.019221895249999982,0.16396541762,0.988812352625,0.6379564875,0.1649042,0.357076,0.0006072
PREVIEW_EXP_2023,preview,2,1,1,80,lokal_offen,0.19901697450000003,0.216678070375,0.19209380625000003,0.7096666325,0.023409907124999976,0.17266616616000002,0.9842462838125,0.632650325,0.1855382625,0.363765625,0.0014
PREVIEW_EXP_2023,preview,2,2,41,120,lokal_offen,0.18980263550000004,0.23100535774999997,0.19443179500000002,0.70426160975,0.04510772037499994,0.17820659984,0.984027798375,0.6286360875,0.1808394,0.3489047,0.0014
PREVIEW_EXP_2023,preview,2,3,81,160,lokale_multisensorische_kippnaehe,0.19949093525,0.24476389775000001,0.19730168775,0.69811153075,0.04856966500000001,0.18542091391,0.97517427125,0.6247875625,0.1768759125,0.3324355375,0.00011475000000000001
PREVIEW_EXP_2023,preview,2,4,121,200,lokale_multisensorische_kippnaehe,0.22553941825000004,0.23871128575000003,0.1991658775,0.70025887725,0.01397691124999999,0.18535619066000003,0.9670405255,0.6254131625,0.189374225,0.343611,0.0005177875
PREVIEW_EXP_2023,preview,2,5,161,240,lokale_multisensorische_kippnaehe,0.220014385,0.2387757555,0.19741028800000002,0.708895319,0.023220243624999984,0.18489257637999998,0.96801521775,0.62959945,0.2012879,0.36761865,0.0006575875
PREVIEW_EXP_2023,preview,2,6,201,280,lokal_rekoppelnd,0.1734261885,0.24100851724999997,0.19200578775,0.713506413,0.07115913624999998,0.17997187476999998,0.984788434875,0.6351457,0.1887722375,0.366709025,0.0007651125
PREVIEW_EXP_2023,preview,2,7,241,320,lokal_rekoppelnd,0.16168063075,0.2262899165,0.18946838600000002,0.7127090660000001,0.0677661195,0.17216412942,0.995483112375,0.636540225,0.178934125,0.3609978125,0.000962175
PREVIEW_EXP_2023,preview,2,8,281,360,lokal_offen,0.1962085735,0.231099849,0.19440235250000001,0.7061045312500001,0.038370656124999986,0.17867817328000002,0.98074814125,0.6300329375,0.18566425,0.3555779375,0.0008783625
PREVIEW_EXP_2023,preview,2,9,321,400,lokale_multisensorische_kippnaehe,0.218004214,0.254264744,0.19986526325000004,0.702048436,0.03683582499999998,0.19118977668999998,0.96373078425,0.625607875,0.19453823750000002,0.3486592375,0.00070085
PREVIEW_EXP_2023,preview,2,10,361,440,lokale_multisensorische_kippnaehe,0.22250952325,0.26182952425,0.2012084815,0.70118080775,0.040864349749999994,0.1952147207,0.95903895775,0.6245723625,0.19630815,0.3461946125,0.0006573
PREVIEW_EXP_2023,preview,2,11,401,480,lokal_offen,0.21898685275,0.2320074285,0.19803385575,0.70061316125,0.01556497950000001,0.18202121229,0.972536715125,0.6257332375,0.18843441249999998,0.3472893375,0.000582
PREVIEW_EXP_2023,preview,2,12,441,520,lokal_offen,0.19021438000000004,0.21307032325000003,0.19084372550000003,0.7049892729999999,0.027419820749999987,0.16987924128000004,0.989201373875,0.6319269249999999,0.17360825,0.3506030875,0.000531225
PREVIEW_EXP_2023,preview,2,13,481,560,lokal_offen,0.17231826725,0.20979828099999998,0.18744510800000003,0.7094908579999999,0.04039911437499999,0.16565206875999997,0.996386833875,0.6361570249999999,0.17032872500000001,0.3569448625,0.0008069999999999999
PREVIEW_EXP_2023,preview,2,14,521,600,lokal_offen,0.16591901675,0.20526032775,0.18805965175000006,0.7088343555,0.04284687599999999,0.16364001747000004,0.9975300205,0.6355436,0.17066686250000002,0.3551830875,0.002487425
PREVIEW_EXP_2023,preview,2,15,561,640,lokal_offen,0.16054343299999999,0.20145127599999998,0.18610283175,0.7078479080000001,0.044523111125,0.16099944737,0.99489452275,0.6361687500000001,0.1626011375,0.350505275,0.0052206375
PREVIEW_EXP_2023,preview,2,16,601,680,lokal_rekoppelnd,0.1850365995,0.20266925175,0.18670962600000002,0.71056383375,0.02325863974999999,0.16398625202,0.992856700375,0.6369109625,0.17165492499999999,0.3619720875,0.0036611375000000002
PREVIEW_EXP_2023,preview,2,17,641,720,lokal_rekoppelnd,0.19133649100000003,0.19592466825,0.187022551,0.71248123225,0.009261687874999962,0.16175266664,0.993391971375,0.6372328625,0.17698845000000002,0.369088175,0.00133685
PREVIEW_EXP_2023,preview,2,18,681,760,lokal_offen,0.20815180825000001,0.2070986735,0.19141248825,0.70678853975,0.0017640416250000186,0.16885085805000002,0.983787247375,0.6322818125,0.1805149875,0.3590748625,0.0018226
PREVIEW_EXP_2023,preview,2,19,721,800,lokal_offen,0.1904427195,0.21562757850000003,0.188393804,0.7104473795,0.026311552750000033,0.1694884894,0.985358655,0.6359301,0.17651957499999998,0.3629981375,0.0019736625
PREVIEW_EXP_2023,preview,2,20,761,840,lokal_rekoppelnd,0.16276748349999998,0.20576568925,0.18305726475000003,0.716947393,0.04319087637500002,0.16125911699,0.998790678375,0.6417201,0.16824958750000002,0.370737975,0.001490425
PREVIEW_EXP_2023,preview,2,21,801,880,lokal_rekoppelnd,0.17590766125,0.181440087,0.18138049450000002,0.72101708425,0.0062458919999999855,0.15205978032,0.997293379625,0.6446630625,0.16996992500000002,0.3820464,0.0011893
PREVIEW_EXP_2023,preview,2,22,841,920,lokal_rekoppelnd,0.202255325,0.1801249835,0.182453065,0.71711907725,0.023485270250000013,0.16121202067999998,0.99126291075,0.6421474125,0.17018175,0.37704365,0.0010741499999999998
PREVIEW_EXP_2023,preview,2,23,881,960,lokal_offen,0.18715540225,0.20557046725,0.185107484,0.7099836375,0.019156662500000005,0.16395796892,0.98874454925,0.637659975,0.16475195,0.35734892500000004,0.0006072
PREVIEW_MODNEG_2023,preview,1,1,1,80,lokal_offen,0.21494732325000004,0.210661722375,0.193773715,0.70560363275,0.004865590250000046,0.17268320279,0.9809691921875,0.6301610875,0.18407690000000002,0.35586885,0.0
PREVIEW_MODNEG_2023,preview,1,2,41,120,lokal_offen,0.23999569299999998,0.21091226174999997,0.19418322775,0.7048276425000001,0.03118867250000001,0.18311405873,0.968729250375,0.6295547,0.1868901125,0.3593314125,0.00164085
PREVIEW_MODNEG_2023,preview,1,3,81,160,lokal_offen,0.250084377,0.21307202025,0.19443608875,0.7039447895,0.04073752925000003,0.18767253197,0.962857890125,0.629349375,0.1872249375,0.3588827,0.0018226625
PREVIEW_MODNEG_2023,preview,1,4,121,200,lokal_offen,0.23959827150000002,0.2132946135,0.19461785975,0.70472644125,0.02963026362500001,0.18349756409,0.96817141725,0.6294922875,0.1870008125,0.3574213375,0.00026368750000000003
PREVIEW_MODNEG_2023,preview,1,5,161,240,lokal_offen,0.2289848845,0.21133055149999996,0.19335312625000003,0.70684226625,0.02246118487500005,0.17887661967000001,0.9731954082500001,0.6309755875,0.1854783375,0.3593768375,0.0001455125
PREVIEW_MODNEG_2023,preview,1,6,201,280,lokal_offen,0.23494568725,0.22263093925,0.19657545,0.704684286,0.015562511750000016,0.18307555424000002,0.96778713675,0.62904885,0.1907916,0.35460985,0.000671375
PREVIEW_MODNEG_2023,preview,1,7,241,320,lokal_rekoppelnd,0.20755131275,0.21143080175,0.19072965375000006,0.70926085725,0.010514040875000016,0.17090062937000003,0.9812385965000001,0.6343849374999999,0.1805523125,0.36002873750000003,0.001055775
PREVIEW_MODNEG_2023,preview,1,8,281,360,lokal_rekoppelnd,0.19845831525,0.19097020974999998,0.18574814025000003,0.71043131825,0.009643488625000012,0.16187513466999998,0.9910338777500001,0.6373991125,0.1682642125,0.360429525,0.00051535
PREVIEW_MODNEG_2023,preview,1,9,321,400,lokal_offen,0.20755748250000003,0.20445034774999998,0.18941674325000002,0.7061324782499999,0.007696610375000045,0.16830336449000002,0.9834128281250001,0.6331778124999999,0.1716191125,0.35285540000000004,0.0001356
PREVIEW_MODNEG_2023,preview,1,10,361,440,lokal_offen,0.181758412,0.20740144900000002,0.18692269925000002,0.70878726,0.028749392000000002,0.16529044109000002,0.99234276875,0.635166825,0.1672913375,0.3555815875,0.0005584375
PREVIEW_MODNEG_2023,preview,1,11,401,480,lokale_multisensorische_kippnaehe,0.21823664825,0.26173319250000004,0.19933294925,0.705805388,0.04426680237500005,0.19403531189,0.959348028875,0.6275354,0.2019856625,0.3616684,0.0008649625000000001
PREVIEW_MODNEG_2023,preview,1,12,441,520,lokale_multisensorische_kippnaehe,0.227586525,0.30156328374999997,0.2077956085,0.701339511,0.08072470624999996,0.21471832615999997,0.943220704125,0.6212582,0.220124975,0.357724575,0.0008689625
PREVIEW_MODNEG_2023,preview,1,13,481,560,lokale_multisensorische_kippnaehe,0.20856504050000002,0.29611569575,0.20592796475000003,0.7032239,0.10213191775,0.21159855085,0.953587596625,0.622604775,0.21641736250000002,0.3591439625,0.00049415
PREVIEW_MODNEG_2023,preview,1,14,521,600,lokale_multisensorische_kippnaehe,0.20927191375,0.28608194375,0.2019195835,0.70683027575,0.08551668250000001,0.20525864505999997,0.95424265475,0.6259001625,0.21102975000000002,0.3660724625,0.0002695625
PREVIEW_MODNEG_2023,preview,1,15,561,640,lokal_rekoppelnd,0.18667882425000001,0.24810551275,0.19176230475,0.70928872975,0.06555967224999999,0.18387221815000002,0.97437013625,0.6326236625,0.1829358125,0.3610309625,0.000448275
PREVIEW_MODNEG_2023,preview,1,16,601,680,lokal_offen,0.18963043624999998,0.26042851324999994,0.19777624700000002,0.7045462842500001,0.07350002887499996,0.19097360141999997,0.9727467722500001,0.6274005125000001,0.1927085,0.3538426,0.000365375
PREVIEW_MODNEG_2023,preview,1,17,641,720,lokale_multisensorische_kippnaehe,0.20834916425,0.26353789425,0.199138135,0.7085705815,0.06183528687500003,0.19483626854,0.96319460575,0.6285718250000001,0.20742120000000003,0.370639175,0.0003855125
PREVIEW_MODNEG_2023,preview,1,18,681,760,lokal_rekoppelnd,0.18689047074999998,0.22253099975,0.1869370245,0.717101089,0.03839472712500003,0.17170163808,0.98222628925,0.639078,0.18411992500000002,0.37942515,0.0003227
PREVIEW_MODNEG_2023,preview,1,19,721,800,lokal_rekoppelnd,0.196945598,0.20161404300000002,0.18603585050000002,0.7135699919999999,0.011814150000000025,0.16451748402000002,0.98675603,0.63780215,0.173501475,0.367410675,0.00012385
PREVIEW_MODNEG_2023,preview,1,20,761,840,lokal_offen,0.22993746050000002,0.2225885955,0.1931058335,0.70848785675,0.014454595625000007,0.1804370888,0.9668428055,0.6322458625,0.18790545,0.3632150625,0.0009905625
PREVIEW_MODNEG_2023,preview,1,21,801,880,lokal_rekoppelnd,0.21045953450000005,0.22248411,0.191447309,0.71148910825,0.012298354249999966,0.1747952426,0.97497548675,0.6347051625,0.1882557,0.36915195,0.0011145374999999998
PREVIEW_MODNEG_2023,preview,1,22,841,920,lokal_rekoppelnd,0.19670216975,0.22147969525,0.19025405225,0.7105222845,0.02699024737500001,0.17317354599,0.98116311975,0.6343823000000001,0.18159138749999998,0.3641763375,0.0002166
PREVIEW_MODNEG_2023,preview,1,23,881,960,lokal_rekoppelnd,0.20296458874999998,0.224358178,0.18907651125000002,0.7108711365,0.02365825987500001,0.17441032965,0.9754151278750001,0.63537605,0.18042748749999998,0.3668929125,0.0010978125
PREVIEW_MODNEG_2023,preview,2,1,1,80,lokal_offen,0.21501985175000005,0.210661722375,0.19373455775000004,0.70548018275,0.004938118750000048,0.17269811758000006,0.9808937706875,0.6298314125,0.1839067625,0.3561710125,0.0
PREVIEW_MODNEG_2023,preview,2,2,41,120,lokal_offen,0.24007315775,0.21091226174999997,0.19413984300000003,0.70469599175,0.03126613725000002,0.18312942612,0.9686471332500001,0.6292025875,0.1867051,0.35965634999999996,0.00164085
PREVIEW_MODNEG_2023,preview,2,3,81,160,lokal_offen,0.25016126425,0.21307202025,0.19439333600000003,0.70381415425,0.04081441650000002,0.18768789588,0.96277669375,0.6289998875,0.187042225,0.3592052375,0.0018226625
PREVIEW_MODNEG_2023,preview,2,4,121,200,lokal_offen,0.23966869625,0.2132946135,0.19457858225000002,0.7046068135,0.029700688375000003,0.18351159409,0.968096927375,0.629172175,0.1868332625,0.357717025,0.00026368750000000003
PREVIEW_MODNEG_2023,preview,2,5,161,240,lokal_offen,0.229054894,0.21133055149999996,0.19331489699999999,0.70672318725,0.022531194375000046,0.17889086094,0.97312217425,0.6306573625,0.18531335,0.359669375,0.0001455125
PREVIEW_MODNEG_2023,preview,2,6,201,280,lokal_offen,0.2350118,0.22263093925,0.19654023899999998,0.70457157525,0.0156286245,0.18308932337999997,0.967718869375,0.6287483375,0.19063712500000002,0.3548839125,0.000671375
PREVIEW_MODNEG_2023,preview,2,7,241,320,lokal_offen,0.20761600924999998,0.21143080175,0.19069397575000002,0.70915077725,0.010449344375000027,0.17089296101,0.98117057025,0.6340908625,0.1803987875,0.360299025,0.001055775
PREVIEW_MODNEG_2023,preview,2,8,281,360,lokal_rekoppelnd,0.198524813,0.19097020974999998,0.18571119350000004,0.710318362,0.009709986375000017,0.16188843294000002,0.9909636821250001,0.63709685,0.168106375,0.36070864999999996,0.00051535
PREVIEW_MODNEG_2023,preview,2,9,321,400,lokal_offen,0.20762267674999998,0.20445034774999998,0.18938085600000001,0.70602165,0.007761804625000001,0.16831652278,0.98334434375,0.632881475,0.17146487500000002,0.3531282375,0.0001356
PREVIEW_MODNEG_2023,preview,2,10,361,440,lokal_offen,0.18182709049999998,0.20740144900000002,0.186884674,0.7086705855000001,0.028680713500000028,0.16528224628,0.99227040425,0.6348546500000001,0.167128625,0.3558697125,0.0005584375
PREVIEW_MODNEG_2023,preview,2,11,401,480,lokale_multisensorische_kippnaehe,0.21831185525,0.26173319250000004,0.19929472050000002,0.70567629,0.04419159537500006,0.19402756610000002,0.959272196625,0.62719355,0.201811375,0.361973475,0.0008649625000000001
PREVIEW_MODNEG_2023,preview,2,12,441,520,lokale_multisensorische_kippnaehe,0.22765596800000001,0.30156328374999997,0.20776191500000005,0.7012198305,0.08065526324999996,0.21471175194,0.943152289125,0.62094255,0.21996642500000002,0.3580022875,0.0008689625
PREVIEW_MODNEG_2023,preview,2,13,481,560,lokale_multisensorische_kippnaehe,0.208633708,0.29611569575,0.205893677,0.7031061544999999,0.10206325025000001,0.21159170066,0.953518975125,0.62229265,0.216260325,0.3594229875,0.00049415
PREVIEW_MODNEG_2023,preview,2,14,521,600,lokale_multisensorische_kippnaehe,0.20934847100000004,0.28608194375,0.20188009900000004,0.7066992545,0.08544012524999998,0.20525055522,0.9541648916250001,0.6255521749999999,0.2108524,0.366385975,0.0002695625
PREVIEW_MODNEG_2023,preview,2,15,561,640,lokal_offen,0.18674886675,0.24810551275,0.19172408475000002,0.70916955875,0.06548962975000001,0.18386406235,0.974296895,0.6323052875,0.1827706875,0.36132339999999996,0.000448275
PREVIEW_MODNEG_2023,preview,2,16,601,680,lokal_offen,0.18969549575,0.26042851324999994,0.19774247125000002,0.70443522375,0.07343496937499994,0.19096664690999995,0.9726804667500001,0.6271047875,0.1925581625,0.354110775,0.000365375
PREVIEW_MODNEG_2023,preview,2,17,641,720,lokale_multisensorische_kippnaehe,0.208422515,0.26353789425,0.19909821225000002,0.70844550475,0.06176193612500002,0.19482776441000002,0.963118007625,0.6282384125,0.20724743750000002,0.3709434875,0.0003855125
PREVIEW_MODNEG_2023,preview,2,18,681,760,lokal_rekoppelnd,0.18696558424999998,0.22253099975,0.18689449925,0.7169735690000001,0.038319613625000026,0.17169233807,0.98214620725,0.638736575,0.1839398375,0.3797413375,0.0003227
PREVIEW_MODNEG_2023,preview,2,19,721,800,lokal_rekoppelnd,0.19701509599999997,0.20161404300000002,0.18599832225000001,0.7134519475,0.011744652000000052,0.16450953369000001,0.9866837527500001,0.63748625,0.1733393375,0.3677017625,0.00012385
PREVIEW_MODNEG_2023,preview,2,20,761,840,lokal_offen,0.23000742325,0.2225885955,0.19306826699999996,0.7083688295000001,0.014524558374999993,0.18045154995999999,0.9667702576249999,0.6319278500000001,0.18774202499999998,0.36350668750000004,0.0009905625
PREVIEW_MODNEG_2023,preview,2,21,801,880,lokal_rekoppelnd,0.21053335550000005,0.22248411,0.19140696075000002,0.71136345825,0.012224533249999964,0.17478662291000002,0.974898228,0.6343696125,0.1880812875,0.36945985000000003,0.0011145374999999998
PREVIEW_MODNEG_2023,preview,2,22,841,920,lokal_rekoppelnd,0.19677155224999998,0.22147969525,0.19021747825000002,0.7104040094999999,0.026920864875000016,0.17316592995,0.9810918545,0.6340669250000001,0.1814304125,0.364464,0.0002166
PREVIEW_MODNEG_2023,preview,2,23,881,960,lokal_rekoppelnd,0.20303523624999995,0.224358178,0.18903825249999998,0.7107507155,0.023587612375000046,0.1744022083,0.9753415453750001,0.635054925,0.180260925,0.3671864,0.0010978125
PREVIEW_NEG_2023,preview,1,1,1,80,lokal_offen,0.19272002400000002,0.204472111,0.19108700625000002,0.7082284360000001,0.012625949499999997,0.16613758657,0.99249093875,0.6330565499999999,0.1791911125,0.357522,0.0003111125
PREVIEW_NEG_2023,preview,1,2,41,120,lokal_offen,0.19569630675,0.21387591949999998,0.19488146600000003,0.7054031135,0.025376452749999993,0.1725148945,0.9900953528750001,0.6297267,0.186979225,0.3557853125,0.0018861124999999999
PREVIEW_NEG_2023,preview,1,3,81,160,lokal_offen,0.1835872135,0.20658457325,0.19131533400000003,0.7059580565,0.029396405374999972,0.16721817392000002,0.9962294406250001,0.6323272249999999,0.1760397,0.35189815,0.002133075
PREVIEW_NEG_2023,preview,1,4,121,200,lokal_offen,0.17787001,0.19126755625000003,0.18618690475,0.70791414725,0.015018720000000029,0.15802329681000002,0.998381878375,0.6362422125,0.1626214875,0.35003134999999996,0.0009265
PREVIEW_NEG_2023,preview,1,5,161,240,lokal_offen,0.21875349300000002,0.22482720425,0.20027098850000002,0.6972944787500001,0.012458083124999974,0.1805502165,0.978480639875,0.6233838875,0.18967272500000001,0.341028025,0.000368425
PREVIEW_NEG_2023,preview,1,6,201,280,lokale_multisensorische_kippnaehe,0.22441201349999998,0.249369492,0.20544086700000003,0.69713137775,0.03809398912500001,0.19376131169999997,0.96855011425,0.6202862125,0.204685075,0.34441683749999996,0.0004516125
PREVIEW_NEG_2023,preview,1,7,241,320,lokale_multisensorische_kippnaehe,0.19884309275000003,0.259220776,0.20165342725000002,0.701469344,0.06991558574999995,0.19371705603000003,0.972621492875,0.624078225,0.1979581875,0.3473679125,0.0005437125
PREVIEW_NEG_2023,preview,1,8,281,360,lokal_offen,0.2029559285,0.24645040175,0.19790008825000002,0.70601851225,0.048070360124999996,0.18679280865,0.9731969231250001,0.6281872125,0.1966672625,0.35900925,0.0013031875
PREVIEW_NEG_2023,preview,1,9,321,400,lokal_rekoppelnd,0.18626763925,0.21044627075000003,0.18863671375000002,0.7132901475000001,0.02781834712500002,0.16757149089000004,0.9902797587500001,0.6369034,0.1815157125,0.36910906250000003,0.0012495499999999999
PREVIEW_NEG_2023,preview,1,10,361,440,lokal_offen,0.19642719925,0.2152792255,0.19333378725,0.7074186125,0.021933973125000016,0.17191914105,0.987480574875,0.6322512,0.1849325375,0.3570149375,0.0003907375
PREVIEW_NEG_2023,preview,1,11,401,480,lokal_rekoppelnd,0.1970412815,0.21291390999999998,0.19099062850000004,0.710726046,0.017695231624999988,0.16997710927999998,0.9860130327500001,0.63487595,0.184279475,0.364470825,0.002220925
PREVIEW_NEG_2023,preview,1,12,441,520,lokal_rekoppelnd,0.19269094375,0.20962424449999997,0.1866144795,0.714725216,0.017711110124999964,0.16657063542,0.985456885375,0.6382462,0.178473625,0.37243732500000004,0.00207775
PREVIEW_NEG_2023,preview,1,13,481,560,lokal_offen,0.21674883174999998,0.25129864925,0.19656316000000001,0.7070330845,0.03767466562500003,0.18912207954,0.9625394195,0.629064625,0.19566475,0.362936725,0.0017020750000000002
PREVIEW_NEG_2023,preview,1,14,521,600,lokal_offen,0.20270420225000002,0.2559871485,0.19509689500000002,0.7091743214999999,0.05395970187499996,0.18895435867999996,0.965751219625,0.63141695,0.195244325,0.3667305375,0.0037803125
PREVIEW_NEG_2023,preview,1,15,561,640,lokal_rekoppelnd,0.17564457700000002,0.21957651225,0.18708979300000006,0.713357826,0.04464433837499997,0.16934848104000003,0.9894792483750001,0.6381756249999999,0.17634907500000002,0.3665337125,0.0023839125
PREVIEW_NEG_2023,preview,1,16,601,680,lokal_rekoppelnd,0.18775087075,0.22281282299999997,0.190002416,0.71164953,0.035839560374999975,0.17267048591999998,0.9847205691250001,0.635465425,0.18148007500000002,0.36394553749999997,0.00020722499999999998
PREVIEW_NEG_2023,preview,1,17,641,720,lokal_rekoppelnd,0.18276894425000004,0.22992139025,0.19136583075000002,0.709501069,0.04798537599999996,0.17561503951000001,0.9850206635000001,0.6334764749999999,0.1814447125,0.3594550875,0.0019289
PREVIEW_NEG_2023,preview,1,18,681,760,lokal_offen,0.19573269725,0.21579476599999997,0.1938933675,0.70347422475,0.02954585249999997,0.17329553988000002,0.988129635875,0.6301265375,0.179565475,0.347642625,0.001931025
PREVIEW_NEG_2023,preview,1,19,721,800,lokal_offen,0.2049101515,0.21814759525,0.19397858925,0.70368010825,0.024852941874999993,0.17534262205,0.9824497158750001,0.6301888875,0.1815455875,0.3505078875,0.000478125
PREVIEW_NEG_2023,preview,1,20,761,840,lokal_rekoppelnd,0.1902414035,0.21751792074999998,0.18774323125,0.70952130925,0.027525393499999995,0.16985386403,0.9838635691250001,0.6357966125,0.1740143625,0.362152325,0.001029925
PREVIEW_NEG_2023,preview,1,21,801,880,lokale_multisensorische_kippnaehe,0.21627101725000003,0.27088238075,0.2012659545,0.7016660124999999,0.05981990599999996,0.1989437441,0.9576892555000001,0.6244051749999999,0.20306047500000002,0.357586825,0.0006928625
PREVIEW_NEG_2023,preview,1,22,841,920,lokale_multisensorische_kippnaehe,0.21549277025000002,0.29802673475,0.20674044625,0.70067272125,0.091611477,0.21232907817,0.9499806937499999,0.6210114875,0.21540098749999997,0.3552656625,0.0008869500000000001
PREVIEW_NEG_2023,preview,1,23,881,960,lokale_multisensorische_kippnaehe,0.21342783200000004,0.27700062,0.2026305605,0.700346848,0.06615820299999994,0.20123514273999998,0.9574163345,0.6233107,0.199622525,0.34623265000000003,0.0008943375
PREVIEW_NEG_2023,preview,2,1,1,80,lokal_offen,0.19278705525000003,0.204472111,0.19105067200000003,0.70811432325,0.012558918249999981,0.16612986874000002,0.992421088875,0.6327518624999999,0.17903335,0.3578011,0.0003111125
PREVIEW_NEG_2023,preview,2,2,41,120,lokal_offen,0.195767749,0.21387591949999998,0.1948440945,0.70528113525,0.025305010499999996,0.17250715613999998,0.99002226025,0.6294019625,0.186813325,0.356079825,0.0018861124999999999
PREVIEW_NEG_2023,preview,2,3,81,160,lokal_offen,0.18365584525,0.20658457325,0.19127939925,0.70584099325,0.02932777362499998,0.16721072794999997,0.99615919,0.6320152625000001,0.17588071249999998,0.3521819,0.002133075
PREVIEW_NEG_2023,preview,2,4,121,200,lokal_offen,0.17793332875,0.19126755625000003,0.18615348150000002,0.7078063824999999,0.014955401250000016,0.15801632994000003,0.998446961,0.6359543999999999,0.16247499999999998,0.3502948125,0.0009265
PREVIEW_NEG_2023,preview,2,5,161,240,lokal_offen,0.21881471349999998,0.22482720425,0.20024106375,0.69718960675,0.012396862625000015,0.18054434123,0.9784201048750001,0.6231056125000001,0.1895348625,0.3412772125,0.000368425
PREVIEW_NEG_2023,preview,2,6,201,280,lokale_multisensorische_kippnaehe,0.22447448525,0.249369492,0.20541061650000003,0.6970242225,0.038031517375,0.19375541926,0.968488627875,0.62000225,0.20454460000000002,0.34467003749999997,0.0004516125
PREVIEW_NEG_2023,preview,2,7,241,320,lokale_multisensorische_kippnaehe,0.198904932,0.259220776,0.2016229255,0.70136358675,0.06985374649999998,0.19371102254,0.9725600715,0.6237971375,0.197818775,0.34762072499999996,0.0005437125
PREVIEW_NEG_2023,preview,2,8,281,360,lokal_offen,0.20302652100000002,0.24645040175,0.19786405975000004,0.70589779975,0.047999767624999974,0.18678548579,0.973125598375,0.6278663375,0.1965049875,0.359298575,0.0013031875
PREVIEW_NEG_2023,preview,2,9,321,400,lokal_rekoppelnd,0.18633828125000004,0.21044627075000003,0.18859822975,0.713169841,0.027747705124999984,0.16756328800999998,0.99020595375,0.6365822999999999,0.1813488875,0.3694032,0.0012495499999999999
PREVIEW_NEG_2023,preview,2,10,361,440,lokal_offen,0.19648780924999998,0.2152792255,0.19330184574999998,0.7073152345,0.021873363125000028,0.17191249091,0.987418328375,0.6319757,0.1847915625,0.35726558750000004,0.0003907375
PREVIEW_NEG_2023,preview,2,11,401,480,lokal_rekoppelnd,0.19710904699999998,0.21291390999999998,0.19095466825000001,0.7106105965,0.017627466125000005,0.16996958483,0.9859431897500001,0.634567925,0.1841216625,0.364751975,0.002220925
PREVIEW_NEG_2023,preview,2,12,441,520,lokal_rekoppelnd,0.19276590875000002,0.20962424449999997,0.18657308775000003,0.714597985,0.017636145124999954,0.16656173158999998,0.985378011125,0.63790545,0.1782967375,0.372752475,0.00207775
PREVIEW_NEG_2023,preview,2,13,481,560,lokal_offen,0.216820725,0.25129864925,0.196525418,0.70691042775,0.03760277237500002,0.18911424388,0.962465730875,0.6287378375,0.19549785,0.36323384999999997,0.0017020750000000002
PREVIEW_NEG_2023,preview,2,14,521,600,lokal_offen,0.20277607350000001,0.2559871485,0.195059237,0.7090515177500001,0.053887830624999966,0.18894655149999998,0.965677626,0.6310902625,0.19507687499999998,0.3670261875,0.0037803125
PREVIEW_NEG_2023,preview,2,15,561,640,lokal_rekoppelnd,0.175712249,0.21957651225,0.1870525715,0.7132427455,0.044576666375000004,0.16934049505999998,0.989408190875,0.6378680250000001,0.176188875,0.36681660000000005,0.0023839125
PREVIEW_NEG_2023,preview,2,16,601,680,lokal_rekoppelnd,0.18781768475,0.22281282299999997,0.18996655425,0.711535671,0.03577274637499998,0.17266292080999998,0.984651300375,0.635161725,0.1813234875,0.3642230875,0.00020722499999999998
PREVIEW_NEG_2023,preview,2,17,641,720,lokal_rekoppelnd,0.1828371085,0.22992139025,0.19132924425,0.70938492275,0.04791721174999999,0.17560732150999997,0.984949994875,0.6331666375,0.18128496249999998,0.35973825000000004,0.0019289
PREVIEW_NEG_2023,preview,2,18,681,760,lokal_offen,0.195793618,0.21579476599999997,0.19386158825,0.7033703055,0.02948493174999997,0.17328897300999999,0.98806739625,0.6298496250000001,0.1794246125,0.34789435,0.001931025
PREVIEW_NEG_2023,preview,2,19,721,800,lokal_offen,0.20497214475000003,0.21814759525,0.19394705225000003,0.703574149,0.02479094862499996,0.17533622819,0.98238718225,0.6299070999999999,0.1814035625,0.350762275,0.000478125
PREVIEW_NEG_2023,preview,2,20,761,840,lokal_rekoppelnd,0.19031212799999997,0.21751792074999998,0.18770478724999998,0.70940095675,0.027454669000000015,0.16984568214999998,0.983789762875,0.6354751375000001,0.1738479125,0.36244735,0.001029925
PREVIEW_NEG_2023,preview,2,21,801,880,lokale_multisensorische_kippnaehe,0.21634224775000002,0.27088238075,0.2012305655,0.701543853,0.059748675499999966,0.19893670249999998,0.95761825125,0.6240814,0.202897975,0.35787605,0.0006928625
PREVIEW_NEG_2023,preview,2,22,841,920,lokale_multisensorische_kippnaehe,0.21556008750000002,0.29802673475,0.20670849600000002,0.7005569374999999,0.09154415974999999,0.21232296146000001,0.949915084875,0.6207055,0.215250025,0.35553596249999997,0.0008869500000000001
PREVIEW_NEG_2023,preview,2,23,881,960,lokale_multisensorische_kippnaehe,0.21348842825000006,0.27700062,0.202600037,0.70024327125,0.06609760674999993,0.20122900198,0.957355512875,0.6230352625,0.1994845,0.34648115,0.0008943375
PREVIEW_REAL2_2023,preview,1,1,1,80,lokale_multisensorische_kippnaehe,0.22857209825000002,0.3368162835,0.21495756800000004,0.6945284472500001,0.11747795087499996,0.23187440823999997,0.932263377125,0.6137478375,0.228689725,0.3454872875,0.0
PREVIEW_REAL2_2023,preview,1,2,41,120,lokale_multisensorische_kippnaehe,0.23264142950000002,0.3839433405,0.22500245375,0.68388961275,0.1648010435,0.25534939511,0.91671006875,0.6034376875,0.23986093749999998,0.32662610000000003,0.0
PREVIEW_REAL2_2023,preview,1,3,81,160,lokale_multisensorische_kippnaehe,0.21031998400000002,0.36094862125000005,0.21986586375,0.68885166225,0.16543252600000002,0.24272538037000005,0.934231561125,0.6078712375,0.2328756125,0.3351137375,0.0
PREVIEW_REAL2_2023,preview,1,4,121,200,lokale_multisensorische_kippnaehe,0.21008993500000003,0.31550336474999996,0.21099091025000002,0.696090492,0.11789000224999992,0.22096151998999997,0.948194260375,0.616017525,0.2197109375,0.3473330125,8.04625e-05
PREVIEW_REAL2_2023,preview,1,5,161,240,lokal_offen,0.198530449,0.27907180574999996,0.20405993,0.6989430725,0.08883416924999996,0.20229958301999995,0.965258802625,0.6212641,0.202839225,0.3470101125,8.04625e-05
PREVIEW_REAL2_2023,preview,1,6,201,280,lokal_offen,0.19140302850000002,0.25739586299999995,0.19887574375,0.704290038,0.06901318137499993,0.19034911072999997,0.974476298,0.626361925,0.1948988625,0.3533150375,0.0
PREVIEW_REAL2_2023,preview,1,7,241,320,lokal_offen,0.20519736350000004,0.2529745205,0.19800261775000003,0.7055497655,0.04910707824999999,0.18909932707000002,0.96891667575,0.627701725,0.1942901375,0.355038075,0.0
PREVIEW_REAL2_2023,preview,1,8,281,360,lokal_offen,0.2064224775,0.25902312774999997,0.19923456675,0.703330914,0.05390654837499996,0.19205643703,0.9665117641250001,0.6264576749999999,0.1937263125,0.3494126875,0.0001
PREVIEW_REAL2_2023,preview,1,9,321,400,lokal_offen,0.21347048900000004,0.281748709,0.204229496,0.7000660995,0.07717781874999995,0.20472367708,0.9566198969999999,0.6222682749999999,0.20318755,0.345549425,0.0001
PREVIEW_REAL2_2023,preview,1,10,361,440,lokal_offen,0.21436262250000004,0.28205057874999995,0.20289561700000003,0.702200301,0.07831150624999991,0.20471143141999998,0.954689016375,0.6243860999999999,0.20531665000000002,0.3532969,0.0009860375
PREVIEW_REAL2_2023,preview,1,11,401,480,lokal_offen,0.207578477,0.27784398125,0.20063712800000003,0.70543830875,0.07434946174999997,0.20062666994,0.957925898875,0.6272636875,0.2048457,0.360335625,0.0013782875
PREVIEW_REAL2_2023,preview,1,12,441,520,lokal_rekoppelnd,0.21800108650000002,0.25891998149999995,0.19865083325000002,0.70729295675,0.04170347249999993,0.19264791189,0.96019029925,0.6283736375,0.2015313125,0.36330070000000003,0.0004718
PREVIEW_REAL2_2023,preview,1,13,481,560,lokal_rekoppelnd,0.18905975525000002,0.2328683575,0.19130603225000004,0.71170620925,0.045888171,0.17747502603,0.980341975875,0.6340195125,0.1864361625,0.3675879,0.00028965
PREVIEW_REAL2_2023,preview,1,14,521,600,lokal_rekoppelnd,0.1635957845,0.2380891935,0.19174029375,0.71182787625,0.08030672087499997,0.17827997581,0.99089780475,0.6344679875,0.1863431125,0.3647202375,0.0003152375
PREVIEW_REAL2_2023,preview,1,15,561,640,lokal_offen,0.19909769375,0.28619300975,0.20404415000000004,0.70226320975,0.09680331412500001,0.2054141931,0.9613987982500001,0.6235629375,0.20564025,0.34909215,0.0001051375
PREVIEW_REAL2_2023,preview,1,16,601,680,lokale_multisensorische_kippnaehe,0.20601398450000002,0.3050772385,0.20779214950000002,0.69781659675,0.10754404712499999,0.21467411488000002,0.952246538,0.6190034125,0.20810415,0.3400122125,2.5450000000000002e-05
PREVIEW_REAL2_2023,preview,1,17,641,720,lokal_offen,0.196008635,0.26994658875,0.20199624849999998,0.6987653487500001,0.08068319312500001,0.19745721405999997,0.969018636625,0.6227156375,0.194408725,0.341254825,0.00016871250000000001
PREVIEW_REAL2_2023,preview,1,18,681,760,lokal_offen,0.1970055225,0.26966063100000004,0.20186612975,0.69879074925,0.07925233725000003,0.19735205751,0.968533053,0.6231059625,0.1943702375,0.3413716,0.0001982
PREVIEW_REAL2_2023,preview,1,19,721,800,lokal_offen,0.19125516625000002,0.249515474,0.19692297800000003,0.70076963525,0.06065894087499996,0.18638265628,0.976537657875,0.6268989625,0.1826961,0.341689725,0.0005995
PREVIEW_REAL2_2023,preview,1,20,761,840,lokal_rekoppelnd,0.15971210049999998,0.20658014025,0.18462073225,0.71070758125,0.04761410412500001,0.16199185804999996,0.998525388125,0.6387178125,0.1630662125,0.355647525,0.0024065125
PREVIEW_REAL2_2023,preview,1,21,801,880,lokal_rekoppelnd,0.1641879895,0.19813491449999998,0.18479328350000002,0.712109269,0.03695154374999998,0.15939532602,0.9963681685,0.63926315,0.166563925,0.360076475,0.002124375
PREVIEW_REAL2_2023,preview,1,22,841,920,lokal_rekoppelnd,0.17272099975,0.20334857975,0.186252419,0.70891874925,0.031166435625000013,0.16229419962,0.99821762925,0.6365940625000001,0.1654621,0.3541106,0.0020733624999999998
PREVIEW_REAL2_2023,preview,1,23,881,960,lokal_rekoppelnd,0.14249785574999999,0.20412274225000002,0.18187480325000002,0.7116542459999999,0.06435251962500003,0.15896027583,0.99143549575,0.64090715,0.1547123625,0.353637,0.0048972875
PREVIEW_REAL2_2023,preview,2,1,1,80,lokale_multisensorische_kippnaehe,0.228640917,0.3368162835,0.21492656425,0.6944093315,0.11740913212499998,0.23186875238999996,0.932197964,0.613435025,0.2285369125,0.3457579,0.0
PREVIEW_REAL2_2023,preview,2,2,41,120,lokale_multisensorische_kippnaehe,0.23270442925000004,0.3839433405,0.22497842324999998,0.6837795710000001,0.16473804374999998,0.25534578411,0.916654538375,0.603151325,0.23972868749999998,0.32686506249999997,0.0
PREVIEW_REAL2_2023,preview,2,3,81,160,lokale_multisensorische_kippnaehe,0.21038748825000003,0.36094862125000005,0.2198385235,0.6887344234999999,0.16536502175,0.24272093822000002,0.93417046875,0.6075644,0.23273229999999998,0.3353750125,0.0
PREVIEW_REAL2_2023,preview,2,4,121,200,lokale_multisensorische_kippnaehe,0.21016056049999998,0.31550336474999996,0.2109577205,0.695969107,0.11781937674999997,0.22095522171999998,0.948125757875,0.6156965000000001,0.21955382499999998,0.3476171,8.04625e-05
PREVIEW_REAL2_2023,preview,2,5,161,240,lokal_offen,0.19859421049999998,0.27907180574999996,0.2040284025,0.6988337365,0.08877040774999997,0.20229333403999997,0.965195394375,0.620974275,0.20269427499999998,0.347269125,8.04625e-05
PREVIEW_REAL2_2023,preview,2,6,201,280,lokal_offen,0.19146632524999999,0.25739586299999995,0.19884241700000002,0.70418201675,0.06894988462499996,0.19034217683999996,0.9744113228750001,0.6260742125000001,0.194751575,0.3535765375,0.0
PREVIEW_REAL2_2023,preview,2,7,241,320,lokal_offen,0.20526763150000002,0.2529745205,0.19796606475,0.7054298675,0.04903681025000001,0.18909178943,0.9688449887499999,0.627382325,0.19412778749999998,0.355328125,0.0
PREVIEW_REAL2_2023,preview,2,8,281,360,lokal_offen,0.206488978,0.25902312774999997,0.1992007445,0.703217139,0.05384004787499998,0.19204958105999997,0.966444691625,0.6261554,0.193573575,0.349684875,0.0001
PREVIEW_REAL2_2023,preview,2,9,321,400,lokal_offen,0.21353549075000006,0.281748709,0.20419868025000004,0.6999540112499999,0.07711281699999993,0.20471778355,0.956556580375,0.6219728124999999,0.20304091249999998,0.34580877499999996,0.0001
PREVIEW_REAL2_2023,preview,2,10,361,440,lokal_offen,0.21443274200000004,0.28205057874999995,0.20286250800000002,0.7020794324999999,0.07824138674999992,0.20470512174,0.954620847625,0.624067375,0.20515895,0.353576825,0.0009860375
PREVIEW_REAL2_2023,preview,2,11,401,480,lokal_offen,0.20764827474999997,0.27784398125,0.20060191700000002,0.70531878,0.07427966400000001,0.20061957779999998,0.957855789,0.6269464250000001,0.20468572499999999,0.3606204375,0.0013782875
PREVIEW_REAL2_2023,preview,2,12,441,520,lokal_rekoppelnd,0.21807096400000003,0.25891998149999995,0.19861462525,0.70717354725,0.04163359499999992,0.19264046721,0.9601191525,0.6280560125,0.20136961250000002,0.363588,0.0004718
PREVIEW_REAL2_2023,preview,2,13,481,560,lokal_rekoppelnd,0.18912844200000004,0.2328683575,0.19126969625,0.7115890954999999,0.04581948424999998,0.17746744001,0.9802712965,0.6337073,0.1862762375,0.3678723625,0.00028965
PREVIEW_REAL2_2023,preview,2,14,521,600,lokal_rekoppelnd,0.16366119875000001,0.2380891935,0.191705753,0.7117161630000001,0.08024130662499997,0.17827277428,0.990830556875,0.63417065,0.18619035,0.36499005,0.0003152375
PREVIEW_REAL2_2023,preview,2,15,561,640,lokal_offen,0.19916133700000002,0.28619300975,0.20401294450000002,0.7021539640000001,0.09673967087499999,0.20540805058,0.961335771125,0.62327365,0.205495825,0.34934980000000004,0.0001051375
PREVIEW_REAL2_2023,preview,2,16,601,680,lokale_multisensorische_kippnaehe,0.206075656,0.3050772385,0.20776354300000002,0.6977103572500001,0.10748237562500002,0.21466875026,0.95218709575,0.6187230875,0.207966975,0.3402584375,2.5450000000000002e-05
PREVIEW_REAL2_2023,preview,2,17,641,720,lokal_offen,0.19607074375,0.26994658875,0.20196581,0.6986587775,0.080621084375,0.1974512249,0.96895714375,0.622433325,0.19426795,0.341506475,0.00016871250000000001
PREVIEW_REAL2_2023,preview,2,18,681,760,lokal_offen,0.19706541475000003,0.26966063100000004,0.20183592825000002,0.6986883859999999,0.079192445,0.19734597635000004,0.968472905375,0.622833725,0.1942338375,0.3416174125,0.0001982
PREVIEW_REAL2_2023,preview,2,19,721,800,lokal_offen,0.19131882050000001,0.249515474,0.19689057299999999,0.7006610315,0.060595286624999974,0.18637608281999998,0.97647342575,0.6266096250000001,0.18255095000000002,0.34195220000000004,0.0005995
PREVIEW_REAL2_2023,preview,2,20,761,840,lokal_rekoppelnd,0.15978330075000002,0.20658014025,0.18458213100000004,0.7105865925,0.047542903874999966,0.16198365762,0.9985995894999999,0.638394175,0.16289945,0.3559454,0.0024065125
PREVIEW_REAL2_2023,preview,2,21,801,880,lokal_rekoppelnd,0.164255733,0.19813491449999998,0.18475518925,0.711994277,0.03688380024999999,0.15938703157,0.9964401345,0.638955225,0.1664022375,0.3603615875,0.002124375
PREVIEW_REAL2_2023,preview,2,22,841,920,lokal_rekoppelnd,0.1727863865,0.20334857975,0.18621480025,0.7088078245,0.031101048875000006,0.16228588780999997,0.998147317125,0.63629685,0.1653041375,0.3543868125,0.0020733624999999998
PREVIEW_REAL2_2023,preview,2,23,881,960,lokal_rekoppelnd,0.14249785574999999,0.20412274225000002,0.18176600825,0.71154370475,0.06435251962500003,0.15892110962999997,0.9915442907500001,0.6406106874999999,0.1545548625,0.353913225,0.0048972875
PREVIEW_REAL3_2023,preview,1,1,1,80,lokal_offen,0.23708371075000004,0.25672339075,0.20389967850000001,0.6979338775,0.019705913124999967,0.19507053472,0.95699612775,0.6214782249999999,0.201653625,0.3455389,0.0
PREVIEW_REAL3_2023,preview,1,2,41,120,lokal_rekoppelnd,0.1764326375,0.22977704524999998,0.19457208025,0.7013964045,0.054121569624999984,0.17619572389,0.991467238875,0.6283674,0.1755439375,0.3395234125,0.0009594374999999999
PREVIEW_REAL3_2023,preview,1,3,81,160,lokal_offen,0.18878084425,0.25412717075,0.2003584385,0.699512337,0.06946151712500002,0.18954080420000002,0.978904431,0.62463415,0.188724175,0.337477925,0.0009594374999999999
PREVIEW_REAL3_2023,preview,1,4,121,200,lokal_rekoppelnd,0.21925233675,0.26827208025,0.20387027675000002,0.702012781,0.05013271724999999,0.19842039446999998,0.9601080682500001,0.6234916,0.2050682375,0.34907469999999996,0.0
PREVIEW_REAL3_2023,preview,1,5,161,240,lokal_rekoppelnd,0.204133905,0.244432082,0.19805412075,0.707895983,0.04045645137499999,0.18542835257,0.97377112725,0.628995025,0.19963401249999999,0.36231318749999997,0.0
PREVIEW_REAL3_2023,preview,1,6,201,280,lokal_rekoppelnd,0.20921584325,0.25386354099999997,0.202252757,0.70230485475,0.048166685249999966,0.19165671437999998,0.970713064875,0.6247869625,0.202333075,0.3509580875,0.0
PREVIEW_REAL3_2023,preview,1,7,241,320,lokal_offen,0.2159621325,0.30886042999999996,0.2093389545,0.70027865625,0.10896085187499999,0.21875317492,0.94692767325,0.6200386124999999,0.218775225,0.349176775,7.7775e-05
PREVIEW_REAL3_2023,preview,1,8,281,360,lokale_multisensorische_kippnaehe,0.23866349375000007,0.39842342875,0.22658617425000005,0.689537826,0.1901107712499999,0.26488960753,0.9080427130000001,0.605467075,0.2529758375,0.33856756250000003,0.00053355
PREVIEW_REAL3_2023,preview,1,9,321,400,lokale_multisensorische_kippnaehe,0.26042942475,0.39954892350000004,0.23052982600000005,0.6824779475,0.16176295875000002,0.26726761434,0.900540651875,0.5998325999999999,0.253621875,0.32670893749999996,0.000455775
PREVIEW_REAL3_2023,preview,1,10,361,440,lokal_offen,0.24185512175,0.3293957055,0.21477646974999998,0.69609487525,0.09507605312500002,0.22963189615000001,0.9291510561249999,0.6146866625,0.22955118749999998,0.346730675,4.07e-05
PREVIEW_REAL3_2023,preview,1,11,401,480,lokal_offen,0.22623242,0.31880222199999997,0.2100288845,0.7003896695,0.09790794512499998,0.22208398372,0.9375115635,0.619077125,0.22250442499999998,0.35322054999999997,4.07e-05
PREVIEW_REAL3_2023,preview,1,12,441,520,lokale_multisensorische_kippnaehe,0.22641006199999997,0.36744856400000003,0.22019091750000003,0.694817263,0.15939997450000007,0.24729879646000003,0.9232616044999999,0.610556475,0.24574135,0.3521379375,3.38125e-05
PREVIEW_REAL3_2023,preview,1,13,481,560,lokale_multisensorische_kippnaehe,0.20586543475000002,0.3737982485,0.22062497025000002,0.696097959,0.19753053749999996,0.25014915927000003,0.9307931286250001,0.6102787000000001,0.2525301125,0.3618419,3.38125e-05
PREVIEW_REAL3_2023,preview,1,14,521,600,lokale_multisensorische_kippnaehe,0.20195407225000006,0.34454180800000006,0.2136522965,0.69703648625,0.161033602,0.23383921432000002,0.940404356375,0.6145377375,0.23160565000000002,0.35602283749999997,0.001225
PREVIEW_REAL3_2023,preview,1,15,561,640,lokal_offen,0.21942985300000004,0.33218125024999995,0.213245148,0.696380522,0.1223877809999999,0.22873696301999996,0.937439596375,0.61515535,0.22834854999999998,0.35178037500000003,0.0015070375
PREVIEW_REAL3_2023,preview,1,16,601,680,lokal_rekoppelnd,0.19911866649999999,0.29989500350000003,0.20570835725,0.7030806755,0.11159712075000004,0.21167382873,0.95620152225,0.62210115,0.2181404875,0.36377566250000004,0.0003118875
PREVIEW_REAL3_2023,preview,1,17,641,720,lokal_rekoppelnd,0.19351344475000004,0.28606380275,0.20339372475,0.70252845725,0.10085750299999995,0.20445748079,0.963605101,0.6230236625,0.2074021875,0.3559867,5.6725e-05
PREVIEW_REAL3_2023,preview,1,18,681,760,lokal_offen,0.18762497050000002,0.29632874925,0.203745302,0.69889941425,0.11324030812500001,0.20761565076,0.961768442125,0.6215625625000001,0.19989555,0.34322085,0.00013515
PREVIEW_REAL3_2023,preview,1,19,721,800,lokal_offen,0.18354095350000002,0.3121062185,0.20504755949999998,0.70074318375,0.14007756562499996,0.21518485319999997,0.9572239735,0.6214614375,0.20886667499999997,0.352081825,0.00010827499999999999
PREVIEW_REAL3_2023,preview,1,20,761,840,lokal_rekoppelnd,0.18147565950000002,0.308278819,0.20387129450000002,0.7019904007500001,0.13717602199999995,0.21288290438000002,0.95899405525,0.6223936875,0.206707925,0.353174575,0.000155375
PREVIEW_REAL3_2023,preview,1,21,801,880,lokal_offen,0.19622745850000003,0.29023617725,0.20161096000000003,0.6997418875,0.09412437187499997,0.20439111768000004,0.958379142125,0.623008625,0.1962435,0.3459488,0.0002863375
PREVIEW_REAL3_2023,preview,1,22,841,920,lokal_offen,0.21640280399999998,0.29748629849999997,0.20731923624999998,0.696761831,0.083794747625,0.21137546926999998,0.950374685,0.6187243,0.2092551125,0.34466835,0.0001646125
PREVIEW_REAL3_2023,preview,1,23,881,960,lokal_offen,0.18481556975000002,0.28362493125,0.20435712150000002,0.6989798895,0.10108595837499998,0.20216803732,0.970136871,0.621306225,0.200539575,0.3415642,3.365e-05
PREVIEW_REAL3_2023,preview,2,1,1,80,lokal_offen,0.23713965400000003,0.25672339075,0.20387254424999998,0.69783797125,0.01964996987499997,0.19506524185,0.956941021875,0.6212239375,0.2015278875,0.34576596249999997,0.0
PREVIEW_REAL3_2023,preview,2,2,41,120,lokal_rekoppelnd,0.176488138,0.22977704524999998,0.19454377225000002,0.701301815,0.054066069124999984,0.17618997305,0.9914111806250001,0.628115125,0.1754175875,0.3397528875,0.0009594374999999999
PREVIEW_REAL3_2023,preview,2,3,81,160,lokal_offen,0.18884029649999998,0.25412717075,0.20033044625000002,0.69941010775,0.06940206487500004,0.18953548317,0.978846712625,0.6243639125,0.1885915375,0.3377166875,0.0009594374999999999
PREVIEW_REAL3_2023,preview,2,4,121,200,lokal_rekoppelnd,0.21931760525000002,0.26827208025,0.20383920850000004,0.7019005525,0.05006744874999997,0.19841443138,0.96004436575,0.623194925,0.204921825,0.34933715,0.0
PREVIEW_REAL3_2023,preview,2,5,161,240,lokal_rekoppelnd,0.20420186575000002,0.244432082,0.19801799125000002,0.7077800252500001,0.040388490624999974,0.18542078281,0.973701017375,0.6286861125,0.1994751125,0.3625944,0.0
PREVIEW_REAL3_2023,preview,2,6,201,280,lokal_rekoppelnd,0.20927576025000003,0.25386354099999997,0.20222194025,0.70220238675,0.048106768249999945,0.19165041370999997,0.970652289625,0.6245146125,0.2021948375,0.35120398750000004,0.0
PREVIEW_REAL3_2023,preview,2,7,241,320,lokal_offen,0.21602511024999999,0.30886042999999996,0.20930942025000002,0.7001700000000001,0.10889787412499999,0.21874758080999995,0.946866650125,0.61975235,0.21863376250000002,0.34942747500000004,7.7775e-05
PREVIEW_REAL3_2023,preview,2,8,281,360,lokale_multisensorische_kippnaehe,0.23873155075000005,0.39842342875,0.22655885725000002,0.6894187745,0.1900427142499999,0.26488521797,0.9079813675,0.605157725,0.2528288125,0.338825425,0.00053355
PREVIEW_REAL3_2023,preview,2,9,321,400,lokale_multisensorische_kippnaehe,0.26049529,0.39954892350000004,0.23050554225000003,0.68236233775,0.16169709350000006,0.26726414141,0.9004834355,0.5995332125,0.2534837375,0.32695478749999995,0.000455775
PREVIEW_REAL3_2023,preview,2,10,361,440,lokal_offen,0.24192301650000003,0.3293957055,0.21474734700000003,0.695977033,0.095008158375,0.22962684354000001,0.9290879860000001,0.61437805,0.2294031,0.346994875,4.07e-05
PREVIEW_REAL3_2023,preview,2,11,401,480,lokal_offen,0.2263015605,0.31880222199999997,0.209997704,0.7002701325,0.09783880462499997,0.22207828998,0.93744581275,0.61876285,0.222351325,0.35349331250000005,4.07e-05
PREVIEW_REAL3_2023,preview,2,12,441,520,lokale_multisensorische_kippnaehe,0.22648486199999998,0.36744856400000003,0.22015926150000004,0.694686785,0.15932517450000006,0.24729338430000006,0.9231925485000001,0.610216475,0.24557669999999998,0.3524243125,3.38125e-05
PREVIEW_REAL3_2023,preview,2,13,481,560,lokale_multisensorische_kippnaehe,0.20594666700000003,0.3737982485,0.22058873950000002,0.69595661025,0.19744930524999996,0.25014261478,0.93071628175,0.6099094625,0.252347825,0.36215625,3.38125e-05
PREVIEW_REAL3_2023,preview,2,14,521,600,lokale_multisensorische_kippnaehe,0.20202665850000004,0.34454180800000006,0.21361755850000003,0.6969113825,0.16096101575000002,0.23383251554000004,0.9403333252499999,0.6142078,0.23144119999999999,0.3563128875,0.001225
PREVIEW_REAL3_2023,preview,2,15,561,640,lokal_offen,0.21949402425000003,0.33218125024999995,0.21321497475,0.6962699037500001,0.12232360974999991,0.22873123434999995,0.9373773375000001,0.6148636625,0.22820456249999999,0.3520364875,0.0015070375
PREVIEW_REAL3_2023,preview,2,16,601,680,lokal_rekoppelnd,0.19918778774999998,0.29989500350000003,0.205674248,0.70296199675,0.11152799950000004,0.21166707910000002,0.956132852375,0.6217869625000001,0.21798297500000002,0.3640554625,0.0003118875
PREVIEW_REAL3_2023,preview,2,17,641,720,lokal_rekoppelnd,0.19357966475000005,0.28606380275,0.20336086075000004,0.7024149557499999,0.10079128299999994,0.20445094735,0.963539127,0.6227226625,0.2072514625,0.3562559875,5.6725e-05
PREVIEW_REAL3_2023,preview,2,18,681,760,lokal_offen,0.18768740650000004,0.29632874925,0.20371484675,0.69879240825,0.11317787212499998,0.20760968175,0.961706768875,0.6212787625,0.1997548375,0.343474475,0.00013515
PREVIEW_REAL3_2023,preview,2,19,721,800,lokal_offen,0.18361145525000003,0.3121062185,0.20501246950000002,0.7006222019999999,0.14000706387499995,0.21517786093999997,0.9571536326250001,0.621140975,0.2087054,0.3523676625,0.00010827499999999999
PREVIEW_REAL3_2023,preview,2,20,761,840,lokal_rekoppelnd,0.18154497600000002,0.308278819,0.20383580675000001,0.70187168925,0.13710670549999995,0.21287567411,0.95892390925,0.6220786125,0.2065476875,0.3534577,0.000155375
PREVIEW_REAL3_2023,preview,2,21,801,880,lokal_offen,0.19629230075000004,0.29023617725,0.20157786725000001,0.69963115325,0.09405952962499997,0.20438439167,0.95831362825,0.6227138875,0.19609503749999999,0.34621556249999996,0.0002863375
PREVIEW_REAL3_2023,preview,2,22,841,920,lokal_offen,0.21646746199999997,0.29748629849999997,0.207288323,0.6966506765,0.083730089625,0.21136951313999996,0.95031144275,0.6184304,0.20910972499999997,0.3449284375,0.0001646125
PREVIEW_REAL3_2023,preview,2,23,881,960,lokal_offen,0.18487368000000004,0.28362493125,0.20432994449999997,0.69888000575,0.10102784812499996,0.20216290241999998,0.970080638875,0.6210420875,0.20041057499999998,0.34179775,3.365e-05
PREVIEW_REAL_2023,preview,1,1,1,80,lokal_offen,0.17263871449999998,0.24661780937499997,0.196471175,0.70382792625,0.07758323737499999,0.18376450671,0.9868429130625,0.6279233375000001,0.185720775,0.3478614375,0.0003181875
PREVIEW_REAL_2023,preview,1,2,41,120,lokal_rekoppelnd,0.173888432,0.21035333299999998,0.18941414550000002,0.711922697,0.03731074162499997,0.16637683464,0.997293263,0.63584025,0.179357075,0.36282800000000004,0.00048484999999999994
PREVIEW_REAL_2023,preview,1,3,81,160,lokal_rekoppelnd,0.1827962955,0.20952257,0.18860057875,0.71056053725,0.02756921449999998,0.16646381038999997,0.992441146,0.6362133125,0.1754479375,0.35980262500000004,0.0032030875
PREVIEW_REAL_2023,preview,1,4,121,200,lokal_offen,0.18203762275000002,0.22755096825,0.19368175475,0.7040511245,0.05189926175,0.17633057543,0.98888745925,0.6297467,0.1791466625,0.3484445125,0.0036777999999999997
PREVIEW_REAL_2023,preview,1,5,161,240,lokal_rekoppelnd,0.15550115375,0.2240125905,0.19124468700000002,0.7083454395,0.07526242049999998,0.17197337322,0.998512185125,0.632778675,0.17816084999999998,0.3553156,0.00144305
PREVIEW_REAL_2023,preview,1,6,201,280,lokal_rekoppelnd,0.1754051195,0.2193258195,0.19092264725,0.707129564,0.04798547749999998,0.17114525476999998,0.99355717775,0.6326285,0.1767252125,0.354665425,0.0013361625
PREVIEW_REAL_2023,preview,1,7,241,320,lokal_offen,0.18328544000000002,0.22430765475,0.19325763875,0.70422515625,0.042990185999999986,0.17427352245000002,0.9894610913749999,0.6304551875000001,0.1786805625,0.3489225375,0.0008679875
PREVIEW_REAL_2023,preview,1,8,281,360,lokal_rekoppelnd,0.16285786674999997,0.23053099424999998,0.19000589774999999,0.70834585875,0.06882213812500002,0.17382699192999998,0.9933114672500001,0.6344139625,0.17480731249999998,0.35384618749999996,0.0020670750000000002
PREVIEW_REAL_2023,preview,1,9,321,400,lokal_offen,0.19762047875000005,0.28483167975,0.20101190600000002,0.70438457625,0.09144214974999997,0.20278354816000002,0.95978582675,0.6260643124999999,0.20415389999999997,0.35872492500000003,0.002161825
PREVIEW_REAL_2023,preview,1,10,361,440,lokal_offen,0.22974490050000002,0.3090772845,0.20989141325,0.700411935,0.08738158774999999,0.21885928720999998,0.94048032075,0.619053225,0.22466258749999998,0.35760546249999997,0.0007503
PREVIEW_REAL_2023,preview,1,11,401,480,lokal_offen,0.20641125375,0.2655698014999999,0.20044645325,0.703421146,0.06125213399999993,0.19523651787,0.964455925625,0.62610915,0.19802576249999998,0.35108055,0.000372775
PREVIEW_REAL_2023,preview,1,12,441,520,lokal_offen,0.1784772485,0.231162323,0.193177217,0.70372591075,0.05844213262500001,0.1772080365,0.9883574312500001,0.6309108875,0.17695975,0.345852425,0.0007037874999999999
PREVIEW_REAL_2023,preview,1,13,481,560,lokal_offen,0.19090996125,0.24664444024999999,0.19618698725000003,0.70145282325,0.06184333962499998,0.18553530611,0.9774097865,0.6277292875,0.1822804375,0.3436666625,0.0008565
PREVIEW_REAL_2023,preview,1,14,521,600,lokal_offen,0.189855911,0.269274167,0.19868632425,0.70477367925,0.08233256600000002,0.19489150601000002,0.96912128525,0.6275392625,0.1948239625,0.352722,0.0003982625
PREVIEW_REAL_2023,preview,1,15,561,640,lokal_rekoppelnd,0.18038404274999997,0.2458022555,0.19360596225000004,0.7127304115,0.07067004150000003,0.18329006463000003,0.980512813125,0.63433065,0.1940624875,0.3686796375,0.0002857375
PREVIEW_REAL_2023,preview,1,16,601,680,lokal_rekoppelnd,0.2079416725,0.28432784749999995,0.2041225675,0.70641610575,0.08975330062499995,0.20598933719999996,0.9579878075,0.6250641875,0.21532287499999997,0.363359025,9.09125e-05
PREVIEW_REAL_2023,preview,1,17,641,720,lokal_offen,0.19222130175000002,0.29868026425,0.20591227475,0.7016413825,0.11870705062499998,0.21093792285,0.9604614917500001,0.6212583,0.2115572625,0.35257601250000004,0.001586
PREVIEW_REAL_2023,preview,1,18,681,760,lokal_offen,0.20709579774999998,0.3084995615,0.20691771875,0.702089543,0.12057666312500005,0.21752553107,0.949120039125,0.62110235,0.2181245375,0.3589003,0.0018101375
PREVIEW_REAL_2023,preview,1,19,721,800,lokale_multisensorische_kippnaehe,0.250133468,0.40939835950000003,0.2314052305,0.68482751,0.199112658375,0.27345154692,0.90163931675,0.599917725,0.26844104999999996,0.3474223625,0.0002241375
PREVIEW_REAL_2023,preview,1,20,761,840,lokale_multisensorische_kippnaehe,0.24766273975000003,0.42350456574999995,0.23447910350000004,0.68025468575,0.20579670287499993,0.27842010304,0.89889545075,0.5961586875,0.267504025,0.33497089999999996,0.000212125
PREVIEW_REAL_2023,preview,1,21,801,880,lokale_multisensorische_kippnaehe,0.23845722775000003,0.39060615475,0.22550744050000002,0.68591484625,0.17370837574999998,0.2599512305,0.91097574925,0.6039690125,0.247856025,0.33705522499999996,0.000466675
PREVIEW_REAL_2023,preview,1,22,841,920,lokale_multisensorische_kippnaehe,0.21288787925000005,0.38206831375,0.22272286700000002,0.690088024,0.19934058199999996,0.25486421156,0.9252447705,0.6070733749999999,0.24771092499999997,0.3470061875,0.00025455
PREVIEW_REAL_2023,preview,1,23,881,960,lokale_multisensorische_kippnaehe,0.20521780675000004,0.3424778755,0.214373276,0.70099198575,0.15955051437499995,0.23414942540000003,0.9405254348750001,0.6161021875,0.23954665,0.3640403,0.00035478749999999997
PREVIEW_REAL_2023,preview,2,1,1,80,lokal_offen,0.17270104325,0.24661780937499997,0.19643840225,0.7037216745,0.07752090862499998,0.18375769481999998,0.9867789759375001,0.627640025,0.1855763625,0.348119775,0.0003181875
PREVIEW_REAL_2023,preview,2,2,41,120,lokal_rekoppelnd,0.173957204,0.21035333299999998,0.18937697375,0.711805554,0.037241969624999975,0.16636895456999998,0.9972217052500001,0.63552765,0.1791953375,0.363114025,0.00048484999999999994
PREVIEW_REAL_2023,preview,2,3,81,160,lokal_rekoppelnd,0.182867361,0.20952257,0.18856151150000003,0.71043956675,0.027498148999999986,0.16645543141999997,0.9923665460000001,0.6358902875,0.175279325,0.36009895,0.0032030875
PREVIEW_REAL_2023,preview,2,4,121,200,lokal_offen,0.18210709600000002,0.22755096825,0.19364326875,0.70393297575,0.051829788499999994,0.17632227833,0.988814236625,0.6294309124999999,0.1789814125,0.34873496249999997,0.0036777999999999997
PREVIEW_REAL_2023,preview,2,5,161,240,lokal_rekoppelnd,0.1555711715,0.2240125905,0.19120680850000002,0.7082263677499999,0.07519240275,0.17196533838,0.9985850725,0.6324604125,0.17799674999999998,0.35560793749999997,0.00144305
PREVIEW_REAL_2023,preview,2,6,201,280,lokal_rekoppelnd,0.17547507125000003,0.2193258195,0.19088581125000004,0.70701045075,0.04791552574999996,0.17113758995,0.993485365875,0.6323105375,0.17656341250000002,0.3549561,0.0013361625
PREVIEW_REAL_2023,preview,2,7,241,320,lokal_offen,0.18334953150000002,0.22430765475,0.19322412475,0.70411594625,0.042926094499999984,0.17426658473,0.989395531625,0.6301638625,0.17853263749999998,0.349188225,0.0008679875
PREVIEW_REAL_2023,preview,2,8,281,360,lokal_rekoppelnd,0.16292441674999997,0.23053099424999998,0.18997095600000002,0.70823248375,0.06875558812500002,0.1738197369,0.9932432505000001,0.6341114625000001,0.174653425,0.35412228749999997,0.0020670750000000002
PREVIEW_REAL_2023,preview,2,9,321,400,lokal_offen,0.19769458850000002,0.28483167975,0.20097495524999998,0.70425757,0.09136804,0.20277617467,0.959711821125,0.6257274500000001,0.20398486249999997,0.35902655,0.002161825
PREVIEW_REAL_2023,preview,2,10,361,440,lokal_offen,0.22982027525000004,0.3090772845,0.20985524250000004,0.70028221275,0.08730621299999997,0.21885229572,0.9404064626249999,0.6187106124999999,0.2244923,0.3579079625,0.0007503
PREVIEW_REAL_2023,preview,2,11,401,480,lokal_offen,0.20647851325,0.2655698014999999,0.20041174625000002,0.7033062205,0.06118487449999993,0.19522940410999998,0.9643875888750001,0.625803425,0.1978706125,0.3513572,0.000372775
PREVIEW_REAL_2023,preview,2,12,441,520,lokal_offen,0.17853771275,0.231162323,0.19314492100000002,0.703623074,0.05838166837500001,0.17720124707999999,0.988294903125,0.63063605,0.1768192,0.34610477500000003,0.0007037874999999999
PREVIEW_REAL_2023,preview,2,13,481,560,lokal_offen,0.19096837125000002,0.24664444024999999,0.19615684975000003,0.70135327225,0.06178492962499997,0.18552912941000002,0.977350444,0.6274637875,0.1821465625,0.3439083625,0.0008565
PREVIEW_REAL_2023,preview,2,14,521,600,lokal_offen,0.18991929575,0.269274167,0.19865331825000004,0.7046654849999999,0.08226918125000002,0.19488469463,0.9690565868750001,0.62725115,0.1946772625,0.352983375,0.0003982625
PREVIEW_REAL_2023,preview,2,15,561,640,lokal_rekoppelnd,0.18045372499999995,0.2458022555,0.193570776,0.71261107175,0.07060035925000005,0.18328297216,0.98044278575,0.6340139125,0.193902625,0.3689638875,0.0002857375
PREVIEW_REAL_2023,preview,2,16,601,680,lokal_rekoppelnd,0.20800909975,0.28432784749999995,0.204091072,0.7062998895,0.08968587337499995,0.20598339299999996,0.957922598375,0.6247577,0.215172125,0.3636280125,9.09125e-05
PREVIEW_REAL_2023,preview,2,17,641,720,lokal_offen,0.1922891745,0.29868026425,0.205878202,0.70152507575,0.118639177875,0.21093108647999997,0.960393482625,0.6209497875000001,0.21140189999999998,0.352852475,0.001586
PREVIEW_REAL_2023,preview,2,18,681,760,lokal_offen,0.20717263,0.3084995615,0.20688141300000001,0.7019571412500001,0.12049983087500003,0.21751860758000002,0.94904531725,0.6207531125,0.21795174999999997,0.359207175,0.0018101375
PREVIEW_REAL_2023,preview,2,19,721,800,lokale_multisensorische_kippnaehe,0.2502145435,0.40939835950000003,0.23137473075000003,0.6846853079999999,0.19903158287500003,0.27344705305,0.90156827925,0.5995492,0.2682696875,0.347725775,0.0002241375
PREVIEW_REAL_2023,preview,2,20,761,840,lokale_multisensorische_kippnaehe,0.24773956375000003,0.42350456574999995,0.23444924200000003,0.68012026775,0.20571987887499993,0.27841549882,0.89882717725,0.5958094875,0.26734035,0.335261,0.000212125
PREVIEW_REAL_2023,preview,2,21,801,880,lokale_multisensorische_kippnaehe,0.23852724550000004,0.39060615475,0.22547812975000003,0.6857930675,0.17363835799999994,0.25994628005000003,0.910911429625,0.60365075,0.24770421250000002,0.33732561250000004,0.000466675
PREVIEW_REAL_2023,preview,2,22,841,920,lokale_multisensorische_kippnaehe,0.21295914550000003,0.38206831375,0.22269225475000004,0.68996427625,0.19926931574999998,0.25485889245,0.925178525125,0.6067494375,0.2475552125,0.3472832625,0.00025455
PREVIEW_REAL_2023,preview,2,23,881,960,lokale_multisensorische_kippnaehe,0.20529853575000004,0.3424778755,0.21433506300000002,0.70085263825,0.15946978537499995,0.23414212704000004,0.940446857375,0.6157352375,0.23936412499999998,0.3643614125,0.00035478749999999997
