axis;inner_effect_state;mcm_preview_symbol;signature_label;world_count;worlds;total_count;world_relative_ratio_sum;recoupling_balance;stdev_recoupling_balance;avg_mcm_rekopplung_quality;avg_mcm_strain_quality;avg_mcm_carry_quality;avg_rezeptor_field_intake_pressure;avg_axis_z;avg_perception_adaptation_potential;avg_perception_visual_focus_tendency;avg_perception_visual_distance_tendency;avg_perception_auditory_listen_tendency;avg_perception_auditory_softening_tendency;avg_perception_felt_distance_tendency
hoeren_hin;inner_effect_stable;dio_mcm_episode_0e7qvj1;einzelspur;1;SOL2025_5M_STRESS_4K;608;0.15222834251377065;0.5741333396381579;0.0;0.7219944325657895;0.13267963815789474;0.5561064539473685;0.06072581907894737;0.9152846184210527;0.11286494407894737;0.6518889375;0.3220627138157895;0.8854534967105263;0.11454650328947368;0.1357405625
sehen_fokus;inner_effect_stable;dio_mcm_episode_0e7qvj1;einzelspur;1;SOL2025_5M_STRESS_4K;545;0.13645468202303454;0.5500584770642202;0.0;0.715498919266055;0.1392924752293578;0.5426121467889908;0.10459186788990825;1.0683233706422017;0.11716655779816514;0.6740373412844036;0.25453213027522936;0.8231634366972477;0.1768365633027523;0.14160809724770643
sehen_abstand;inner_effect_stable;dio_mcm_episode_0e7qvj1;einzelspur;1;SOL2025_5M_STRESS_4K;306;0.07661492238357537;0.5194723749999999;0.0;0.7029764215686274;0.15556433986928106;0.5342142614379085;0.11175882679738561;0.9718937614379085;0.14189269281045752;0.6282737320261438;0.44402305228758165;0.7930674084967321;0.20693259150326798;0.193151591503268
hoeren_hin;inner_effect_stable;dio_mcm_episode_1hdpu9s;einzelspur;1;SOL2025_5M_STRESS_4K;271;0.06785177766649975;0.5739359132841328;0.0;0.7213798413284133;0.13248976014760147;0.5533429077490775;0.05981667158671587;0.9073129298892989;0.11257952029520295;0.6514206420664207;0.3222690405904059;0.8845930405904059;0.1154069594095941;0.13161884132841328
sehen_fokus;inner_effect_stable;dio_mcm_episode_1hdpu9s;einzelspur;1;SOL2025_5M_STRESS_4K;243;0.06084126189283926;0.5529450874485597;0.0;0.7150169423868313;0.13728739917695473;0.5366793004115227;0.09913782304526748;1.0676954320987655;0.1140405267489712;0.6740183827160493;0.24212556790123457;0.8297724979423868;0.17022750205761317;0.13041039917695474
sehen_abstand;inner_effect_carried_unrest;dio_mcm_episode_0e7qvj1;einzelspur;1;SOL2025_5M_STRESS_4K;194;0.0485728592889334;0.4588044110824743;0.0;0.6746277164948454;0.18460328350515465;0.5006710979381443;0.12488008762886597;1.7073873402061854;0.1555036649484536;0.6180883298969072;0.5189464896907217;0.7694779536082474;0.23052204639175258;0.23404921134020618
hoeren_leise;inner_effect_stable;dio_mcm_episode_0e7qvj1;einzelspur;1;SOL2025_5M_STRESS_4K;179;0.044817225838758135;0.48240400558659213;0.0;0.6947891675977653;0.16750640782122905;0.5162791955307263;0.17951501675977652;0.9970150502793297;0.1536290279329609;0.624244530726257;0.3560205418994413;0.6790421955307262;0.32095780446927374;0.22064231843575416
ausgeglichen;inner_effect_stable;dio_mcm_episode_0e7qvj1;einzelspur;1;SOL2025_5M_STRESS_4K;164;0.041061592388582875;0.5312015975609755;0.0;0.7144460304878049;0.154425;0.5575761951219512;0.11527773170731707;0.21954485365853657;0.1308454024390244;0.6416809390243903;0.33310617073170734;0.7886312926829269;0.21136870731707316;0.1679031280487805
sehen_abstand;inner_effect_stable;dio_mcm_episode_1hdpu9s;einzelspur;1;SOL2025_5M_STRESS_4K;128;0.03204807210816224;0.5141540781249999;0.0;0.699725203125;0.1572856796875;0.5264663125;0.11314178125;0.896723546875;0.14136746875;0.628925734375;0.43636559375;0.7906190234375;0.2093809765625;0.19068509375
feldinput;inner_effect_stable;dio_mcm_episode_0e7qvj1;einzelspur;1;SOL2025_5M_STRESS_4K;126;0.031547320981472206;0.4542377182539683;0.0;0.6848366428571429;0.1781121031746032;0.498328873015873;0.20994728571428573;1.152331873015873;0.15088480158730158;0.6226572777777778;0.32375960317460317;0.687086;0.31291399999999997;0.22597955555555557
hoeren_leise;inner_effect_stable;dio_mcm_episode_1hdpu9s;einzelspur;1;SOL2025_5M_STRESS_4K;102;0.02553830746119179;0.47917000980392155;0.0;0.6921269509803921;0.1684208725490196;0.5094906274509804;0.1781442745098039;0.9485320490196079;0.15151550980392156;0.6217772745098039;0.34199086274509805;0.6842753921568628;0.3157246078431373;0.21899230392156863
feldinput;inner_effect_carried_unrest;dio_mcm_episode_0e7qvj1;einzelspur;1;SOL2025_5M_STRESS_4K;92;0.02303455182774161;0.3457991684782609;0.0;0.6421273586956522;0.2259828152173913;0.44022689130434783;0.2813815;2.1140626739130433;0.17041576086956522;0.6102700217391304;0.3183455543478261;0.5927996630434782;0.40720033695652175;0.2893251630434783
feldinput;inner_effect_stable;dio_mcm_episode_1hdpu9s;einzelspur;1;SOL2025_5M_STRESS_4K;80;0.020030045067601403;0.46010456875;0.0;0.686539875;0.175873975;0.4990354;0.20224532499999998;1.0486390875;0.1477071875;0.6211498625;0.31349978749999996;0.6984305875000001;0.3015694125;0.2196161375
ausgeglichen;inner_effect_stable;dio_mcm_episode_1hdpu9s;einzelspur;1;SOL2025_5M_STRESS_4K;79;0.019779669504256383;0.5325268101265822;0.0;0.7146882658227848;0.15342743037974685;0.5563313164556961;0.1149361012658228;0.226179582278481;0.13002954430379748;0.6410342151898735;0.3233438607594937;0.7867469493670886;0.2132530506329114;0.16557927848101264
hoeren_leise;inner_effect_carried_unrest;dio_mcm_episode_0e7qvj1;einzelspur;1;SOL2025_5M_STRESS_4K;61;0.015272909364046069;0.4080828360655737;0.0;0.6620803114754098;0.2017279344262295;0.47629519672131143;0.20907816393442624;1.410278868852459;0.1664891475409836;0.614560786885246;0.3852128524590164;0.6344350000000001;0.36556500000000003;0.2614817213114754
fuehlen_abstand;inner_effect_carried_unrest;dio_mcm_episode_0e7qvj1;einzelspur;1;SOL2025_5M_STRESS_4K;40;0.010015022533800702;0.36286979374999995;0.0;0.64075885;0.221798625;0.4460969;0.224361725;1.89026905;0.178813675;0.59892795;0.461417725;0.623116475;0.376883525;0.305266
sehen_abstand;inner_effect_carried_unrest;dio_mcm_episode_1hdpu9s;einzelspur;1;SOL2025_5M_STRESS_4K;39;0.009764646970455683;0.4637079487179488;0.0;0.673560717948718;0.18017792307692307;0.49031148717948714;0.11869938461538461;1.3878811282051282;0.14910830769230768;0.627030358974359;0.4863989487179487;0.7849482307692308;0.21505176923076924;0.21810258974358973
sehen_fokus;inner_effect_stable;dio_mcm_episode_1rxdw4p;einzelspur;1;SOL2025_5M_STRESS_4K;39;0.009764646970455683;0.5617338653846153;0.0;0.7163022051282051;0.13123048717948718;0.5324621025641025;0.09335141025641026;1.015828641025641;0.11129397435897435;0.6724524358974359;0.23052089743589746;0.8364802820512821;0.16351971794871795;0.12285610256410255
sehen_fokus;inner_effect_stable;dio_mcm_episode_0mji3u6;einzelspur;1;SOL2025_5M_STRESS_4K;34;0.008512769153730596;0.5298445073529412;0.0;0.7047409411764706;0.1456259411764706;0.5224154117647059;0.11708197058823529;1.143909294117647;0.1222680294117647;0.6763194117647059;0.25729902941176475;0.8035086176470587;0.19649138235294117;0.16197120588235295
feldinput;inner_effect_carried_unrest;dio_mcm_episode_1hdpu9s;einzelspur;1;SOL2025_5M_STRESS_4K;33;0.008262393590385579;0.32406766666666664;0.0;0.6343098181818182;0.23276833333333333;0.425132;0.30989527272727274;2.4979483636363633;0.17940193939393942;0.5784116363636364;0.3253861515151515;0.5551669696969697;0.4448330303030303;0.3222159696969697
hoeren_hin;inner_effect_stable;dio_mcm_episode_1rxdw4p;einzelspur;1;SOL2025_5M_STRESS_4K;33;0.008262393590385579;0.5742104545454546;0.0;0.7214404545454546;0.1311991212121212;0.5504607272727272;0.06412351515151515;0.8322807272727273;0.1121409090909091;0.6520456666666666;0.3078223636363636;0.8764941515151515;0.1235058484848485;0.12757636363636363
hoeren_hin;inner_effect_stable;dio_mcm_episode_0mji3u6;einzelspur;1;SOL2025_5M_STRESS_4K;31;0.007761642463695543;0.5624459354838709;0.0;0.7119913225806451;0.13467154838709677;0.5342287096774193;0.05949535483870968;0.9458977096774193;0.11357567741935484;0.6512062903225806;0.3218166774193548;0.8887578387096774;0.11124216129032259;0.1483358064516129
sehen_abstand;inner_effect_stable;dio_mcm_episode_0mji3u6;einzelspur;1;SOL2025_5M_STRESS_4K;29;0.007260891337005508;0.502804853448276;0.0;0.6939644827586208;0.16182803448275862;0.5143862413793103;0.11732637931034483;1.2198117931034482;0.14555662068965516;0.6268765172413793;0.4692780344827586;0.7895196206896552;0.21048037931034483;0.20298755172413793
sehen_abstand;inner_effect_carried_unrest;dio_mcm_episode_0mji3u6;einzelspur;1;SOL2025_5M_STRESS_4K;23;0.005758637956935403;0.4659983369565218;0.0;0.6737102173913044;0.17937521739130435;0.49328378260869565;0.11334665217391304;1.623440304347826;0.15172391304347826;0.6180632608695652;0.5103949565217392;0.7880204347826086;0.2119795652173913;0.23057004347826088
feldinput;inner_effect_stable;dio_mcm_episode_1rxdw4p;einzelspur;1;SOL2025_5M_STRESS_4K;20;0.005007511266900351;0.427295075;0.0;0.66890905;0.18414405;0.45630044999999997;0.2298797;1.4206851999999999;0.15504325;0.6035926;0.3073286;0.6609621999999999;0.3390378;0.2456598
hoeren_leise;inner_effect_carried_unrest;dio_mcm_episode_1hdpu9s;einzelspur;1;SOL2025_5M_STRESS_4K;19;0.004757135703555333;0.4149712368421053;0.0;0.6647225789473684;0.19881836842105263;0.4786260526315789;0.2037318947368421;1.3298315789473685;0.16516226315789473;0.6122768421052631;0.3893207368421053;0.6431183684210526;0.35688163157894737;0.2575396315789473
hoeren_leise;inner_effect_stable;dio_mcm_episode_1rxdw4p;einzelspur;1;SOL2025_5M_STRESS_4K;19;0.004757135703555333;0.4790733289473685;0.0;0.6903445789473684;0.16686042105263157;0.5027273684210526;0.17764331578947368;0.9129068947368421;0.15037347368421053;0.620895;0.33765694736842106;0.6881207368421053;0.3118792631578947;0.2165366842105263
ausgeglichen;inner_effect_stable;dio_mcm_episode_1rxdw4p;einzelspur;1;SOL2025_5M_STRESS_4K;15;0.003755633450175263;0.53316915;0.0;0.7145103333333334;0.1523102;0.5462231333333333;0.11612393333333333;0.2725031333333333;0.1263812;0.6435214666666667;0.31522073333333334;0.8026331333333334;0.19736686666666667;0.15646780000000002
sehen_fokus;inner_effect_stable;dio_mcm_episode_1ahj81f;einzelspur;1;SOL2025_5M_STRESS_4K;14;0.0035052578868302454;0.514081982142857;0.0;0.6878097857142856;0.1483330714285714;0.4733084285714286;0.10157892857142857;0.9401832857142857;0.11556492857142857;0.6701685714285714;0.24984314285714285;0.825954142857143;0.17404585714285714;0.1340825
fuehlen_abstand;inner_effect_tipping;dio_mcm_episode_0e7qvj1;einzelspur;1;SOL2025_5M_STRESS_4K;13;0.003254882323485228;0.17551171153846148;0.0;0.5770523846153846;0.3039563076923077;0.36493876923076923;0.3903374615384615;3.8925536923076924;0.22811;0.5432916923076923;0.5283953846153846;0.41069030769230774;0.5893096923076923;0.43527615384615387
hoeren_hin;inner_effect_carried_unrest;dio_mcm_episode_0e7qvj1;einzelspur;1;SOL2025_5M_STRESS_4K;13;0.003254882323485228;0.5250891346153845;0.0;0.703079923076923;0.1591453076923077;0.5475754615384616;0.07538192307692307;0.7160474615384615;0.1258826923076923;0.640389;0.3918402307692308;0.863948076923077;0.13605192307692307;0.1777976153846154
feldinput;inner_effect_tipping;dio_mcm_episode_0e7qvj1;einzelspur;1;SOL2025_5M_STRESS_4K;12;0.0030045067601402104;0.17420687499999998;0.0;0.5804766666666666;0.3005385;0.3527915833333333;0.4229251666666667;4.0196889166666665;0.21378;0.5445274166666666;0.3645001666666667;0.40593799999999997;0.594062;0.41804250000000004
sehen_abstand;inner_effect_carried_unrest;dio_mcm_episode_03hr8bf;einzelspur;1;SOL2025_5M_STRESS_4K;12;0.0030045067601402104;0.378897875;0.0;0.627265;0.21696649999999998;0.41934275;0.1256025;3.1411832499999996;0.17570458333333336;0.5991881666666666;0.66500475;0.7566272500000001;0.24337275;0.299114
sehen_fokus;inner_effect_stable;dio_mcm_episode_1rylps5;einzelspur;1;SOL2025_5M_STRESS_4K;12;0.0030045067601402104;0.5199931666666667;0.0;0.6906118333333334;0.14511741666666667;0.48562041666666667;0.102005;1.0380830833333332;0.12191025;0.6731243333333333;0.2764995;0.8306630833333334;0.16933691666666664;0.1827
ausgeglichen;inner_effect_carried_unrest;dio_mcm_episode_0e7qvj1;einzelspur;1;SOL2025_5M_STRESS_4K;10;0.0025037556334501754;0.4905307000000001;0.0;0.6970587;0.1740679;0.540536;0.1298404;0.2548201;0.13568750000000002;0.6432743000000001;0.3349691;0.77179;0.22820999999999997;0.18997409999999998
feldinput;inner_effect_stable;dio_mcm_episode_1ahj81f;einzelspur;1;SOL2025_5M_STRESS_4K;8;0.00200300450676014;0.41399168750000004;0.0;0.65557675;0.191256125;0.429712875;0.20131575000000002;1.036124125;0.144303875;0.625541;0.2971795;0.708437875;0.291562125;0.212297125
sehen_abstand;inner_effect_stable;dio_mcm_episode_03hr8bf;einzelspur;1;SOL2025_5M_STRESS_4K;8;0.00200300450676014;0.4734841249999999;0.0;0.673625375;0.169277875;0.47127825;0.1234535;1.0957235;0.145819125;0.63039825;0.456637375;0.795719375;0.204280625;0.22395637499999999
feldinput;inner_effect_carried_unrest;dio_mcm_episode_1rxdw4p;einzelspur;1;SOL2025_5M_STRESS_4K;7;0.0017526289434151227;0.32258075000000014;0.0;0.6306900000000001;0.23386885714285713;0.4117395714285714;0.29696157142857144;2.3238198571428574;0.1717907142857143;0.5868067142857143;0.3034227142857143;0.5827347142857143;0.41726528571428567;0.302584
feldinput;inner_effect_tipping;dio_mcm_episode_1hdpu9s;einzelspur;1;SOL2025_5M_STRESS_4K;7;0.0017526289434151227;0.18413971428571424;0.0;0.5817794285714285;0.2963582857142857;0.3568107142857143;0.40512571428571426;3.7800515714285714;0.21043442857142858;0.5580578571428572;0.372242;0.42949899999999996;0.570501;0.4112215714285714
hoeren_hin;inner_effect_stable;dio_mcm_episode_1ahj81f;einzelspur;1;SOL2025_5M_STRESS_4K;7;0.0017526289434151227;0.5605180714285715;0.0;0.7048015714285715;0.13172328571428574;0.5045592857142857;0.05024085714285714;0.994698;0.10723457142857143;0.6560534285714287;0.28957471428571424;0.8940252857142857;0.10597471428571428;0.11952342857142859
hoeren_leise;inner_effect_carried_unrest;dio_mcm_episode_0mji3u6;einzelspur;1;SOL2025_5M_STRESS_4K;7;0.0017526289434151227;0.3664018928571428;0.0;0.6437927142857143;0.21885457142857143;0.44693414285714284;0.23414500000000002;1.8503575714285714;0.18023385714285714;0.6197039999999999;0.440172;0.5869334285714285;0.41306657142857145;0.28365357142857145
fuehlen_abstand;inner_effect_carried_unrest;dio_mcm_episode_03hr8bf;einzelspur;1;SOL2025_5M_STRESS_4K;6;0.0015022533800701052;0.328854125;0.0;0.6169745;0.23462516666666666;0.403678;0.21398083333333331;2.2145473333333334;0.1821195;0.6165293333333334;0.5234528333333334;0.6529401666666667;0.3470598333333333;0.3263216666666667
fuehlen_abstand;inner_effect_stable;dio_mcm_episode_1hdpu9s;einzelspur;1;SOL2025_5M_STRESS_4K;6;0.0015022533800701052;0.40353820833333326;0.0;0.6539456666666666;0.19619850000000003;0.4441576666666667;0.21683583333333334;1.4490666666666667;0.16771233333333332;0.6253193333333333;0.4134095;0.6560963333333333;0.34390366666666666;0.27661833333333335
hoeren_leise;inner_effect_stable;dio_mcm_episode_0mji3u6;einzelspur;1;SOL2025_5M_STRESS_4K;6;0.0015022533800701052;0.49681079166666664;0.0;0.6996163333333333;0.1607955;0.5251148333333333;0.16804016666666666;0.928617;0.15565183333333335;0.6165403333333334;0.39472466666666667;0.686425;0.313575;0.220988
sehen_abstand;inner_effect_carried_unrest;dio_mcm_episode_18n06fj;einzelspur;1;SOL2025_5M_STRESS_4K;6;0.0015022533800701052;0.46218604166666677;0.0;0.6799005;0.18378399999999998;0.4971536666666667;0.13572183333333332;1.571547;0.1564655;0.6131496666666667;0.5051086666666667;0.756528;0.24347200000000002;0.23663750000000003
sehen_fokus;inner_effect_carried_unrest;dio_mcm_episode_0e7qvj1;einzelspur;1;SOL2025_5M_STRESS_4K;6;0.0015022533800701052;0.4895537083333332;0.0;0.6949771666666665;0.17287466666666665;0.535504;0.13019516666666667;0.6721936666666667;0.13208699999999998;0.6620775;0.3321928333333333;0.791337;0.20866300000000002;0.17986683333333334
sehen_fokus;inner_effect_carried_unrest;dio_mcm_episode_1hdpu9s;einzelspur;1;SOL2025_5M_STRESS_4K;6;0.0015022533800701052;0.46935270833333337;0.0;0.6813176666666667;0.17585183333333335;0.4996291666666666;0.1444525;0.6144515;0.13413816666666667;0.6603341666666667;0.3265226666666667;0.7739623333333333;0.22603766666666666;0.179264
feldinput;inner_effect_carried_unrest;dio_mcm_episode_0mji3u6;einzelspur;1;SOL2025_5M_STRESS_4K;5;0.0012518778167250877;0.3365323;0.0;0.63807;0.2311484;0.4396266;0.2815572;2.116428;0.1741624;0.6178488;0.369069;0.5985389999999999;0.401461;0.2903832
feldinput;inner_effect_stable;dio_mcm_episode_0mji3u6;einzelspur;1;SOL2025_5M_STRESS_4K;5;0.0012518778167250877;0.47860825000000007;0.0;0.696817;0.1723518;0.5284218;0.1834278;0.7952956;0.1418954;0.637541;0.306505;0.7247502;0.2752498;0.2038912
fuehlen_abstand;inner_effect_carried_unrest;dio_mcm_episode_1hdpu9s;einzelspur;1;SOL2025_5M_STRESS_4K;5;0.0012518778167250877;0.3556277;0.0;0.6335366;0.2190566;0.41731100000000004;0.2354092;1.9527694;0.183179;0.5934636;0.4751468;0.6033528;0.3966472;0.3093242
fuehlen_abstand;inner_effect_stable;dio_mcm_episode_0e7qvj1;einzelspur;1;SOL2025_5M_STRESS_4K;5;0.0012518778167250877;0.4958786;0.0;0.6949054;0.1636174;0.5265936;0.1416376;0.6490726;0.13966099999999998;0.642783;0.2967742;0.7444408;0.2555592;0.22467399999999998
hoeren_hin;inner_effect_stable;dio_mcm_episode_1jx2k4i;einzelspur;1;SOL2025_5M_STRESS_4K;5;0.0012518778167250877;0.5391896;0.0;0.6951754;0.14001999999999998;0.48899780000000004;0.06386320000000001;0.8033240000000001;0.11408800000000001;0.653778;0.320269;0.8733686;0.1266314;0.13227440000000001
hoeren_leise;inner_effect_stable;dio_mcm_episode_1ahj81f;einzelspur;1;SOL2025_5M_STRESS_4K;5;0.0012518778167250877;0.44649110000000003;0.0;0.6669102;0.1762028;0.44628879999999993;0.1768652;0.8295402;0.1487896;0.6211636;0.3374408;0.6971192;0.3028808;0.21294779999999996
sehen_abstand;inner_effect_stable;dio_mcm_episode_1rxdw4p;einzelspur;1;SOL2025_5M_STRESS_4K;5;0.0012518778167250877;0.5146487999999999;0.0;0.7001938;0.1576678;0.526295;0.1115088;0.6326804;0.139871;0.6270316;0.40946800000000005;0.781361;0.21863899999999997;0.18657620000000003
sehen_fokus;inner_effect_stable;dio_mcm_episode_0hjnwsk;einzelspur;1;SOL2025_5M_STRESS_4K;5;0.0012518778167250877;0.50723095;0.0;0.6995634;0.1578224;0.5182808;0.1380402;1.0845154;0.13144119999999998;0.6745262000000001;0.295296;0.7651508;0.23484919999999998;0.16606559999999998
sehen_fokus;inner_effect_stable;dio_mcm_episode_1jx2k4i;einzelspur;1;SOL2025_5M_STRESS_4K;5;0.0012518778167250877;0.5175581999999999;0.0;0.6871655999999999;0.1466294;0.4682448;0.09191200000000001;1.0608532;0.1091458;0.6738118;0.2360458;0.8541026;0.1458974;0.1203686
sehen_fokus;inner_effect_stable;dio_mcm_episode_1u741ze;einzelspur;1;SOL2025_5M_STRESS_4K;5;0.0012518778167250877;0.5385400499999999;0.0;0.705646;0.1398418;0.5210836000000001;0.10905659999999999;1.1803426;0.1235854;0.6774194;0.2704152;0.802943;0.19705699999999998;0.1647554
ausgeglichen;inner_effect_stable;dio_mcm_episode_1ahj81f;einzelspur;1;SOL2025_5M_STRESS_4K;4;0.00100150225338007;0.5063054374999999;0.0;0.69070225;0.1553025;0.49303175;0.11637725;0.23800775000000002;0.13398525;0.64068025;0.35050875000000004;0.776308;0.223692;0.16780899999999999
feldinput;inner_effect_strained;dio_mcm_episode_0kvu3mb;einzelspur;1;SOL2025_5M_STRESS_4K;4;0.00100150225338007;0.08986099999999994;0.0;0.55466575;0.34025725;0.32731725;0.49819;5.032992;0.2307975;0.5589230000000001;0.34170725;0.309414;0.690586;0.46335675
fuehlen_abstand;inner_effect_carried_unrest;dio_mcm_episode_0mji3u6;einzelspur;1;SOL2025_5M_STRESS_4K;4;0.00100150225338007;0.42600787500000004;0.0;0.668595;0.19582075;0.4941795;0.1870655;1.09981725;0.15832174999999998;0.61706775;0.38725675000000004;0.6881470000000001;0.311853;0.25394125
hoeren_hin;inner_effect_stable;dio_mcm_episode_03hr8bf;einzelspur;1;SOL2025_5M_STRESS_4K;4;0.00100150225338007;0.545744375;0.0;0.6966795;0.13746975;0.49656100000000003;0.0538615;1.19699975;0.110577;0.6519405;0.30901175000000003;0.9158615;0.08413849999999999;0.16748200000000002
hoeren_hin;inner_effect_stable;dio_mcm_episode_18n06fj;einzelspur;1;SOL2025_5M_STRESS_4K;4;0.00100150225338007;0.5600336250000001;0.0;0.71172575;0.13433225;0.533863;0.0694395;0.8631625;0.111751;0.65686025;0.285823;0.8798275;0.1201725;0.14604625
hoeren_hin;inner_effect_stable;dio_mcm_episode_1q3us3f;einzelspur;1;SOL2025_5M_STRESS_4K;4;0.00100150225338007;0.5654315000000001;0.0;0.71090125;0.13128275;0.52687275;0.056748;0.890106;0.11728649999999999;0.64314625;0.3632225;0.8827357499999999;0.11726425;0.143366
sehen_abstand;inner_effect_carried_unrest;dio_mcm_episode_0hjnwsk;einzelspur;1;SOL2025_5M_STRESS_4K;4;0.00100150225338007;0.4199106875;0.0;0.656246;0.1981425;0.46056825;0.15277125;1.186347;0.1574575;0.6298525;0.465869;0.7277135;0.2722865;0.23590675
sehen_abstand;inner_effect_carried_unrest;dio_mcm_episode_1mesbjy;einzelspur;1;SOL2025_5M_STRESS_4K;4;0.00100150225338007;0.3738583125;0.0;0.63311575;0.216906;0.42807175;0.16940575;2.680041;0.18108525;0.6216275;0.6180289999999999;0.68225075;0.31774925;0.2810105
sehen_fokus;inner_effect_stable;dio_mcm_episode_0qzjuvj;einzelspur;1;SOL2025_5M_STRESS_4K;4;0.00100150225338007;0.5385180625;0.0;0.71279725;0.14496975;0.5414635;0.11723775;0.66658775;0.12127750000000001;0.66190825;0.2601025;0.79957725;0.20042275;0.145415
feldinput;inner_effect_stable;dio_mcm_episode_0y1i8dq;einzelspur;1;SOL2025_5M_STRESS_4K;3;0.0007511266900350526;0.3804123333333334;0.0;0.6421463333333334;0.20679599999999998;0.41311933333333334;0.21975200000000003;1.2843343333333335;0.16085866666666668;0.6315423333333333;0.416968;0.6772606666666666;0.3227393333333333;0.2302856666666667
hoeren_hin;inner_effect_stable;dio_mcm_episode_0jbl5pq;einzelspur;1;SOL2025_5M_STRESS_4K;3;0.0007511266900350526;0.5485669166666667;0.0;0.7169033333333333;0.14870633333333333;0.5579486666666668;0.07852033333333333;0.7887083333333332;0.11574266666666666;0.6558843333333333;0.32918533333333333;0.871791;0.128209;0.136153
hoeren_hin;inner_effect_stable;dio_mcm_episode_0y1i8dq;einzelspur;1;SOL2025_5M_STRESS_4K;3;0.0007511266900350526;0.5086308333333333;0.0;0.6841309999999999;0.15298133333333333;0.48181499999999994;0.09007533333333334;0.7445166666666667;0.118518;0.6549326666666667;0.28080733333333335;0.8670209999999999;0.13297899999999999;0.19916166666666668
hoeren_hin;inner_effect_stable;dio_mcm_episode_1i1sl4l;einzelspur;1;SOL2025_5M_STRESS_4K;3;0.0007511266900350526;0.5469147500000001;0.0;0.6956850000000001;0.135352;0.4869773333333333;0.053673;0.953987;0.11294333333333334;0.647146;0.335531;0.889631;0.110369;0.13247333333333333
sehen_abstand;inner_effect_carried_unrest;dio_mcm_episode_1rxdw4p;einzelspur;1;SOL2025_5M_STRESS_4K;3;0.0007511266900350526;0.39310899999999993;0.0;0.6344556666666666;0.20757633333333333;0.41414900000000004;0.13508133333333333;1.7094733333333334;0.16095366666666666;0.611183;0.519159;0.745534;0.254466;0.25591800000000003
sehen_fokus;inner_effect_stable;dio_mcm_episode_03hr8bf;einzelspur;1;SOL2025_5M_STRESS_4K;3;0.0007511266900350526;0.4844688333333333;0.0;0.672362;0.15675066666666668;0.448566;0.12457;1.1574093333333333;0.13195933333333335;0.676727;0.2882403333333334;0.7933786666666668;0.20662133333333332;0.21976133333333334
sehen_fokus;inner_effect_stable;dio_mcm_episode_1omwzzf;einzelspur;1;SOL2025_5M_STRESS_4K;3;0.0007511266900350526;0.5115968333333334;0.0;0.68037;0.15058033333333334;0.4530903333333334;0.07277133333333334;1.1562833333333333;0.10411866666666668;0.6766929999999999;0.22882666666666665;0.8790483333333333;0.12095166666666667;0.112856
ausgeglichen;inner_effect_stable;dio_mcm_episode_0mji3u6;einzelspur;1;SOL2025_5M_STRESS_4K;2;0.000500751126690035;0.5371562500000001;0.0;0.7199070000000001;0.153539;0.5686315;0.11684699999999999;0.319753;0.130984;0.6402034999999999;0.35640649999999996;0.7986580000000001;0.201342;0.16256900000000002
ausgeglichen;inner_effect_stable;dio_mcm_episode_0qzjuvj;einzelspur;1;SOL2025_5M_STRESS_4K;2;0.000500751126690035;0.519170375;0.0;0.7095535;0.15725850000000002;0.546365;0.1324985;0.241166;0.13625700000000002;0.6372845;0.35668849999999996;0.770221;0.229779;0.17462149999999999
feldinput;inner_effect_carried_unrest;dio_mcm_episode_1ahj81f;einzelspur;1;SOL2025_5M_STRESS_4K;2;0.000500751126690035;0.3495375;0.0;0.6312105;0.223358;0.40215900000000004;0.23326;1.4661944999999998;0.150187;0.6159425000000001;0.27324950000000003;0.6758200000000001;0.32418;0.2438905
feldinput;inner_effect_strained;dio_mcm_episode_0dbqs19;einzelspur;1;SOL2025_5M_STRESS_4K;2;0.000500751126690035;0.05459850000000005;0.0;0.5462325;0.35655499999999996;0.32599849999999997;0.540316;5.600141499999999;0.2550155;0.606934;0.46190299999999995;0.222319;0.7776810000000001;0.4724465
hoeren_hin;inner_effect_carried_unrest;dio_mcm_episode_0mji3u6;einzelspur;1;SOL2025_5M_STRESS_4K;2;0.000500751126690035;0.5257661249999999;0.0;0.7109464999999999;0.162077;0.5283845;0.0924135;0.5921665;0.12772;0.644083;0.37724599999999997;0.8505765000000001;0.1494235;0.18725999999999998
hoeren_hin;inner_effect_carried_unrest;dio_mcm_episode_1hdpu9s;einzelspur;1;SOL2025_5M_STRESS_4K;2;0.000500751126690035;0.5330245;0.0;0.701523;0.15455200000000002;0.5393969999999999;0.055786;0.8993915;0.12634499999999999;0.6306350000000001;0.4317225;0.8837379999999999;0.116262;0.180124
hoeren_hin;inner_effect_stable;dio_mcm_episode_0hjnwsk;einzelspur;1;SOL2025_5M_STRESS_4K;2;0.000500751126690035;0.5428922500000001;0.0;0.6920275;0.13305299999999998;0.475468;0.064329;0.90747;0.11436450000000001;0.6592095;0.320471;0.88461;0.11539;0.149959
hoeren_hin;inner_effect_stable;dio_mcm_episode_1u741ze;einzelspur;1;SOL2025_5M_STRESS_4K;2;0.000500751126690035;0.57838125;0.0;0.713889;0.1241715;0.5323605;0.045344999999999996;0.9913045;0.11558399999999999;0.6438550000000001;0.35228899999999996;0.893659;0.10634099999999999;0.152868
hoeren_hin;inner_effect_stable;dio_mcm_episode_1yefj2f;einzelspur;1;SOL2025_5M_STRESS_4K;2;0.000500751126690035;0.5601888749999999;0.0;0.712622;0.133491;0.5293295;0.0757685;0.6927840000000001;0.11766;0.649262;0.3365095;0.861437;0.138563;0.1365175
hoeren_leise;inner_effect_carried_unrest;dio_mcm_episode_1ahj81f;einzelspur;1;SOL2025_5M_STRESS_4K;2;0.000500751126690035;0.389202;0.0;0.6499395;0.2035675;0.435156;0.22868;1.4352885;0.170353;0.5964385;0.4169195;0.6317355;0.3682645;0.2680995
hoeren_leise;inner_effect_stable;dio_mcm_episode_1rylps5;einzelspur;1;SOL2025_5M_STRESS_4K;2;0.000500751126690035;0.43010975;0.0;0.6629005;0.1842025;0.4518645;0.194353;1.0501765;0.150342;0.6606135;0.295161;0.673304;0.326696;0.224831
sehen_abstand;inner_effect_carried_unrest;dio_mcm_episode_0aztxel;einzelspur;1;SOL2025_5M_STRESS_4K;2;0.000500751126690035;0.472995125;0.0;0.678003;0.17546050000000002;0.495938;0.1181895;1.173163;0.15076499999999998;0.6212635;0.464526;0.761126;0.23887400000000003;0.22225
sehen_abstand;inner_effect_carried_unrest;dio_mcm_episode_1rylps5;einzelspur;1;SOL2025_5M_STRESS_4K;2;0.000500751126690035;0.41011537500000006;0.0;0.632364;0.204656;0.41802249999999996;0.0703705;1.721366;0.14192;0.6159300000000001;0.5203705000000001;0.8722765;0.1277235;0.246564
sehen_abstand;inner_effect_stable;dio_mcm_episode_0jbl5pq;einzelspur;1;SOL2025_5M_STRESS_4K;2;0.000500751126690035;0.528243625;0.0;0.7119985;0.15456799999999998;0.5551145;0.1167475;0.9462670000000001;0.1435655;0.6285555;0.4414125;0.7794350000000001;0.220565;0.1927565
sehen_abstand;inner_effect_stable;dio_mcm_episode_17i4j9o;einzelspur;1;SOL2025_5M_STRESS_4K;2;0.000500751126690035;0.47139000000000003;0.0;0.6689350000000001;0.16950900000000002;0.455747;0.112144;0.6794565;0.1349785;0.646147;0.41423299999999996;0.8130545;0.1869455;0.1732285
sehen_abstand;inner_effect_tipping;dio_mcm_episode_0e7qvj1;einzelspur;1;SOL2025_5M_STRESS_4K;2;0.000500751126690035;0.22357249999999995;0.0;0.5788285;0.289586;0.36655950000000004;0.26267999999999997;3.6474424999999995;0.218194;0.5864455;0.7165765;0.540442;0.459558;0.36708149999999995
sehen_fokus;inner_effect_stable;dio_mcm_episode_0393v08;einzelspur;1;SOL2025_5M_STRESS_4K;2;0.000500751126690035;0.472527625;0.0;0.6681645;0.169262;0.4411535;0.1054995;0.8836095;0.1143875;0.6684605;0.2663255;0.840766;0.159234;0.12733499999999998
sehen_fokus;inner_effect_stable;dio_mcm_episode_0z748ck;einzelspur;1;SOL2025_5M_STRESS_4K;2;0.000500751126690035;0.515352625;0.0;0.70269;0.15437800000000002;0.5261975;0.1318375;0.7083955;0.13368649999999999;0.6631705;0.323752;0.7663455;0.2336545;0.16855350000000002
sehen_fokus;inner_effect_stable;dio_mcm_episode_1bcj8qx;einzelspur;1;SOL2025_5M_STRESS_4K;2;0.000500751126690035;0.5777433750000001;0.0;0.70896;0.11941550000000001;0.49448749999999997;0.0472045;1.5819299999999998;0.0917365;0.6895439999999999;0.176879;0.9109965;0.0890035;0.078269
sehen_fokus;inner_effect_stable;dio_mcm_episode_1i1sl4l;einzelspur;1;SOL2025_5M_STRESS_4K;2;0.000500751126690035;0.46924612499999996;0.0;0.669202;0.16983199999999998;0.4414425;0.12049549999999999;1.010863;0.113803;0.6723025;0.216642;0.8185865;0.1814135;0.130774
ausgeglichen;inner_effect_carried_unrest;dio_mcm_episode_06zvueu;einzelspur;1;SOL2025_5M_STRESS_4K;1;0.0002503755633450175;0.4620462500000001;0.0;0.672371;0.17958;0.487857;0.122979;0.336417;0.137112;0.641801;0.36471;0.789197;0.210803;0.204373
ausgeglichen;inner_effect_carried_unrest;dio_mcm_episode_1ppvnd6;einzelspur;1;SOL2025_5M_STRESS_4K;1;0.0002503755633450175;0.4632505;0.0;0.686304;0.188542;0.534721;0.138046;0.262496;0.136657;0.649018;0.371758;0.79477;0.20523;0.197215
ausgeglichen;inner_effect_carried_unrest;dio_mcm_episode_1rxdw4p;einzelspur;1;SOL2025_5M_STRESS_4K;1;0.0002503755633450175;0.4836217500000001;0.0;0.697906;0.180202;0.546317;0.136329;0.272792;0.139423;0.640982;0.358554;0.757214;0.242786;0.186513
ausgeglichen;inner_effect_stable;dio_mcm_episode_0393v08;einzelspur;1;SOL2025_5M_STRESS_4K;1;0.0002503755633450175;0.44084049999999997;0.0;0.657744;0.182713;0.429777;0.136762;0.341069;0.133739;0.647472;0.379762;0.79642;0.20358;0.162449
ausgeglichen;inner_effect_stable;dio_mcm_episode_03hr8bf;einzelspur;1;SOL2025_5M_STRESS_4K;1;0.0002503755633450175;0.508142;0.0;0.696218;0.15684;0.519287;0.124944;0.289787;0.131305;0.650532;0.340527;0.802801;0.197199;0.182887
ausgeglichen;inner_effect_stable;dio_mcm_episode_0ac3vc1;einzelspur;1;SOL2025_5M_STRESS_4K;1;0.0002503755633450175;0.55461125;0.0;0.711512;0.134935;0.526369;0.087863;0.248652;0.124274;0.639491;0.321134;0.813498;0.186502;0.15072
ausgeglichen;inner_effect_stable;dio_mcm_episode_0iuzv7p;einzelspur;1;SOL2025_5M_STRESS_4K;1;0.0002503755633450175;0.48297650000000003;0.0;0.693415;0.175925;0.530601;0.138054;0.22914;0.134233;0.643228;0.36836;0.796309;0.203691;0.177841
ausgeglichen;inner_effect_stable;dio_mcm_episode_0lne9ax;einzelspur;1;SOL2025_5M_STRESS_4K;1;0.0002503755633450175;0.5213717499999999;0.0;0.71354;0.161246;0.560689;0.123689;0.337073;0.135909;0.64244;0.379355;0.782873;0.217127;0.16973
ausgeglichen;inner_effect_stable;dio_mcm_episode_10b8y4e;einzelspur;1;SOL2025_5M_STRESS_4K;1;0.0002503755633450175;0.560705;0.0;0.724597;0.141819;0.572751;0.088292;0.302062;0.127267;0.650294;0.359472;0.819263;0.180737;0.154505
ausgeglichen;inner_effect_stable;dio_mcm_episode_18n06fj;einzelspur;1;SOL2025_5M_STRESS_4K;1;0.0002503755633450175;0.487462;0.0;0.696404;0.172949;0.534622;0.143972;0.282501;0.134994;0.650312;0.318112;0.763294;0.236706;0.182063
ausgeglichen;inner_effect_stable;dio_mcm_episode_1jx2k4i;einzelspur;1;SOL2025_5M_STRESS_4K;1;0.0002503755633450175;0.52531475;0.0;0.6971;0.142549;0.49679;0.116945;0.257255;0.133055;0.632612;0.308153;0.758891;0.241109;0.172232
feldinput;inner_effect_carried_unrest;dio_mcm_episode_06zvueu;einzelspur;1;SOL2025_5M_STRESS_4K;1;0.0002503755633450175;0.38764424999999997;0.0;0.640044;0.208233;0.413256;0.176667;0.704274;0.140374;0.635769;0.291164;0.725266;0.274734;0.203979
feldinput;inner_effect_carried_unrest;dio_mcm_episode_0hjnwsk;einzelspur;1;SOL2025_5M_STRESS_4K;1;0.0002503755633450175;0.34330799999999995;0.0;0.644829;0.228171;0.456636;0.2934;2.27587;0.168006;0.610556;0.240833;0.576413;0.423587;0.307625
feldinput;inner_effect_carried_unrest;dio_mcm_episode_0jbl5pq;einzelspur;1;SOL2025_5M_STRESS_4K;1;0.0002503755633450175;0.43668125;0.0;0.669899;0.190359;0.485802;0.171435;0.633834;0.141561;0.653319;0.295535;0.726028;0.273972;0.212402
feldinput;inner_effect_carried_unrest;dio_mcm_episode_0ne8zu9;einzelspur;1;SOL2025_5M_STRESS_4K;1;0.0002503755633450175;0.3402615;0.0;0.636772;0.225538;0.430661;0.28389;2.147835;0.169362;0.596532;0.238565;0.562593;0.437407;0.308097
feldinput;inner_effect_carried_unrest;dio_mcm_episode_17i4j9o;einzelspur;1;SOL2025_5M_STRESS_4K;1;0.0002503755633450175;0.2737470000000001;0.0;0.609091;0.253063;0.37474;0.329124;2.756828;0.195769;0.546953;0.42178;0.517193;0.482807;0.35403
feldinput;inner_effect_stable;dio_mcm_episode_00yl137;einzelspur;1;SOL2025_5M_STRESS_4K;1;0.0002503755633450175;0.44148825;0.0;0.683137;0.183773;0.503468;0.231503;1.44254;0.152349;0.668418;0.252452;0.632087;0.367913;0.217413
feldinput;inner_effect_stable;dio_mcm_episode_0aztxel;einzelspur;1;SOL2025_5M_STRESS_4K;1;0.0002503755633450175;0.50897425;0.0;0.70313;0.15405;0.526252;0.160423;0.485578;0.145116;0.656375;0.392622;0.73988;0.26012;0.18448
feldinput;inner_effect_stable;dio_mcm_episode_0lne9ax;einzelspur;1;SOL2025_5M_STRESS_4K;1;0.0002503755633450175;0.45932575;0.0;0.695537;0.181233;0.531906;0.219913;1.286502;0.163233;0.593586;0.400834;0.662114;0.337886;0.252863
feldinput;inner_effect_strained;dio_mcm_episode_0zbhkta;einzelspur;1;SOL2025_5M_STRESS_4K;1;0.0002503755633450175;0.07560350000000005;0.0;0.546583;0.346221;0.324861;0.499034;5.044355;0.237714;0.568508;0.358352;0.297991;0.702009;0.503306
feldinput;inner_effect_strained;dio_mcm_episode_19a388p;einzelspur;1;SOL2025_5M_STRESS_4K;1;0.0002503755633450175;0.05238274999999998;0.0;0.540391;0.358019;0.313937;0.519957;5.326045;0.239616;0.532511;0.336711;0.278847;0.721153;0.51578
feldinput;inner_effect_tipping;dio_mcm_episode_0mji3u6;einzelspur;1;SOL2025_5M_STRESS_4K;1;0.0002503755633450175;0.196863;0.0;0.583723;0.291622;0.361585;0.380952;3.454597;0.198269;0.608269;0.300139;0.460097;0.539903;0.389947
fuehlen_abstand;inner_effect_carried_unrest;dio_mcm_episode_0ne8zu9;einzelspur;1;SOL2025_5M_STRESS_4K;1;0.0002503755633450175;0.305922;0.0;0.603676;0.252447;0.39036;0.181228;1.904346;0.172186;0.611984;0.470022;0.673446;0.326554;0.30618
fuehlen_abstand;inner_effect_carried_unrest;dio_mcm_episode_0y1i8dq;einzelspur;1;SOL2025_5M_STRESS_4K;1;0.0002503755633450175;0.341192;0.0;0.616156;0.232453;0.399816;0.170044;1.699867;0.162623;0.619368;0.473556;0.736399;0.263601;0.292903
fuehlen_abstand;inner_effect_carried_unrest;dio_mcm_episode_18n06fj;einzelspur;1;SOL2025_5M_STRESS_4K;1;0.0002503755633450175;0.47385324999999995;0.0;0.68006;0.172969;0.497583;0.132951;0.437448;0.141095;0.638298;0.34004;0.749734;0.250266;0.210933
fuehlen_abstand;inner_effect_carried_unrest;dio_mcm_episode_1ahj81f;einzelspur;1;SOL2025_5M_STRESS_4K;1;0.0002503755633450175;0.29199074999999997;0.0;0.623624;0.244108;0.412959;0.350101;3.14719;0.207829;0.53752;0.425129;0.455228;0.544772;0.386879
fuehlen_abstand;inner_effect_carried_unrest;dio_mcm_episode_1rxdw4p;einzelspur;1;SOL2025_5M_STRESS_4K;1;0.0002503755633450175;0.2542662499999999;0.0;0.606605;0.25734;0.371218;0.379995;3.602058;0.226881;0.526784;0.527139;0.402604;0.597396;0.416414
fuehlen_abstand;inner_effect_carried_unrest;dio_mcm_episode_1rylps5;einzelspur;1;SOL2025_5M_STRESS_4K;1;0.0002503755633450175;0.41041975;0.0;0.640082;0.201571;0.423036;0.112365;0.764457;0.135854;0.641927;0.35254;0.809148;0.190852;0.232166
fuehlen_abstand;inner_effect_carried_unrest;dio_mcm_episode_1teq7yv;einzelspur;1;SOL2025_5M_STRESS_4K;1;0.0002503755633450175;0.36311299999999996;0.0;0.631435;0.221806;0.439715;0.186064;1.987295;0.168583;0.620222;0.525622;0.740777;0.259223;0.311566
fuehlen_abstand;inner_effect_carried_unrest;dio_mcm_episode_1u741ze;einzelspur;1;SOL2025_5M_STRESS_4K;1;0.0002503755633450175;0.36254075;0.0;0.629999;0.218768;0.408635;0.194761;1.240655;0.162609;0.634651;0.412544;0.68149;0.31851;0.263086
fuehlen_abstand;inner_effect_carried_unrest;dio_mcm_episode_1ugjy64;einzelspur;1;SOL2025_5M_STRESS_4K;1;0.0002503755633450175;0.3317385;0.0;0.619895;0.235822;0.426169;0.209338;2.863627;0.204597;0.569022;0.607527;0.564172;0.435828;0.368467
fuehlen_abstand;inner_effect_carried_unrest;dio_mcm_episode_1ve60mw;einzelspur;1;SOL2025_5M_STRESS_4K;1;0.0002503755633450175;0.27155749999999995;0.0;0.593232;0.264772;0.377008;0.22761;3.055923;0.211291;0.565868;0.597906;0.519544;0.480456;0.380953
fuehlen_abstand;inner_effect_carried_unrest;dio_mcm_episode_1vo5mbv;einzelspur;1;SOL2025_5M_STRESS_4K;1;0.0002503755633450175;0.3218654999999999;0.0;0.611682;0.239989;0.400746;0.19931;2.397208;0.183596;0.628852;0.587455;0.68997;0.31003;0.338182
fuehlen_abstand;inner_effect_stable;dio_mcm_episode_00dz86x;einzelspur;1;SOL2025_5M_STRESS_4K;1;0.0002503755633450175;0.35105825;0.0;0.631895;0.217808;0.413555;0.252115;1.879273;0.183036;0.681889;0.441117;0.589751;0.410249;0.304552
fuehlen_abstand;inner_effect_stable;dio_mcm_episode_03hr8bf;einzelspur;1;SOL2025_5M_STRESS_4K;1;0.0002503755633450175;0.491553;0.0;0.676324;0.154641;0.473546;0.12052;1.077066;0.144545;0.624715;0.413917;0.797523;0.202477;0.252464
fuehlen_abstand;inner_effect_stable;dio_mcm_episode_0ifxej6;einzelspur;1;SOL2025_5M_STRESS_4K;1;0.0002503755633450175;0.35067125000000005;0.0;0.632962;0.217545;0.409219;0.258983;1.82195;0.167397;0.649296;0.298482;0.611115;0.388885;0.30083
fuehlen_abstand;inner_effect_stable;dio_mcm_episode_0lne9ax;einzelspur;1;SOL2025_5M_STRESS_4K;1;0.0002503755633450175;0.5186292499999999;0.0;0.690821;0.143997;0.49464;0.112779;0.504919;0.131409;0.645777;0.322106;0.811298;0.188702;0.215314
fuehlen_abstand;inner_effect_stable;dio_mcm_episode_0om13wf;einzelspur;1;SOL2025_5M_STRESS_4K;1;0.0002503755633450175;0.5030245000000001;0.0;0.686251;0.154852;0.494555;0.113498;0.382451;0.136525;0.631918;0.38303;0.805052;0.194948;0.207362
fuehlen_abstand;inner_effect_stable;dio_mcm_episode_0xzw5wy;einzelspur;1;SOL2025_5M_STRESS_4K;1;0.0002503755633450175;0.45747800000000005;0.0;0.662127;0.167353;0.43683;0.149184;1.129121;0.14467;0.648176;0.401437;0.797349;0.202651;0.255844
fuehlen_abstand;inner_effect_stable;dio_mcm_episode_18n06fj;einzelspur;1;SOL2025_5M_STRESS_4K;1;0.0002503755633450175;0.5134907500000001;0.0;0.69562;0.151777;0.513779;0.121409;0.397883;0.132661;0.644871;0.309777;0.790376;0.209624;0.208364
fuehlen_abstand;inner_effect_strained;dio_mcm_episode_0feihom;einzelspur;1;SOL2025_5M_STRESS_4K;1;0.0002503755633450175;0.09463175000000004;0.0;0.548833;0.340286;0.32411;0.455661;4.463065;0.233337;0.538127;0.431093;0.34556;0.65444;0.47232
fuehlen_abstand;inner_effect_strained;dio_mcm_episode_19a388p;einzelspur;1;SOL2025_5M_STRESS_4K;1;0.0002503755633450175;0.028024999999999967;0.0;0.529774;0.369384;0.308099;0.52946;5.636266;0.258674;0.539046;0.446937;0.232239;0.767761;0.548497
fuehlen_abstand;inner_effect_tipping;dio_mcm_episode_04149h2;einzelspur;1;SOL2025_5M_STRESS_4K;1;0.0002503755633450175;0.1883645;0.0;0.577803;0.295654;0.359618;0.375138;3.678647;0.216986;0.612426;0.388765;0.398986;0.601014;0.421387
fuehlen_abstand;inner_effect_tipping;dio_mcm_episode_0mji3u6;einzelspur;1;SOL2025_5M_STRESS_4K;1;0.0002503755633450175;0.14120550000000004;0.0;0.55903;0.322106;0.338547;0.382874;3.802055;0.231588;0.550253;0.565629;0.403763;0.596237;0.4294
fuehlen_abstand;inner_effect_tipping;dio_mcm_episode_1hdpu9s;einzelspur;1;SOL2025_5M_STRESS_4K;1;0.0002503755633450175;0.12129324999999998;0.0;0.565568;0.325663;0.365235;0.474447;4.852218;0.246322;0.536716;0.494033;0.309481;0.690519;0.497588
fuehlen_abstand;inner_effect_tipping;dio_mcm_episode_1teq7yv;einzelspur;1;SOL2025_5M_STRESS_4K;1;0.0002503755633450175;0.21189674999999997;0.0;0.566749;0.2996;0.363373;0.221009;3.316046;0.201214;0.588828;0.678686;0.658869;0.341131;0.397843
hoeren_hin;inner_effect_stable;dio_mcm_episode_00i7zy5;einzelspur;1;SOL2025_5M_STRESS_4K;1;0.0002503755633450175;0.50865375;0.0;0.677296;0.154382;0.451666;0.057041;1.078687;0.101918;0.670615;0.250252;0.903091;0.096909;0.108527
hoeren_hin;inner_effect_stable;dio_mcm_episode_068ops8;einzelspur;1;SOL2025_5M_STRESS_4K;1;0.0002503755633450175;0.48495800000000006;0.0;0.668659;0.164044;0.440543;0.078628;0.855691;0.11388;0.653017;0.326865;0.879021;0.120979;0.129264
hoeren_hin;inner_effect_stable;dio_mcm_episode_06zvueu;einzelspur;1;SOL2025_5M_STRESS_4K;1;0.0002503755633450175;0.5535270000000001;0.0;0.693941;0.128231;0.466024;0.048732;1.412164;0.091511;0.681801;0.17163;0.939086;0.060914;0.120604
hoeren_hin;inner_effect_stable;dio_mcm_episode_0aztxel;einzelspur;1;SOL2025_5M_STRESS_4K;1;0.0002503755633450175;0.534822;0.0;0.704123;0.147966;0.533389;0.08534;0.623504;0.123997;0.652975;0.358186;0.853959;0.146041;0.170444
hoeren_hin;inner_effect_stable;dio_mcm_episode_0eu1iei;einzelspur;1;SOL2025_5M_STRESS_4K;1;0.0002503755633450175;0.5463742500000001;0.0;0.696797;0.133817;0.500496;0.066423;0.96604;0.118799;0.643324;0.33675;0.890932;0.109068;0.192158
hoeren_hin;inner_effect_stable;dio_mcm_episode_0gc6ffz;einzelspur;1;SOL2025_5M_STRESS_4K;1;0.0002503755633450175;0.5749115;0.0;0.720856;0.131034;0.548793;0.059642;0.980095;0.108028;0.657404;0.292208;0.892449;0.107551;0.121168
hoeren_hin;inner_effect_stable;dio_mcm_episode_0lne9ax;einzelspur;1;SOL2025_5M_STRESS_4K;1;0.0002503755633450175;0.56511625;0.0;0.708132;0.125385;0.507751;0.070523;0.657782;0.117964;0.644155;0.33621;0.857659;0.142341;0.136357
hoeren_hin;inner_effect_stable;dio_mcm_episode_0z748ck;einzelspur;1;SOL2025_5M_STRESS_4K;1;0.0002503755633450175;0.56547975;0.0;0.728015;0.143362;0.580273;0.076693;0.478625;0.1247;0.635317;0.366353;0.838321;0.161679;0.152562
hoeren_hin;inner_effect_stable;dio_mcm_episode_17i4j9o;einzelspur;1;SOL2025_5M_STRESS_4K;1;0.0002503755633450175;0.5344525;0.0;0.696799;0.136426;0.489288;0.103682;0.620048;0.120101;0.652199;0.345383;0.853586;0.146414;0.137041
hoeren_hin;inner_effect_stable;dio_mcm_episode_1k0rrn2;einzelspur;1;SOL2025_5M_STRESS_4K;1;0.0002503755633450175;0.5355820000000001;0.0;0.686598;0.139018;0.458265;0.047992;1.081921;0.101355;0.672844;0.247089;0.90344;0.09656;0.107519
hoeren_hin;inner_effect_stable;dio_mcm_episode_1rylps5;einzelspur;1;SOL2025_5M_STRESS_4K;1;0.0002503755633450175;0.5964985;0.0;0.717848;0.112499;0.527714;0.035402;1.369324;0.097442;0.667278;0.220459;0.934462;0.065538;0.13711
hoeren_leise;inner_effect_carried_unrest;dio_mcm_episode_0ifxej6;einzelspur;1;SOL2025_5M_STRESS_4K;1;0.0002503755633450175;0.3030035;0.0;0.618938;0.241824;0.395502;0.296442;3.05258;0.205749;0.619426;0.470231;0.457167;0.542833;0.328492
hoeren_leise;inner_effect_carried_unrest;dio_mcm_episode_0n5sqpn;einzelspur;1;SOL2025_5M_STRESS_4K;1;0.0002503755633450175;0.47391099999999997;0.0;0.703426;0.188523;0.483346;0.163968;1.199261;0.148346;0.635805;0.245369;0.657212;0.342788;0.234986
hoeren_leise;inner_effect_carried_unrest;dio_mcm_episode_0tf9fq3;einzelspur;1;SOL2025_5M_STRESS_4K;1;0.0002503755633450175;0.37001199999999995;0.0;0.631821;0.216553;0.407519;0.181024;1.10506;0.1539;0.631483;0.318348;0.66738;0.33262;0.239379
hoeren_leise;inner_effect_carried_unrest;dio_mcm_episode_1ppvnd6;einzelspur;1;SOL2025_5M_STRESS_4K;1;0.0002503755633450175;0.38405025;0.0;0.651705;0.212793;0.464028;0.219447;1.485775;0.166761;0.62974;0.363829;0.626286;0.373714;0.267889
hoeren_leise;inner_effect_carried_unrest;dio_mcm_episode_1rxdw4p;einzelspur;1;SOL2025_5M_STRESS_4K;1;0.0002503755633450175;0.46991225000000003;0.0;0.695708;0.183777;0.541268;0.168075;0.911895;0.151786;0.620531;0.352071;0.68823;0.31177;0.220605
hoeren_leise;inner_effect_carried_unrest;dio_mcm_episode_1rylps5;einzelspur;1;SOL2025_5M_STRESS_4K;1;0.0002503755633450175;0.3552310000000001;0.0;0.627287;0.223845;0.404559;0.192844;1.205626;0.155625;0.634779;0.307324;0.656525;0.343475;0.24913
hoeren_leise;inner_effect_carried_unrest;dio_mcm_episode_1u741ze;einzelspur;1;SOL2025_5M_STRESS_4K;1;0.0002503755633450175;0.4267365000000001;0.0;0.663603;0.185938;0.461883;0.203714;1.085891;0.146538;0.657797;0.229212;0.669449;0.330551;0.236813
hoeren_leise;inner_effect_stable;dio_mcm_episode_0ixmssr;einzelspur;1;SOL2025_5M_STRESS_4K;1;0.0002503755633450175;0.3801;0.0;0.64476;0.206026;0.42145;0.234536;2.122803;0.176776;0.672074;0.386043;0.557526;0.442474;0.247845
hoeren_leise;inner_effect_stable;dio_mcm_episode_10sv6w0;einzelspur;1;SOL2025_5M_STRESS_4K;1;0.0002503755633450175;0.51392825;0.0;0.690577;0.144643;0.482341;0.128023;0.39827;0.143635;0.623264;0.385398;0.74367;0.25633;0.191501
hoeren_leise;inner_effect_stable;dio_mcm_episode_18n06fj;einzelspur;1;SOL2025_5M_STRESS_4K;1;0.0002503755633450175;0.52321;0.0;0.716831;0.161358;0.570895;0.129052;0.500949;0.142957;0.649505;0.363978;0.732587;0.267413;0.184433
hoeren_leise;inner_effect_stable;dio_mcm_episode_1aavr7r;einzelspur;1;SOL2025_5M_STRESS_4K;1;0.0002503755633450175;0.4504167499999999;0.0;0.663766;0.175057;0.435573;0.153169;0.461093;0.142407;0.654085;0.362086;0.736889;0.263111;0.18094
hoeren_leise;inner_effect_stable;dio_mcm_episode_1jx2k4i;einzelspur;1;SOL2025_5M_STRESS_4K;1;0.0002503755633450175;0.42710800000000004;0.0;0.655216;0.185264;0.424536;0.171376;0.848201;0.156922;0.616654;0.423437;0.695105;0.304895;0.220194
hoeren_leise;inner_effect_stable;dio_mcm_episode_1y26981;einzelspur;1;SOL2025_5M_STRESS_4K;1;0.0002503755633450175;0.4158462500000001;0.0;0.654;0.188051;0.419289;0.200411;1.077535;0.155975;0.604082;0.352529;0.670351;0.329649;0.234304
hoeren_leise;inner_effect_stable;dio_mcm_episode_1yzsm16;einzelspur;1;SOL2025_5M_STRESS_4K;1;0.0002503755633450175;0.45180175;0.0;0.666671;0.174021;0.435375;0.163393;0.560862;0.13254;0.644892;0.229288;0.72612;0.27388;0.180021
hoeren_leise;inner_effect_tipping;dio_mcm_episode_0e7qvj1;einzelspur;1;SOL2025_5M_STRESS_4K;1;0.0002503755633450175;0.16785249999999996;0.0;0.579923;0.301641;0.360552;0.441718;4.281656;0.240974;0.637274;0.549086;0.324502;0.675498;0.408035
sehen_abstand;inner_effect_carried_unrest;dio_mcm_episode_00er6t0;einzelspur;1;SOL2025_5M_STRESS_4K;1;0.0002503755633450175;0.47128849999999994;0.0;0.684939;0.182238;0.530768;0.12565;1.089369;0.142555;0.634722;0.45599;0.814195;0.185805;0.215404
sehen_abstand;inner_effect_carried_unrest;dio_mcm_episode_062iou2;einzelspur;1;SOL2025_5M_STRESS_4K;1;0.0002503755633450175;0.34948575;0.0;0.614904;0.228955;0.398913;0.145853;4.47002;0.195392;0.558277;0.800371;0.729518;0.270482;0.347129
sehen_abstand;inner_effect_carried_unrest;dio_mcm_episode_0i7gfxw;einzelspur;1;SOL2025_5M_STRESS_4K;1;0.0002503755633450175;0.45546975;0.0;0.674307;0.191189;0.517023;0.110593;1.940537;0.152361;0.615056;0.542697;0.813363;0.186637;0.244969
sehen_abstand;inner_effect_carried_unrest;dio_mcm_episode_0l3i7ey;einzelspur;1;SOL2025_5M_STRESS_4K;1;0.0002503755633450175;0.48609374999999994;0.0;0.695579;0.177628;0.545365;0.127429;2.121103;0.157181;0.608748;0.561091;0.779167;0.220833;0.228327
sehen_abstand;inner_effect_carried_unrest;dio_mcm_episode_0n5sqpn;einzelspur;1;SOL2025_5M_STRESS_4K;1;0.0002503755633450175;0.459632;0.0;0.674725;0.188707;0.510431;0.105544;1.917448;0.152025;0.609273;0.540345;0.809348;0.190652;0.239672
sehen_abstand;inner_effect_carried_unrest;dio_mcm_episode_0ne8zu9;einzelspur;1;SOL2025_5M_STRESS_4K;1;0.0002503755633450175;0.496235;0.0;0.67209;0.160558;0.475909;0.061188;1.467249;0.136959;0.62424;0.494484;0.876772;0.123228;0.224963
sehen_abstand;inner_effect_carried_unrest;dio_mcm_episode_0om13wf;einzelspur;1;SOL2025_5M_STRESS_4K;1;0.0002503755633450175;0.35595875000000005;0.0;0.623303;0.227391;0.4062;0.159813;1.540893;0.155042;0.634546;0.501986;0.769542;0.230458;0.235232
sehen_abstand;inner_effect_carried_unrest;dio_mcm_episode_0r1o8ja;einzelspur;1;SOL2025_5M_STRESS_4K;1;0.0002503755633450175;0.32654600000000006;0.0;0.603481;0.24332;0.396208;0.13446;3.076808;0.176185;0.593016;0.658447;0.789094;0.210906;0.354419
sehen_abstand;inner_effect_carried_unrest;dio_mcm_episode_0tf9fq3;einzelspur;1;SOL2025_5M_STRESS_4K;1;0.0002503755633450175;0.458644;0.0;0.657792;0.179382;0.463049;0.079064;2.138587;0.147554;0.608174;0.562872;0.857537;0.142463;0.246097
sehen_abstand;inner_effect_carried_unrest;dio_mcm_episode_0uhmzrl;einzelspur;1;SOL2025_5M_STRESS_4K;1;0.0002503755633450175;0.31557424999999995;0.0;0.597358;0.246513;0.38624;0.141083;3.904878;0.186185;0.568007;0.742801;0.783233;0.216767;0.377313
sehen_abstand;inner_effect_carried_unrest;dio_mcm_episode_0ultars;einzelspur;1;SOL2025_5M_STRESS_4K;1;0.0002503755633450175;0.38215075;0.0;0.617587;0.220554;0.412071;0.059529;2.158308;0.148196;0.609185;0.564881;0.894295;0.105705;0.306362
sehen_abstand;inner_effect_carried_unrest;dio_mcm_episode_1ahj81f;einzelspur;1;SOL2025_5M_STRESS_4K;1;0.0002503755633450175;0.41443325000000003;0.0;0.642576;0.19804;0.420638;0.120411;0.935032;0.14828;0.621953;0.440268;0.765366;0.234634;0.223295
sehen_abstand;inner_effect_carried_unrest;dio_mcm_episode_1f1rr0n;einzelspur;1;SOL2025_5M_STRESS_4K;1;0.0002503755633450175;0.49699075000000004;0.0;0.677496;0.160955;0.487885;0.078201;1.198588;0.136473;0.632539;0.467116;0.86233;0.13767;0.21948
sehen_abstand;inner_effect_carried_unrest;dio_mcm_episode_1hdz3jk;einzelspur;1;SOL2025_5M_STRESS_4K;1;0.0002503755633450175;0.35991750000000006;0.0;0.624916;0.224934;0.406683;0.160258;1.078197;0.155917;0.628477;0.454852;0.739355;0.260645;0.244594
sehen_abstand;inner_effect_carried_unrest;dio_mcm_episode_1iq1hgz;einzelspur;1;SOL2025_5M_STRESS_4K;1;0.0002503755633450175;0.41124775;0.0;0.63925;0.194279;0.415581;0.134893;2.569693;0.171369;0.587164;0.606788;0.757617;0.242383;0.306635
sehen_abstand;inner_effect_carried_unrest;dio_mcm_episode_1rviit8;einzelspur;1;SOL2025_5M_STRESS_4K;1;0.0002503755633450175;0.48059050000000003;0.0;0.673746;0.165387;0.479795;0.111074;3.085319;0.172851;0.57838;0.659314;0.757738;0.242262;0.281531
sehen_abstand;inner_effect_carried_unrest;dio_mcm_episode_1uqjjv3;einzelspur;1;SOL2025_5M_STRESS_4K;1;0.0002503755633450175;0.322814;0.0;0.60883;0.244519;0.398327;0.165988;3.185193;0.191405;0.625137;0.669488;0.652504;0.347496;0.301453
sehen_abstand;inner_effect_carried_unrest;dio_mcm_episode_1vo5mbv;einzelspur;1;SOL2025_5M_STRESS_4K;1;0.0002503755633450175;0.27064049999999995;0.0;0.594645;0.266795;0.390459;0.228838;3.485552;0.219275;0.640721;0.700085;0.528141;0.471859;0.375851
sehen_abstand;inner_effect_stable;dio_mcm_episode_00er6t0;einzelspur;1;SOL2025_5M_STRESS_4K;1;0.0002503755633450175;0.48872600000000005;0.0;0.698397;0.172496;0.541924;0.1487;0.827884;0.144095;0.650212;0.429353;0.768603;0.231397;0.184606
sehen_abstand;inner_effect_stable;dio_mcm_episode_00yl137;einzelspur;1;SOL2025_5M_STRESS_4K;1;0.0002503755633450175;0.36898600000000004;0.0;0.633722;0.208663;0.411284;0.224292;3.768319;0.20574;0.606654;0.72889;0.624028;0.375972;0.348704
sehen_abstand;inner_effect_stable;dio_mcm_episode_06zvueu;einzelspur;1;SOL2025_5M_STRESS_4K;1;0.0002503755633450175;0.49098125;0.0;0.691637;0.166673;0.516815;0.135931;0.638433;0.150157;0.649143;0.410054;0.721462;0.278538;0.20163
sehen_abstand;inner_effect_stable;dio_mcm_episode_07llqq8;einzelspur;1;SOL2025_5M_STRESS_4K;1;0.0002503755633450175;0.46062625;0.0;0.653697;0.175584;0.431663;0.069947;2.81018;0.153668;0.593249;0.631286;0.848618;0.151382;0.240282
sehen_abstand;inner_effect_stable;dio_mcm_episode_0aztxel;einzelspur;1;SOL2025_5M_STRESS_4K;1;0.0002503755633450175;0.53605175;0.0;0.708508;0.151062;0.544368;0.085577;0.719381;0.130279;0.634591;0.4183;0.840302;0.159698;0.165638
sehen_abstand;inner_effect_stable;dio_mcm_episode_0lne9ax;einzelspur;1;SOL2025_5M_STRESS_4K;1;0.0002503755633450175;0.46254625;0.0;0.661336;0.172776;0.43517;0.104055;1.512975;0.14044;0.625536;0.499142;0.835106;0.164894;0.189859
sehen_abstand;inner_effect_stable;dio_mcm_episode_0om13wf;einzelspur;1;SOL2025_5M_STRESS_4K;1;0.0002503755633450175;0.43749525;0.0;0.652575;0.181124;0.426424;0.135823;1.133681;0.150542;0.622323;0.460504;0.77766;0.22234;0.242949
sehen_abstand;inner_effect_stable;dio_mcm_episode_0tf9fq3;einzelspur;1;SOL2025_5M_STRESS_4K;1;0.0002503755633450175;0.53369375;0.0;0.698947;0.139041;0.50911;0.104849;1.929699;0.155317;0.622422;0.541593;0.777718;0.222282;0.227057
sehen_abstand;inner_effect_stable;dio_mcm_episode_0y1i8dq;einzelspur;1;SOL2025_5M_STRESS_4K;1;0.0002503755633450175;0.50830725;0.0;0.713118;0.168483;0.564977;0.145311;0.673174;0.140431;0.64004;0.413593;0.779895;0.220105;0.178201
sehen_abstand;inner_effect_stable;dio_mcm_episode_0yk71el;einzelspur;1;SOL2025_5M_STRESS_4K;1;0.0002503755633450175;0.47155900000000006;0.0;0.660479;0.167827;0.433273;0.084372;0.455265;0.134034;0.62125;0.391395;0.825681;0.174319;0.21012
sehen_abstand;inner_effect_stable;dio_mcm_episode_0z748ck;einzelspur;1;SOL2025_5M_STRESS_4K;1;0.0002503755633450175;0.5439787500000001;0.0;0.713375;0.150908;0.558498;0.073953;0.708475;0.131886;0.628026;0.417189;0.829934;0.170066;0.172043
sehen_abstand;inner_effect_stable;dio_mcm_episode_1ahj81f;einzelspur;1;SOL2025_5M_STRESS_4K;1;0.0002503755633450175;0.46615825;0.0;0.658308;0.174437;0.434826;0.070851;0.706413;0.130013;0.630149;0.416979;0.849795;0.150205;0.180894
sehen_abstand;inner_effect_stable;dio_mcm_episode_1bcj8qx;einzelspur;1;SOL2025_5M_STRESS_4K;1;0.0002503755633450175;0.53095775;0.0;0.707582;0.148407;0.536722;0.112869;0.612615;0.132997;0.637452;0.407424;0.819132;0.180868;0.168073
sehen_abstand;inner_effect_stable;dio_mcm_episode_1k0rrn2;einzelspur;1;SOL2025_5M_STRESS_4K;1;0.0002503755633450175;0.45214099999999996;0.0;0.655419;0.179923;0.429036;0.09342;0.987727;0.141168;0.616105;0.445636;0.795349;0.204651;0.192605
sehen_abstand;inner_effect_stable;dio_mcm_episode_1rylps5;einzelspur;1;SOL2025_5M_STRESS_4K;1;0.0002503755633450175;0.47238074999999996;0.0;0.65775;0.170268;0.434597;0.060405;2.321391;0.145254;0.60103;0.581494;0.864478;0.135522;0.21998
sehen_abstand;inner_effect_stable;dio_mcm_episode_1y26981;einzelspur;1;SOL2025_5M_STRESS_4K;1;0.0002503755633450175;0.4072814999999999;0.0;0.649056;0.194007;0.418595;0.19107;1.181802;0.167064;0.605315;0.465406;0.664897;0.335103;0.243733
sehen_abstand;inner_effect_tipping;dio_mcm_episode_00yl137;einzelspur;1;SOL2025_5M_STRESS_4K;1;0.0002503755633450175;0.26169025000000007;0.0;0.570243;0.27734;0.363996;0.124851;5.666938;0.209898;0.520889;0.922299;0.75494;0.24506;0.434624
sehen_abstand;inner_effect_tipping;dio_mcm_episode_0r698in;einzelspur;1;SOL2025_5M_STRESS_4K;1;0.0002503755633450175;0.17078950000000004;0.0;0.560563;0.315143;0.358242;0.298522;4.816202;0.247451;0.61754;0.835636;0.4439;0.5561;0.419879
sehen_abstand;inner_effect_tipping;dio_mcm_episode_0tv1tha;einzelspur;1;SOL2025_5M_STRESS_4K;1;0.0002503755633450175;0.14148299999999994;0.0;0.536982;0.333502;0.335203;0.247988;4.946734;0.242699;0.528644;0.848933;0.527851;0.472149;0.497563
sehen_abstand;inner_effect_tipping;dio_mcm_episode_0xzw5wy;einzelspur;1;SOL2025_5M_STRESS_4K;1;0.0002503755633450175;0.24321849999999995;0.0;0.572417;0.285146;0.369295;0.17621;4.135971;0.199528;0.572385;0.766342;0.724828;0.275172;0.405974
sehen_fokus;inner_effect_carried_unrest;dio_mcm_episode_0mji3u6;einzelspur;1;SOL2025_5M_STRESS_4K;1;0.0002503755633450175;0.48575875;0.0;0.700499;0.177542;0.55022;0.148793;0.480171;0.131575;0.65628;0.295204;0.77321;0.22679;0.178939
sehen_fokus;inner_effect_carried_unrest;dio_mcm_episode_0ne8zu9;einzelspur;1;SOL2025_5M_STRESS_4K;1;0.0002503755633450175;0.37154849999999995;0.0;0.636358;0.21794;0.416717;0.187478;1.266413;0.13618;0.680018;0.291105;0.749524;0.250476;0.18656
sehen_fokus;inner_effect_carried_unrest;dio_mcm_episode_1rxdw4p;einzelspur;1;SOL2025_5M_STRESS_4K;1;0.0002503755633450175;0.4890797500000001;0.0;0.677591;0.162094;0.478583;0.105669;0.542903;0.131614;0.658174;0.378222;0.818036;0.181964;0.176932
sehen_fokus;inner_effect_stable;dio_mcm_episode_080f74u;einzelspur;1;SOL2025_5M_STRESS_4K;1;0.0002503755633450175;0.530214;0.0;0.702535;0.147854;0.516718;0.097868;0.848583;0.112174;0.667403;0.256143;0.85164;0.14836;0.130229
sehen_fokus;inner_effect_stable;dio_mcm_episode_0f3xyli;einzelspur;1;SOL2025_5M_STRESS_4K;1;0.0002503755633450175;0.526964;0.0;0.699849;0.14478;0.509338;0.11242;0.599342;0.121148;0.659878;0.301575;0.839932;0.160068;0.165008
sehen_fokus;inner_effect_stable;dio_mcm_episode_0jbl5pq;einzelspur;1;SOL2025_5M_STRESS_4K;1;0.0002503755633450175;0.616739;0.0;0.726535;0.101342;0.527146;0.033816;1.490315;0.087289;0.686778;0.167342;0.938398;0.061602;0.081842
sehen_fokus;inner_effect_stable;dio_mcm_episode_0l3i7ey;einzelspur;1;SOL2025_5M_STRESS_4K;1;0.0002503755633450175;0.57244725;0.0;0.714499;0.121394;0.522472;0.082631;1.119816;0.116203;0.675592;0.270581;0.844606;0.155394;0.151616
sehen_fokus;inner_effect_stable;dio_mcm_episode_0lne9ax;einzelspur;1;SOL2025_5M_STRESS_4K;1;0.0002503755633450175;0.5170692499999999;0.0;0.700643;0.154669;0.522849;0.115619;0.551217;0.124574;0.658425;0.347562;0.831026;0.168974;0.146925
sehen_fokus;inner_effect_stable;dio_mcm_episode_0ne8zu9;einzelspur;1;SOL2025_5M_STRESS_4K;1;0.0002503755633450175;0.46579050000000005;0.0;0.667887;0.167932;0.446111;0.136658;1.930171;0.126865;0.700058;0.224377;0.776279;0.223721;0.194046
sehen_fokus;inner_effect_stable;dio_mcm_episode_0o36jeo;einzelspur;1;SOL2025_5M_STRESS_4K;1;0.0002503755633450175;0.527568;0.0;0.683718;0.140784;0.460065;0.061464;1.217658;0.10813;0.678546;0.229969;0.887126;0.112874;0.16705
sehen_fokus;inner_effect_stable;dio_mcm_episode_0sv0ru8;einzelspur;1;SOL2025_5M_STRESS_4K;1;0.0002503755633450175;0.527613;0.0;0.704204;0.145421;0.519494;0.12468;0.696488;0.124792;0.662811;0.322613;0.826491;0.173509;0.16261
sehen_fokus;inner_effect_stable;dio_mcm_episode_0y1i8dq;einzelspur;1;SOL2025_5M_STRESS_4K;1;0.0002503755633450175;0.5357427499999999;0.0;0.699708;0.137109;0.502244;0.107425;0.696952;0.133509;0.662825;0.364733;0.78771;0.21229;0.165233
sehen_fokus;inner_effect_stable;dio_mcm_episode_0ybhu2p;einzelspur;1;SOL2025_5M_STRESS_4K;1;0.0002503755633450175;0.44302525;0.0;0.659697;0.176685;0.44023;0.159947;1.785827;0.151593;0.6957;0.331288;0.700022;0.299978;0.245823
sehen_fokus;inner_effect_stable;dio_mcm_episode_10b8y4e;einzelspur;1;SOL2025_5M_STRESS_4K;1;0.0002503755633450175;0.518467;0.0;0.709221;0.160136;0.551417;0.122472;0.651708;0.119379;0.661459;0.297586;0.834302;0.165698;0.13998
sehen_fokus;inner_effect_stable;dio_mcm_episode_17i4j9o;einzelspur;1;SOL2025_5M_STRESS_4K;1;0.0002503755633450175;0.5317437500000001;0.0;0.691158;0.138701;0.463451;0.082853;2.020792;0.106818;0.702794;0.181779;0.826927;0.173073;0.104437
sehen_fokus;inner_effect_stable;dio_mcm_episode_1aurt3q;einzelspur;1;SOL2025_5M_STRESS_4K;1;0.0002503755633450175;0.553871;0.0;0.715552;0.134524;0.530823;0.108628;0.574336;0.122626;0.659123;0.295887;0.805942;0.194058;0.138704
sehen_fokus;inner_effect_stable;dio_mcm_episode_1f1rr0n;einzelspur;1;SOL2025_5M_STRESS_4K;1;0.0002503755633450175;0.44217700000000004;0.0;0.6639;0.177101;0.437587;0.178488;1.418408;0.140614;0.684607;0.294057;0.717407;0.282593;0.18642
sehen_fokus;inner_effect_stable;dio_mcm_episode_1k0rrn2;einzelspur;1;SOL2025_5M_STRESS_4K;1;0.0002503755633450175;0.5217415;0.0;0.692658;0.144162;0.488273;0.107018;0.709008;0.119569;0.663189;0.318091;0.839777;0.160223;0.134333
sehen_fokus;inner_effect_stable;dio_mcm_episode_1ppvnd6;einzelspur;1;SOL2025_5M_STRESS_4K;1;0.0002503755633450175;0.5754339999999999;0.0;0.727625;0.125638;0.562329;0.106212;1.335074;0.106891;0.682091;0.205382;0.866623;0.133377;0.137706
