timestamp_ms,symbol,timeframe,open,high,low,close,volume
1770825600000000,SOLUSDT,5m,79.72,79.92,79.56,79.79,13955.953
1770825900000000,SOLUSDT,5m,79.8,79.98,79.74,79.94,16536.82
1770826200000000,SOLUSDT,5m,79.93,80.76,79.88,80.71,30574.626
1770826500000000,SOLUSDT,5m,80.72,80.84,80.4,80.55,11727.172
1770826800000000,SOLUSDT,5m,80.56,80.94,80.45,80.59,15687.596
1770827100000000,SOLUSDT,5m,80.59,80.74,80.02,80.03,14167.358
1770827400000000,SOLUSDT,5m,80.03,80.19,79.8,79.95,17563.183
1770827700000000,SOLUSDT,5m,79.95,79.99,79.06,79.15,65239.158
1770828000000000,SOLUSDT,5m,79.15,79.42,79.14,79.18,12829.642
1770828300000000,SOLUSDT,5m,79.18,79.34,78.74,78.86,14336.356
1770828600000000,SOLUSDT,5m,78.86,79.02,78.72,78.93,11348.5
1770828900000000,SOLUSDT,5m,78.94,79.0,78.72,78.74,9999.357
1770829200000000,SOLUSDT,5m,78.73,78.77,78.04,78.2,40494.284
1770829500000000,SOLUSDT,5m,78.2,78.62,78.2,78.6,25135.657
1770829800000000,SOLUSDT,5m,78.6,78.88,78.58,78.76,18159.372
1770830100000000,SOLUSDT,5m,78.77,79.2,78.77,79.08,25130.98
1770830400000000,SOLUSDT,5m,79.09,79.63,79.09,79.37,32373.673
1770830700000000,SOLUSDT,5m,79.37,79.85,79.37,79.83,19743.039
1770831000000000,SOLUSDT,5m,79.82,80.04,79.51,79.71,14759.772
1770831300000000,SOLUSDT,5m,79.7,79.87,79.59,79.64,18455.397
1770831600000000,SOLUSDT,5m,79.64,79.71,79.39,79.44,11321.012
1770831900000000,SOLUSDT,5m,79.44,79.45,79.14,79.34,8135.73
1770832200000000,SOLUSDT,5m,79.34,79.57,79.2,79.31,7183.102
1770832500000000,SOLUSDT,5m,79.32,79.33,79.01,79.01,9346.059
1770832800000000,SOLUSDT,5m,79.01,79.13,78.91,78.92,8368.871
1770833100000000,SOLUSDT,5m,78.92,78.93,78.65,78.71,9389.99
1770833400000000,SOLUSDT,5m,78.7,78.89,78.53,78.87,9069.6
1770833700000000,SOLUSDT,5m,78.87,79.54,78.86,79.39,19071.292
1770834000000000,SOLUSDT,5m,79.39,79.75,79.23,79.69,10705.768
1770834300000000,SOLUSDT,5m,79.68,79.92,79.61,79.66,17211.087
1770834600000000,SOLUSDT,5m,79.66,79.7,79.43,79.53,9319.653
1770834900000000,SOLUSDT,5m,79.52,79.8,79.4,79.76,11566.746
1770835200000000,SOLUSDT,5m,79.75,79.9,79.63,79.77,10388.227
1770835500000000,SOLUSDT,5m,79.77,79.97,79.71,79.95,10610.839
1770835800000000,SOLUSDT,5m,79.96,79.99,79.67,79.85,9428.042
1770836100000000,SOLUSDT,5m,79.85,79.97,79.7,79.81,6034.1
1770836400000000,SOLUSDT,5m,79.81,79.99,79.65,79.97,8592.057
1770836700000000,SOLUSDT,5m,79.97,80.34,79.77,80.08,22833.388
1770837000000000,SOLUSDT,5m,80.09,80.3,79.95,80.15,12118.92
1770837300000000,SOLUSDT,5m,80.16,80.25,79.86,79.88,12094.712
1770837600000000,SOLUSDT,5m,79.88,80.02,79.72,79.95,8790.807
1770837900000000,SOLUSDT,5m,79.95,79.97,79.59,79.6,8530.9
1770838200000000,SOLUSDT,5m,79.6,79.62,79.32,79.52,9037.98
1770838500000000,SOLUSDT,5m,79.52,79.88,79.48,79.79,4579.054
1770838800000000,SOLUSDT,5m,79.79,80.08,79.76,79.98,8073.59
1770839100000000,SOLUSDT,5m,79.99,80.08,79.73,79.85,12582.723
1770839400000000,SOLUSDT,5m,79.84,79.92,79.66,79.78,4407.883
1770839700000000,SOLUSDT,5m,79.78,79.83,79.66,79.72,4543.091
1770840000000000,SOLUSDT,5m,79.72,79.89,79.61,79.67,10336.248
1770840300000000,SOLUSDT,5m,79.67,79.68,79.42,79.55,7095.419
1770840600000000,SOLUSDT,5m,79.54,79.83,79.49,79.8,7120.252
1770840900000000,SOLUSDT,5m,79.81,80.01,79.61,79.65,11092.778
1770841200000000,SOLUSDT,5m,79.64,79.73,79.37,79.4,10170.625
1770841500000000,SOLUSDT,5m,79.4,79.42,79.04,79.06,17691.465
1770841800000000,SOLUSDT,5m,79.06,79.33,78.98,79.33,7000.786
1770842100000000,SOLUSDT,5m,79.32,79.51,79.27,79.4,6890.841
1770842400000000,SOLUSDT,5m,79.39,79.47,79.3,79.39,6606.945
1770842700000000,SOLUSDT,5m,79.39,79.91,79.34,79.85,9593.153
1770843000000000,SOLUSDT,5m,79.84,79.87,79.59,79.6,9002.148
1770843300000000,SOLUSDT,5m,79.59,79.84,79.57,79.64,10979.242
1770843600000000,SOLUSDT,5m,79.65,79.87,79.65,79.84,7813.488
1770843900000000,SOLUSDT,5m,79.84,80.24,79.84,80.2,26657.076
1770844200000000,SOLUSDT,5m,80.19,80.31,80.1,80.19,15069.078
1770844500000000,SOLUSDT,5m,80.19,80.27,79.95,80.11,11572.884
1770844800000000,SOLUSDT,5m,80.12,80.49,79.92,80.45,20577.648
1770845100000000,SOLUSDT,5m,80.45,80.92,80.38,80.65,43168.408
1770845400000000,SOLUSDT,5m,80.65,80.84,80.49,80.71,33917.007
1770845700000000,SOLUSDT,5m,80.71,81.11,80.71,80.85,15735.735
1770846000000000,SOLUSDT,5m,80.84,80.9,80.29,80.37,11905.961
1770846300000000,SOLUSDT,5m,80.37,80.45,80.28,80.34,8881.769
1770846600000000,SOLUSDT,5m,80.35,80.44,80.26,80.34,6015.693
1770846900000000,SOLUSDT,5m,80.34,80.35,80.16,80.16,7895.735
1770847200000000,SOLUSDT,5m,80.17,80.24,79.95,80.0,11588.297
1770847500000000,SOLUSDT,5m,80.01,80.21,80.01,80.06,6380.619
1770847800000000,SOLUSDT,5m,80.05,80.06,79.74,79.9,7672.47
1770848100000000,SOLUSDT,5m,79.9,80.04,79.86,79.9,8034.438
1770848400000000,SOLUSDT,5m,79.9,80.0,79.72,79.88,8477.055
1770848700000000,SOLUSDT,5m,79.88,80.03,79.7,79.84,8921.164
1770849000000000,SOLUSDT,5m,79.84,79.99,79.77,79.95,10980.869
1770849300000000,SOLUSDT,5m,79.95,80.01,79.7,79.97,9697.202
1770849600000000,SOLUSDT,5m,79.96,80.17,79.94,79.99,8509.159
1770849900000000,SOLUSDT,5m,79.98,80.04,79.86,80.01,5282.181
1770850200000000,SOLUSDT,5m,80.0,80.01,79.45,79.64,10611.72
1770850500000000,SOLUSDT,5m,79.64,79.68,79.48,79.5,6575.536
1770850800000000,SOLUSDT,5m,79.51,79.54,79.28,79.5,14637.388
1770851100000000,SOLUSDT,5m,79.5,79.73,79.44,79.54,9807.819
1770851400000000,SOLUSDT,5m,79.54,79.57,79.26,79.4,8387.294
1770851700000000,SOLUSDT,5m,79.4,79.53,79.36,79.41,12355.795
1770852000000000,SOLUSDT,5m,79.4,79.47,78.8,79.03,54212.07
1770852300000000,SOLUSDT,5m,79.03,79.18,78.92,79.12,8052.662
1770852600000000,SOLUSDT,5m,79.12,79.29,79.08,79.25,7257.514
1770852900000000,SOLUSDT,5m,79.25,79.63,79.09,79.63,9775.194
1770853200000000,SOLUSDT,5m,79.64,79.65,79.53,79.64,8882.385
1770853500000000,SOLUSDT,5m,79.63,79.65,79.31,79.32,7329.427
1770853800000000,SOLUSDT,5m,79.32,79.33,79.15,79.29,9378.007
1770854100000000,SOLUSDT,5m,79.28,79.4,79.23,79.3,9921.14
1770854400000000,SOLUSDT,5m,79.31,79.51,79.26,79.45,10542.029
1770854700000000,SOLUSDT,5m,79.44,79.75,79.43,79.68,9375.617
1770855000000000,SOLUSDT,5m,79.69,79.78,79.65,79.77,6993.91
1770855300000000,SOLUSDT,5m,79.76,79.87,79.66,79.73,10177.566
1770855600000000,SOLUSDT,5m,79.74,79.82,79.61,79.82,7090.018
1770855900000000,SOLUSDT,5m,79.83,79.92,79.7,79.81,5825.107
1770856200000000,SOLUSDT,5m,79.81,79.96,79.76,79.89,5201.773
1770856500000000,SOLUSDT,5m,79.89,80.23,79.88,79.93,12074.068
1770856800000000,SOLUSDT,5m,79.93,80.06,79.93,80.04,2714.669
1770857100000000,SOLUSDT,5m,80.04,80.17,79.94,80.0,6185.771
1770857400000000,SOLUSDT,5m,80.0,80.04,79.91,80.04,4128.584
1770857700000000,SOLUSDT,5m,80.04,80.16,79.97,79.97,6527.889
1770858000000000,SOLUSDT,5m,79.98,80.33,79.98,80.22,6293.686
1770858300000000,SOLUSDT,5m,80.22,80.34,80.11,80.25,6384.961
1770858600000000,SOLUSDT,5m,80.24,80.41,80.22,80.4,3195.27
1770858900000000,SOLUSDT,5m,80.4,80.42,80.2,80.24,8396.192
1770859200000000,SOLUSDT,5m,80.24,80.24,80.1,80.19,5717.798
1770859500000000,SOLUSDT,5m,80.18,80.54,80.17,80.43,5883.28
1770859800000000,SOLUSDT,5m,80.43,80.51,80.3,80.38,5120.35
1770860100000000,SOLUSDT,5m,80.38,80.79,80.34,80.64,26236.461
1770860400000000,SOLUSDT,5m,80.64,80.73,80.53,80.61,5729.1
1770860700000000,SOLUSDT,5m,80.61,80.62,80.42,80.46,3117.325
1770861000000000,SOLUSDT,5m,80.47,80.53,80.31,80.35,5234.476
1770861300000000,SOLUSDT,5m,80.36,80.48,80.34,80.41,2509.66
1770861600000000,SOLUSDT,5m,80.42,80.44,80.2,80.25,4825.598
1770861900000000,SOLUSDT,5m,80.26,80.56,80.17,80.37,9367.158
1770862200000000,SOLUSDT,5m,80.36,80.37,80.01,80.05,6819.887
1770862500000000,SOLUSDT,5m,80.05,80.11,79.94,79.98,7607.462
1770862800000000,SOLUSDT,5m,79.98,80.18,79.96,80.14,3875.525
1770863100000000,SOLUSDT,5m,80.15,80.24,80.1,80.24,5233.266
1770863400000000,SOLUSDT,5m,80.24,80.69,80.21,80.68,5895.84
1770863700000000,SOLUSDT,5m,80.68,80.73,80.51,80.54,6753.914
1770864000000000,SOLUSDT,5m,80.55,80.57,80.45,80.51,4388.629
1770864300000000,SOLUSDT,5m,80.5,80.51,80.31,80.44,6187.126
1770864600000000,SOLUSDT,5m,80.43,80.44,80.33,80.39,5800.025
1770864900000000,SOLUSDT,5m,80.4,80.4,80.3,80.33,3178.363
1770865200000000,SOLUSDT,5m,80.33,80.47,80.21,80.4,3560.084
1770865500000000,SOLUSDT,5m,80.4,80.46,80.33,80.42,1814.201
1770865800000000,SOLUSDT,5m,80.42,80.49,80.37,80.41,2721.138
1770866100000000,SOLUSDT,5m,80.41,80.45,80.16,80.2,3025.18
1770866400000000,SOLUSDT,5m,80.2,80.28,80.09,80.15,6060.75
1770866700000000,SOLUSDT,5m,80.14,80.22,80.08,80.22,3544.884
1770867000000000,SOLUSDT,5m,80.21,80.48,80.19,80.47,5075.577
1770867300000000,SOLUSDT,5m,80.47,80.54,80.37,80.53,3939.238
1770867600000000,SOLUSDT,5m,80.54,80.56,80.45,80.49,2922.397
1770867900000000,SOLUSDT,5m,80.5,80.61,80.45,80.49,3667.213
1770868200000000,SOLUSDT,5m,80.48,80.56,80.37,80.56,3861.158
1770868500000000,SOLUSDT,5m,80.57,80.67,80.5,80.62,5223.51
1770868800000000,SOLUSDT,5m,80.63,80.86,80.43,80.7,14393.342
1770869100000000,SOLUSDT,5m,80.7,80.97,80.65,80.97,10964.556
1770869400000000,SOLUSDT,5m,80.97,80.97,80.74,80.78,7722.478
1770869700000000,SOLUSDT,5m,80.78,80.89,80.47,80.65,4497.547
1770870000000000,SOLUSDT,5m,80.65,80.72,80.52,80.59,4745.441
1770870300000000,SOLUSDT,5m,80.59,80.64,80.48,80.5,7692.935
1770870600000000,SOLUSDT,5m,80.49,80.65,80.34,80.62,4926.083
1770870900000000,SOLUSDT,5m,80.63,80.83,80.63,80.74,5176.644
1770871200000000,SOLUSDT,5m,80.74,80.76,80.66,80.68,2644.317
1770871500000000,SOLUSDT,5m,80.68,80.77,80.6,80.61,1835.073
1770871800000000,SOLUSDT,5m,80.61,80.64,80.39,80.46,3080.716
1770872100000000,SOLUSDT,5m,80.46,80.5,80.3,80.31,3360.089
1770872400000000,SOLUSDT,5m,80.31,80.41,80.26,80.38,2944.337
1770872700000000,SOLUSDT,5m,80.38,80.41,80.26,80.26,4640.649
1770873000000000,SOLUSDT,5m,80.27,80.33,79.78,79.82,9978.82
1770873300000000,SOLUSDT,5m,79.82,79.9,79.5,79.71,20724.418
1770873600000000,SOLUSDT,5m,79.71,80.21,79.71,80.08,12328.844
1770873900000000,SOLUSDT,5m,80.07,80.23,80.02,80.21,8240.443
1770874200000000,SOLUSDT,5m,80.21,80.58,80.16,80.48,9101.8
1770874500000000,SOLUSDT,5m,80.47,80.48,80.27,80.32,2848.949
1770874800000000,SOLUSDT,5m,80.33,80.57,80.33,80.52,6051.144
1770875100000000,SOLUSDT,5m,80.52,80.6,80.39,80.4,6405.438
1770875400000000,SOLUSDT,5m,80.39,80.48,80.38,80.44,5392.936
1770875700000000,SOLUSDT,5m,80.44,80.6,80.43,80.57,5294.124
1770876000000000,SOLUSDT,5m,80.58,80.74,80.48,80.48,10430.596
1770876300000000,SOLUSDT,5m,80.48,80.51,80.36,80.46,4073.387
1770876600000000,SOLUSDT,5m,80.47,80.79,80.46,80.68,4682.294
1770876900000000,SOLUSDT,5m,80.68,80.8,80.57,80.6,7163.097
1770877200000000,SOLUSDT,5m,80.59,80.77,80.56,80.77,2971.867
1770877500000000,SOLUSDT,5m,80.77,80.99,80.77,80.88,8770.698
1770877800000000,SOLUSDT,5m,80.88,80.95,80.76,80.77,6321.819
1770878100000000,SOLUSDT,5m,80.78,80.79,80.61,80.72,3562.112
1770878400000000,SOLUSDT,5m,80.73,80.84,80.62,80.69,7080.723
1770878700000000,SOLUSDT,5m,80.69,80.78,80.6,80.61,3139.873
1770879000000000,SOLUSDT,5m,80.62,80.63,80.52,80.57,2455.695
1770879300000000,SOLUSDT,5m,80.57,80.58,80.5,80.57,2383.957
1770879600000000,SOLUSDT,5m,80.57,80.59,80.37,80.56,4309.076
1770879900000000,SOLUSDT,5m,80.57,80.57,80.34,80.36,3261.563
1770880200000000,SOLUSDT,5m,80.37,80.37,80.29,80.37,4380.075
1770880500000000,SOLUSDT,5m,80.37,80.48,80.29,80.47,4837.815
1770880800000000,SOLUSDT,5m,80.47,80.71,80.45,80.7,4119.297
1770881100000000,SOLUSDT,5m,80.71,80.88,80.71,80.83,7448.769
1770881400000000,SOLUSDT,5m,80.82,80.9,80.78,80.81,6184.582
1770881700000000,SOLUSDT,5m,80.81,80.87,80.73,80.87,3795.182
1770882000000000,SOLUSDT,5m,80.87,80.93,80.74,80.74,3397.97
1770882300000000,SOLUSDT,5m,80.73,80.82,80.71,80.78,3587.569
1770882600000000,SOLUSDT,5m,80.79,80.79,80.67,80.67,2373.927
1770882900000000,SOLUSDT,5m,80.66,80.82,80.65,80.77,2751.088
1770883200000000,SOLUSDT,5m,80.77,80.9,80.7,80.73,3784.563
1770883500000000,SOLUSDT,5m,80.73,80.93,80.61,80.82,5524.234
1770883800000000,SOLUSDT,5m,80.82,80.84,80.67,80.68,2881.593
1770884100000000,SOLUSDT,5m,80.68,80.69,80.51,80.51,3181.656
1770884400000000,SOLUSDT,5m,80.51,80.6,80.46,80.54,4297.373
1770884700000000,SOLUSDT,5m,80.53,80.53,80.32,80.41,4895.224
1770885000000000,SOLUSDT,5m,80.41,80.56,80.33,80.5,7072.901
1770885300000000,SOLUSDT,5m,80.49,80.62,80.49,80.58,7187.49
1770885600000000,SOLUSDT,5m,80.57,80.68,80.55,80.56,4763.499
1770885900000000,SOLUSDT,5m,80.56,80.64,80.52,80.56,3107.252
1770886200000000,SOLUSDT,5m,80.57,80.76,80.57,80.76,4808.062
1770886500000000,SOLUSDT,5m,80.76,80.78,80.72,80.77,3805.487
1770886800000000,SOLUSDT,5m,80.77,80.78,80.61,80.68,5564.813
1770887100000000,SOLUSDT,5m,80.68,80.8,80.57,80.79,5946.692
1770887400000000,SOLUSDT,5m,80.79,81.32,80.72,81.29,30731.28
1770887700000000,SOLUSDT,5m,81.29,81.33,81.1,81.24,13312.314
1770888000000000,SOLUSDT,5m,81.25,81.3,81.18,81.23,11018.346
1770888300000000,SOLUSDT,5m,81.23,81.76,81.2,81.71,31395.787
1770888600000000,SOLUSDT,5m,81.7,81.87,81.51,81.79,12660.914
1770888900000000,SOLUSDT,5m,81.78,81.78,81.54,81.57,7719.425
1770889200000000,SOLUSDT,5m,81.56,81.66,81.53,81.66,8042.922
1770889500000000,SOLUSDT,5m,81.65,81.69,81.5,81.51,6799.009
1770889800000000,SOLUSDT,5m,81.51,81.69,81.45,81.61,6536.107
1770890100000000,SOLUSDT,5m,81.61,81.9,81.57,81.79,24862.583
1770890400000000,SOLUSDT,5m,81.78,81.99,81.72,81.76,9068.419
1770890700000000,SOLUSDT,5m,81.76,81.79,81.58,81.61,7326.289
1770891000000000,SOLUSDT,5m,81.61,81.65,81.54,81.6,5750.474
1770891300000000,SOLUSDT,5m,81.6,81.6,81.38,81.4,8701.397
1770891600000000,SOLUSDT,5m,81.39,81.48,81.35,81.45,4846.292
1770891900000000,SOLUSDT,5m,81.45,81.78,81.43,81.69,6370.025
1770892200000000,SOLUSDT,5m,81.69,81.91,81.66,81.71,4436.72
1770892500000000,SOLUSDT,5m,81.71,81.78,81.67,81.7,4861.634
1770892800000000,SOLUSDT,5m,81.7,81.71,81.55,81.66,6316.003
1770893100000000,SOLUSDT,5m,81.67,81.93,81.54,81.85,9067.924
1770893400000000,SOLUSDT,5m,81.84,82.1,81.8,82.1,11446.338
1770893700000000,SOLUSDT,5m,82.1,82.24,82.0,82.19,17107.577
1770894000000000,SOLUSDT,5m,82.19,82.23,82.07,82.13,19509.641
1770894300000000,SOLUSDT,5m,82.14,82.14,81.87,81.95,12045.709
1770894600000000,SOLUSDT,5m,81.95,81.95,81.71,81.79,13141.867
1770894900000000,SOLUSDT,5m,81.79,81.93,81.71,81.73,7786.309
1770895200000000,SOLUSDT,5m,81.74,81.95,81.72,81.95,5694.945
1770895500000000,SOLUSDT,5m,81.95,82.19,81.87,82.15,12266.371
1770895800000000,SOLUSDT,5m,82.15,82.25,81.98,82.03,9705.389
1770896100000000,SOLUSDT,5m,82.03,82.07,81.93,81.98,4786.09
1770896400000000,SOLUSDT,5m,81.98,81.99,81.81,81.86,7096.658
1770896700000000,SOLUSDT,5m,81.87,81.94,81.79,81.93,6445.148
1770897000000000,SOLUSDT,5m,81.92,81.96,81.83,81.9,7295.83
1770897300000000,SOLUSDT,5m,81.9,81.96,81.82,81.87,5898.5
1770897600000000,SOLUSDT,5m,81.87,81.96,81.64,81.64,10303.559
1770897900000000,SOLUSDT,5m,81.64,81.72,81.49,81.66,16824.862
1770898200000000,SOLUSDT,5m,81.66,81.77,81.55,81.65,8752.627
1770898500000000,SOLUSDT,5m,81.64,81.66,81.5,81.55,7704.438
1770898800000000,SOLUSDT,5m,81.54,81.6,81.39,81.47,10517.322
1770899100000000,SOLUSDT,5m,81.46,81.56,81.41,81.5,6307.657
1770899400000000,SOLUSDT,5m,81.5,81.5,81.16,81.17,10674.933
1770899700000000,SOLUSDT,5m,81.17,81.26,81.16,81.25,5241.737
1770900000000000,SOLUSDT,5m,81.26,81.33,81.21,81.21,5953.29
1770900300000000,SOLUSDT,5m,81.21,81.28,81.06,81.27,8016.308
1770900600000000,SOLUSDT,5m,81.27,81.34,80.89,80.92,11460.481
1770900900000000,SOLUSDT,5m,80.91,81.13,80.85,81.1,11780.217
1770901200000000,SOLUSDT,5m,81.1,81.15,80.89,81.01,14569.785
1770901500000000,SOLUSDT,5m,81.0,81.23,80.95,81.17,30311.462
1770901800000000,SOLUSDT,5m,81.16,81.22,81.02,81.04,8860.813
1770902100000000,SOLUSDT,5m,81.04,81.24,81.04,81.1,8595.98
1770902400000000,SOLUSDT,5m,81.11,81.18,81.06,81.15,4392.459
1770902700000000,SOLUSDT,5m,81.15,81.16,80.71,80.96,12432.01
1770903000000000,SOLUSDT,5m,80.95,81.5,80.91,81.34,16006.708
1770903300000000,SOLUSDT,5m,81.33,81.48,81.28,81.41,15438.94
1770903600000000,SOLUSDT,5m,81.41,81.67,81.41,81.6,10803.992
1770903900000000,SOLUSDT,5m,81.61,81.69,81.41,81.46,6314.999
1770904200000000,SOLUSDT,5m,81.46,81.68,81.46,81.58,7259.68
1770904500000000,SOLUSDT,5m,81.57,82.13,81.57,81.96,18042.794
1770904800000000,SOLUSDT,5m,81.96,81.98,81.46,81.52,13545.24
1770905100000000,SOLUSDT,5m,81.53,81.57,81.29,81.41,9016.224
1770905400000000,SOLUSDT,5m,81.41,81.58,81.35,81.37,4746.67
1770905700000000,SOLUSDT,5m,81.37,81.44,81.2,81.33,8532.302
1770906000000000,SOLUSDT,5m,81.33,81.54,81.26,81.33,12097.447
1770906300000000,SOLUSDT,5m,81.33,81.46,81.27,81.44,6902.438
1770906600000000,SOLUSDT,5m,81.44,81.76,81.24,81.63,16314.454
1770906900000000,SOLUSDT,5m,81.64,81.68,81.15,81.31,15268.544
1770907200000000,SOLUSDT,5m,81.32,81.52,81.03,81.14,15554.849
1770907500000000,SOLUSDT,5m,81.14,81.4,81.0,81.26,33543.047
1770907800000000,SOLUSDT,5m,81.25,81.6,81.22,81.58,17786.715
1770908100000000,SOLUSDT,5m,81.57,81.58,81.11,81.14,30048.726
1770908400000000,SOLUSDT,5m,81.15,81.52,80.81,80.85,28187.712
1770908700000000,SOLUSDT,5m,80.86,80.88,80.31,80.42,31744.18
1770909000000000,SOLUSDT,5m,80.42,80.73,80.12,80.71,21857.913
1770909300000000,SOLUSDT,5m,80.71,81.14,80.66,80.7,14764.234
1770909600000000,SOLUSDT,5m,80.7,81.4,80.7,81.25,15170.179
1770909900000000,SOLUSDT,5m,81.24,81.39,81.03,81.37,6381.041
1770910200000000,SOLUSDT,5m,81.37,81.52,80.9,81.01,10997.103
1770910500000000,SOLUSDT,5m,81.0,81.01,80.37,80.44,14701.797
1770910800000000,SOLUSDT,5m,80.45,80.71,80.2,80.67,21556.132
1770911100000000,SOLUSDT,5m,80.68,80.97,80.6,80.84,13442.878
1770911400000000,SOLUSDT,5m,80.84,80.9,80.27,80.27,12389.051
1770911700000000,SOLUSDT,5m,80.26,80.37,80.1,80.12,14628.4
1770912000000000,SOLUSDT,5m,80.13,80.21,79.82,80.18,29546.908
1770912300000000,SOLUSDT,5m,80.17,80.22,79.24,79.3,32772.182
1770912600000000,SOLUSDT,5m,79.29,79.53,79.0,79.02,25144.909
1770912900000000,SOLUSDT,5m,79.03,79.39,78.81,79.07,28539.574
1770913200000000,SOLUSDT,5m,79.07,79.16,78.61,78.83,24356.488
1770913500000000,SOLUSDT,5m,78.83,79.01,78.24,78.37,28017.748
1770913800000000,SOLUSDT,5m,78.37,78.67,78.18,78.67,35206.972
1770914100000000,SOLUSDT,5m,78.68,79.41,78.68,79.3,31392.456
1770914400000000,SOLUSDT,5m,79.3,79.54,78.98,79.02,20507.485
1770914700000000,SOLUSDT,5m,79.01,79.17,78.71,78.91,15758.118
1770915000000000,SOLUSDT,5m,78.92,79.0,78.2,78.3,27669.57
1770915300000000,SOLUSDT,5m,78.3,78.49,78.18,78.3,15856.312
1770915600000000,SOLUSDT,5m,78.3,78.68,78.09,78.22,27750.01
1770915900000000,SOLUSDT,5m,78.21,78.28,77.75,78.12,48616.203
1770916200000000,SOLUSDT,5m,78.11,78.16,77.51,77.83,23917.232
1770916500000000,SOLUSDT,5m,77.83,78.17,77.78,77.82,19569.243
1770916800000000,SOLUSDT,5m,77.82,78.47,77.82,78.39,23655.288
1770917100000000,SOLUSDT,5m,78.39,78.49,78.04,78.2,22110.68
1770917400000000,SOLUSDT,5m,78.2,78.25,77.86,78.05,19076.902
1770917700000000,SOLUSDT,5m,78.06,78.64,77.97,78.3,15911.013
1770918000000000,SOLUSDT,5m,78.3,78.45,78.18,78.24,7991.21
1770918300000000,SOLUSDT,5m,78.25,78.35,77.99,78.12,11915.691
1770918600000000,SOLUSDT,5m,78.12,78.28,77.95,78.04,16715.576
1770918900000000,SOLUSDT,5m,78.04,78.06,77.79,77.9,18445.938
1770919200000000,SOLUSDT,5m,77.9,78.18,77.82,78.12,11271.965
1770919500000000,SOLUSDT,5m,78.12,78.38,78.03,78.27,14501.622
1770919800000000,SOLUSDT,5m,78.26,78.47,78.23,78.34,9605.199
1770920100000000,SOLUSDT,5m,78.33,78.36,77.55,77.55,18860.764
1770920400000000,SOLUSDT,5m,77.55,77.74,77.4,77.62,35691.1
1770920700000000,SOLUSDT,5m,77.62,77.79,77.21,77.35,22790.223
1770921000000000,SOLUSDT,5m,77.36,77.56,77.19,77.39,15743.407
1770921300000000,SOLUSDT,5m,77.39,77.9,77.37,77.79,14816.329
1770921600000000,SOLUSDT,5m,77.79,77.79,77.45,77.45,8463.206
1770921900000000,SOLUSDT,5m,77.45,77.91,77.34,77.8,14825.558
1770922200000000,SOLUSDT,5m,77.79,77.9,77.68,77.72,11756.422
1770922500000000,SOLUSDT,5m,77.71,77.84,77.54,77.61,7797.039
1770922800000000,SOLUSDT,5m,77.61,77.93,77.56,77.64,10849.878
1770923100000000,SOLUSDT,5m,77.65,77.82,77.3,77.33,12321.559
1770923400000000,SOLUSDT,5m,77.33,77.54,77.03,77.45,23419.161
1770923700000000,SOLUSDT,5m,77.45,77.88,77.35,77.77,14303.098
1770924000000000,SOLUSDT,5m,77.76,78.44,77.71,78.31,23096.129
1770924300000000,SOLUSDT,5m,78.31,78.33,77.98,78.12,7266.469
1770924600000000,SOLUSDT,5m,78.11,78.47,78.01,78.25,12472.831
1770924900000000,SOLUSDT,5m,78.24,78.63,78.0,78.11,15992.529
1770925200000000,SOLUSDT,5m,78.1,78.11,77.89,77.97,9498.421
1770925500000000,SOLUSDT,5m,77.98,78.17,77.9,77.98,13597.059
1770925800000000,SOLUSDT,5m,77.99,78.03,77.44,77.46,18962.28
1770926100000000,SOLUSDT,5m,77.47,77.74,77.4,77.62,8859.584
1770926400000000,SOLUSDT,5m,77.62,77.93,77.46,77.62,16900.32
1770926700000000,SOLUSDT,5m,77.62,77.69,77.42,77.42,13158.245
1770927000000000,SOLUSDT,5m,77.42,77.43,77.09,77.39,16869.167
1770927300000000,SOLUSDT,5m,77.39,77.54,77.3,77.39,11163.849
1770927600000000,SOLUSDT,5m,77.39,77.4,77.05,77.16,11344.881
1770927900000000,SOLUSDT,5m,77.17,77.28,77.05,77.13,9027.031
1770928200000000,SOLUSDT,5m,77.12,77.23,77.0,77.1,16632.526
1770928500000000,SOLUSDT,5m,77.11,77.41,77.11,77.33,8738.973
1770928800000000,SOLUSDT,5m,77.33,77.38,77.06,77.17,12183.097
1770929100000000,SOLUSDT,5m,77.17,77.21,76.68,76.79,34368.79
1770929400000000,SOLUSDT,5m,76.79,76.95,76.6,76.92,36730.123
1770929700000000,SOLUSDT,5m,76.91,77.04,76.81,76.92,21112.16
1770930000000000,SOLUSDT,5m,76.92,77.32,76.92,77.27,18987.675
1770930300000000,SOLUSDT,5m,77.28,77.29,77.08,77.17,5168.036
1770930600000000,SOLUSDT,5m,77.17,77.24,76.96,77.24,6016.366
1770930900000000,SOLUSDT,5m,77.24,77.4,77.13,77.34,8733.958
1770931200000000,SOLUSDT,5m,77.33,77.34,77.0,77.19,9628.896
1770931500000000,SOLUSDT,5m,77.19,77.23,77.04,77.17,19921.585
1770931800000000,SOLUSDT,5m,77.18,77.44,77.12,77.43,8093.845
1770932100000000,SOLUSDT,5m,77.43,77.56,77.41,77.46,8556.749
1770932400000000,SOLUSDT,5m,77.45,77.52,77.38,77.48,3166.206
1770932700000000,SOLUSDT,5m,77.48,77.49,77.31,77.35,10697.288
1770933000000000,SOLUSDT,5m,77.35,77.54,77.35,77.38,18576.814
1770933300000000,SOLUSDT,5m,77.37,77.4,77.29,77.34,5676.308
1770933600000000,SOLUSDT,5m,77.33,77.38,77.2,77.37,6034.407
1770933900000000,SOLUSDT,5m,77.37,77.4,77.26,77.37,5905.332
1770934200000000,SOLUSDT,5m,77.37,77.41,77.28,77.37,5946.46
1770934500000000,SOLUSDT,5m,77.37,77.37,77.11,77.16,6045.222
1770934800000000,SOLUSDT,5m,77.16,77.3,76.97,77.3,11137.415
1770935100000000,SOLUSDT,5m,77.3,77.45,77.17,77.39,15570.392
1770935400000000,SOLUSDT,5m,77.4,77.52,77.15,77.15,18004.326
1770935700000000,SOLUSDT,5m,77.15,77.42,77.15,77.2,12062.395
1770936000000000,SOLUSDT,5m,77.19,77.58,77.12,77.58,16875.297
1770936300000000,SOLUSDT,5m,77.57,77.9,77.57,77.79,19573.668
1770936600000000,SOLUSDT,5m,77.78,77.88,77.67,77.85,13351.88
1770936900000000,SOLUSDT,5m,77.84,78.12,77.77,78.1,15266.895
1770937200000000,SOLUSDT,5m,78.1,78.26,78.05,78.2,18956.914
1770937500000000,SOLUSDT,5m,78.21,78.47,78.11,78.31,13440.775
1770937800000000,SOLUSDT,5m,78.31,78.34,78.0,78.1,9579.563
1770938100000000,SOLUSDT,5m,78.1,78.23,77.82,77.93,17381.994
1770938400000000,SOLUSDT,5m,77.93,78.39,77.88,78.38,11589.457
1770938700000000,SOLUSDT,5m,78.39,78.5,78.31,78.33,10543.001
1770939000000000,SOLUSDT,5m,78.33,78.45,78.13,78.3,15923.453
1770939300000000,SOLUSDT,5m,78.3,78.31,78.12,78.24,7974.19
1770939600000000,SOLUSDT,5m,78.24,78.39,78.21,78.25,13184.254
1770939900000000,SOLUSDT,5m,78.26,78.32,78.21,78.32,10920.658
1770940200000000,SOLUSDT,5m,78.32,78.39,78.24,78.37,4865.633
1770940500000000,SOLUSDT,5m,78.36,78.52,78.34,78.4,10344.867
1770940800000000,SOLUSDT,5m,78.39,78.74,78.3,78.54,10866.746
1770941100000000,SOLUSDT,5m,78.54,78.69,78.4,78.4,6403.006
1770941400000000,SOLUSDT,5m,78.41,78.49,78.32,78.4,6705.152
1770941700000000,SOLUSDT,5m,78.4,78.42,78.06,78.12,10332.707
1770942000000000,SOLUSDT,5m,78.12,78.19,77.95,77.99,10852.266
1770942300000000,SOLUSDT,5m,77.99,78.02,77.87,77.9,8729.234
1770942600000000,SOLUSDT,5m,77.91,78.0,77.71,77.9,14314.075
1770942900000000,SOLUSDT,5m,77.9,78.1,77.86,78.07,8072.802
1770943200000000,SOLUSDT,5m,78.07,78.15,77.81,77.82,7635.098
1770943500000000,SOLUSDT,5m,77.82,77.92,77.63,77.73,6935.635
1770943800000000,SOLUSDT,5m,77.73,78.1,77.53,78.02,11231.07
1770944100000000,SOLUSDT,5m,78.02,78.23,78.01,78.02,8223.252
1770944400000000,SOLUSDT,5m,78.03,78.25,78.01,78.22,7395.81
1770944700000000,SOLUSDT,5m,78.21,78.74,78.21,78.63,10158.792
1770945000000000,SOLUSDT,5m,78.63,78.66,78.54,78.57,4950.862
1770945300000000,SOLUSDT,5m,78.57,78.64,78.46,78.5,5751.652
1770945600000000,SOLUSDT,5m,78.5,78.56,78.24,78.25,7168.051
1770945900000000,SOLUSDT,5m,78.24,78.49,78.15,78.4,8151.609
1770946200000000,SOLUSDT,5m,78.41,78.57,78.33,78.45,6869.89
1770946500000000,SOLUSDT,5m,78.45,78.55,78.29,78.5,6902.73
1770946800000000,SOLUSDT,5m,78.5,78.78,78.45,78.66,13011.456
1770947100000000,SOLUSDT,5m,78.66,78.84,78.65,78.71,13255.036
1770947400000000,SOLUSDT,5m,78.71,78.8,78.48,78.53,5085.874
1770947700000000,SOLUSDT,5m,78.53,78.6,78.36,78.6,3027.629
1770948000000000,SOLUSDT,5m,78.6,78.67,78.49,78.64,5459.874
1770948300000000,SOLUSDT,5m,78.64,78.79,78.57,78.75,3984.548
1770948600000000,SOLUSDT,5m,78.75,78.77,78.64,78.71,3088.642
1770948900000000,SOLUSDT,5m,78.71,78.75,78.6,78.62,4126.97
1770949200000000,SOLUSDT,5m,78.62,78.81,78.46,78.79,6478.209
1770949500000000,SOLUSDT,5m,78.8,78.87,78.73,78.75,8502.858
1770949800000000,SOLUSDT,5m,78.75,78.8,78.64,78.71,4142.822
1770950100000000,SOLUSDT,5m,78.71,78.74,78.48,78.51,2475.788
1770950400000000,SOLUSDT,5m,78.52,78.88,78.45,78.86,9498.353
1770950700000000,SOLUSDT,5m,78.86,78.91,78.67,78.67,5193.956
1770951000000000,SOLUSDT,5m,78.68,79.26,78.68,79.2,31709.302
1770951300000000,SOLUSDT,5m,79.21,79.33,79.11,79.13,10831.538
1770951600000000,SOLUSDT,5m,79.13,79.24,79.09,79.14,6551.567
1770951900000000,SOLUSDT,5m,79.14,79.14,78.81,79.01,7787.76
1770952200000000,SOLUSDT,5m,79.01,79.04,78.89,78.94,4152.659
1770952500000000,SOLUSDT,5m,78.94,79.13,78.87,79.1,3458.635
1770952800000000,SOLUSDT,5m,79.09,79.09,78.94,79.0,4924.153
1770953100000000,SOLUSDT,5m,79.0,79.18,79.0,79.18,4521.843
1770953400000000,SOLUSDT,5m,79.17,79.48,79.17,79.22,18067.149
1770953700000000,SOLUSDT,5m,79.23,79.29,79.13,79.24,7127.007
1770954000000000,SOLUSDT,5m,79.23,79.28,79.11,79.12,3948.792
1770954300000000,SOLUSDT,5m,79.12,79.18,79.0,79.01,3971.346
1770954600000000,SOLUSDT,5m,79.01,79.11,78.91,79.03,4212.647
1770954900000000,SOLUSDT,5m,79.03,79.06,78.93,79.05,4357.209
1770955200000000,SOLUSDT,5m,79.05,79.18,78.96,78.97,10851.82
1770955500000000,SOLUSDT,5m,78.97,79.15,78.89,79.03,5112.572
1770955800000000,SOLUSDT,5m,79.03,79.08,78.89,79.07,6207.45
1770956100000000,SOLUSDT,5m,79.07,79.27,79.04,79.15,5536.764
1770956400000000,SOLUSDT,5m,79.15,79.19,78.9,79.0,5729.812
1770956700000000,SOLUSDT,5m,79.0,79.08,78.92,78.93,1900.552
1770957000000000,SOLUSDT,5m,78.92,78.92,78.64,78.69,11144.123
1770957300000000,SOLUSDT,5m,78.69,78.8,78.59,78.65,12176.475
1770957600000000,SOLUSDT,5m,78.66,78.71,78.53,78.57,10945.749
1770957900000000,SOLUSDT,5m,78.57,78.58,78.47,78.55,4777.532
1770958200000000,SOLUSDT,5m,78.55,78.69,78.55,78.67,2381.612
1770958500000000,SOLUSDT,5m,78.67,78.71,78.47,78.52,3892.508
1770958800000000,SOLUSDT,5m,78.52,78.65,78.47,78.52,7815.124
1770959100000000,SOLUSDT,5m,78.51,78.53,78.23,78.28,12309.06
1770959400000000,SOLUSDT,5m,78.29,78.37,78.22,78.22,3193.124
1770959700000000,SOLUSDT,5m,78.23,78.37,78.16,78.3,3441.721
1770960000000000,SOLUSDT,5m,78.31,78.47,78.28,78.35,2985.446
1770960300000000,SOLUSDT,5m,78.35,78.45,78.27,78.36,5929.439
1770960600000000,SOLUSDT,5m,78.36,78.55,78.35,78.48,5030.616
1770960900000000,SOLUSDT,5m,78.47,78.68,78.46,78.51,5496.864
1770961200000000,SOLUSDT,5m,78.51,78.75,78.42,78.72,5967.214
1770961500000000,SOLUSDT,5m,78.72,78.76,78.59,78.7,3269.575
1770961800000000,SOLUSDT,5m,78.7,78.7,78.53,78.53,4388.698
1770962100000000,SOLUSDT,5m,78.52,78.61,78.27,78.29,11849.932
1770962400000000,SOLUSDT,5m,78.29,78.45,78.27,78.37,9950.665
1770962700000000,SOLUSDT,5m,78.37,78.44,78.36,78.41,2778.679
1770963000000000,SOLUSDT,5m,78.42,78.5,78.36,78.38,3765.347
1770963300000000,SOLUSDT,5m,78.39,78.49,78.35,78.36,6745.665
1770963600000000,SOLUSDT,5m,78.37,78.45,77.88,77.99,23856.883
1770963900000000,SOLUSDT,5m,77.98,78.03,77.93,78.01,9372.856
1770964200000000,SOLUSDT,5m,78.01,78.08,77.85,78.05,8745.953
1770964500000000,SOLUSDT,5m,78.04,78.12,78.02,78.02,3504.121
1770964800000000,SOLUSDT,5m,78.02,78.13,78.01,78.07,3618.823
1770965100000000,SOLUSDT,5m,78.07,78.18,78.0,78.06,8549.507
1770965400000000,SOLUSDT,5m,78.07,78.38,78.07,78.3,6052.152
1770965700000000,SOLUSDT,5m,78.31,78.66,78.29,78.62,5602.337
1770966000000000,SOLUSDT,5m,78.62,78.87,78.59,78.84,5765.376
1770966300000000,SOLUSDT,5m,78.84,78.93,78.68,78.72,6039.901
1770966600000000,SOLUSDT,5m,78.72,79.24,78.71,79.13,17652.925
1770966900000000,SOLUSDT,5m,79.14,79.21,79.0,79.01,8481.032
1770967200000000,SOLUSDT,5m,79.02,79.08,78.94,79.05,9254.567
1770967500000000,SOLUSDT,5m,79.04,79.05,78.92,78.98,4129.045
1770967800000000,SOLUSDT,5m,78.97,78.99,78.86,78.91,5254.366
1770968100000000,SOLUSDT,5m,78.91,78.95,78.63,78.63,9883.371
1770968400000000,SOLUSDT,5m,78.64,78.65,78.57,78.59,8775.422
1770968700000000,SOLUSDT,5m,78.6,78.79,78.54,78.78,5918.683
1770969000000000,SOLUSDT,5m,78.78,79.07,78.67,79.06,7968.138
1770969300000000,SOLUSDT,5m,79.07,79.11,78.94,78.99,9878.841
1770969600000000,SOLUSDT,5m,78.99,79.11,78.86,79.08,4391.167
1770969900000000,SOLUSDT,5m,79.07,79.24,79.05,79.09,15063.226
1770970200000000,SOLUSDT,5m,79.09,79.23,79.01,79.01,5957.037
1770970500000000,SOLUSDT,5m,79.01,79.08,78.93,79.08,5235.112
1770970800000000,SOLUSDT,5m,79.07,79.38,78.96,79.14,9334.24
1770971100000000,SOLUSDT,5m,79.14,79.44,79.14,79.32,6235.417
1770971400000000,SOLUSDT,5m,79.32,79.47,79.26,79.41,6997.45
1770971700000000,SOLUSDT,5m,79.4,79.42,79.28,79.29,5190.43
1770972000000000,SOLUSDT,5m,79.28,79.42,79.24,79.42,6659.197
1770972300000000,SOLUSDT,5m,79.41,79.9,79.41,79.82,24618.404
1770972600000000,SOLUSDT,5m,79.82,79.89,79.65,79.69,9329.234
1770972900000000,SOLUSDT,5m,79.7,79.74,79.62,79.73,7599.135
1770973200000000,SOLUSDT,5m,79.73,79.74,79.58,79.58,10238.456
1770973500000000,SOLUSDT,5m,79.59,79.74,79.56,79.66,11682.903
1770973800000000,SOLUSDT,5m,79.65,79.79,79.42,79.49,7656.014
1770974100000000,SOLUSDT,5m,79.49,79.66,79.47,79.59,5829.018
1770974400000000,SOLUSDT,5m,79.58,79.75,79.55,79.7,6367.696
1770974700000000,SOLUSDT,5m,79.7,79.75,79.68,79.75,5684.518
1770975000000000,SOLUSDT,5m,79.75,79.8,79.65,79.69,9471.12
1770975300000000,SOLUSDT,5m,79.69,79.72,79.55,79.61,7626.577
1770975600000000,SOLUSDT,5m,79.62,79.65,79.5,79.55,5113.459
1770975900000000,SOLUSDT,5m,79.55,79.8,79.53,79.78,5940.162
1770976200000000,SOLUSDT,5m,79.79,79.97,79.75,79.87,18193.007
1770976500000000,SOLUSDT,5m,79.86,79.91,79.84,79.88,4235.477
1770976800000000,SOLUSDT,5m,79.89,79.96,79.77,79.79,10078.613
1770977100000000,SOLUSDT,5m,79.8,79.98,79.79,79.88,8683.126
1770977400000000,SOLUSDT,5m,79.87,80.13,79.86,80.12,24629.862
1770977700000000,SOLUSDT,5m,80.13,80.42,80.11,80.27,27357.567
1770978000000000,SOLUSDT,5m,80.28,80.28,79.89,79.97,9752.244
1770978300000000,SOLUSDT,5m,79.97,80.15,79.94,80.14,10243.034
1770978600000000,SOLUSDT,5m,80.14,80.4,80.02,80.37,8418.361
1770978900000000,SOLUSDT,5m,80.37,80.4,80.16,80.18,5367.623
1770979200000000,SOLUSDT,5m,80.18,80.34,80.16,80.33,9726.099
1770979500000000,SOLUSDT,5m,80.34,80.4,80.22,80.31,9362.473
1770979800000000,SOLUSDT,5m,80.31,80.6,80.15,80.53,22146.852
1770980100000000,SOLUSDT,5m,80.52,80.62,80.35,80.36,8462.306
1770980400000000,SOLUSDT,5m,80.37,80.37,80.19,80.27,8130.508
1770980700000000,SOLUSDT,5m,80.28,80.39,80.13,80.15,4632.247
1770981000000000,SOLUSDT,5m,80.16,80.16,80.01,80.08,9431.425
1770981300000000,SOLUSDT,5m,80.08,80.19,80.0,80.15,7541.989
1770981600000000,SOLUSDT,5m,80.15,80.23,79.96,79.99,8158.076
1770981900000000,SOLUSDT,5m,79.99,80.18,79.98,80.09,6388.94
1770982200000000,SOLUSDT,5m,80.08,80.12,79.78,79.98,10987.358
1770982500000000,SOLUSDT,5m,79.99,80.1,79.94,79.99,7978.582
1770982800000000,SOLUSDT,5m,79.99,80.22,79.99,80.19,5776.333
1770983100000000,SOLUSDT,5m,80.19,80.34,80.12,80.21,7951.011
1770983400000000,SOLUSDT,5m,80.2,80.37,80.19,80.3,5922.911
1770983700000000,SOLUSDT,5m,80.3,80.4,80.19,80.31,11323.444
1770984000000000,SOLUSDT,5m,80.31,80.32,79.98,80.01,6314.165
1770984300000000,SOLUSDT,5m,80.02,80.05,79.86,80.02,8646.479
1770984600000000,SOLUSDT,5m,80.02,80.15,79.93,79.94,8743.503
1770984900000000,SOLUSDT,5m,79.94,80.05,79.87,80.0,8657.281
1770985200000000,SOLUSDT,5m,79.99,80.1,79.98,79.98,2473.573
1770985500000000,SOLUSDT,5m,79.98,80.17,79.98,80.12,4203.024
1770985800000000,SOLUSDT,5m,80.12,80.16,80.02,80.03,4103.919
1770986100000000,SOLUSDT,5m,80.03,80.14,79.95,80.03,3877.446
1770986400000000,SOLUSDT,5m,80.03,80.08,79.92,79.99,3786.999
1770986700000000,SOLUSDT,5m,79.99,80.04,79.95,80.04,3380.885
1770987000000000,SOLUSDT,5m,80.05,80.15,79.99,80.15,4419.292
1770987300000000,SOLUSDT,5m,80.15,80.17,79.91,79.97,5856.242
1770987600000000,SOLUSDT,5m,79.97,80.14,79.94,80.11,4039.256
1770987900000000,SOLUSDT,5m,80.11,80.11,79.73,79.86,12788.879
1770988200000000,SOLUSDT,5m,79.85,79.94,79.8,79.85,5888.467
1770988500000000,SOLUSDT,5m,79.84,80.06,79.83,80.06,3799.326
1770988800000000,SOLUSDT,5m,80.05,80.28,80.0,80.24,10064.477
1770989100000000,SOLUSDT,5m,80.24,80.54,80.24,80.33,20123.771
1770989400000000,SOLUSDT,5m,80.33,80.89,80.31,80.68,48102.783
1770989700000000,SOLUSDT,5m,80.68,80.7,80.11,80.21,15682.293
1770990000000000,SOLUSDT,5m,80.2,80.34,80.13,80.16,11119.814
1770990300000000,SOLUSDT,5m,80.15,80.27,79.94,80.25,11017.504
1770990600000000,SOLUSDT,5m,80.26,80.5,80.24,80.36,11068.032
1770990900000000,SOLUSDT,5m,80.37,80.47,80.24,80.29,7015.804
1770991200000000,SOLUSDT,5m,80.28,80.33,79.98,80.01,6224.969
1770991500000000,SOLUSDT,5m,80.01,80.06,79.89,79.98,9565.952
1770991800000000,SOLUSDT,5m,79.98,80.09,79.86,79.92,8235.886
1770992100000000,SOLUSDT,5m,79.92,80.34,79.92,80.31,7208.768
1770992400000000,SOLUSDT,5m,80.3,80.35,80.24,80.31,5546.021
1770992700000000,SOLUSDT,5m,80.31,80.78,80.27,80.59,27180.834
1770993000000000,SOLUSDT,5m,80.6,81.57,80.55,81.52,77982.326
1770993300000000,SOLUSDT,5m,81.52,81.53,80.89,80.99,46761.156
1770993600000000,SOLUSDT,5m,81.0,81.1,80.41,81.1,27012.21
1770993900000000,SOLUSDT,5m,81.11,81.95,81.11,81.76,51694.914
1770994200000000,SOLUSDT,5m,81.76,81.84,81.32,81.36,23604.901
1770994500000000,SOLUSDT,5m,81.37,81.58,81.14,81.33,18065.726
1770994800000000,SOLUSDT,5m,81.34,81.73,81.29,81.34,24437.169
1770995100000000,SOLUSDT,5m,81.35,82.0,81.09,81.99,32849.423
1770995400000000,SOLUSDT,5m,81.98,82.65,81.88,82.32,49323.007
1770995700000000,SOLUSDT,5m,82.32,82.63,82.14,82.21,37257.58
1770996000000000,SOLUSDT,5m,82.2,82.42,82.0,82.28,22471.59
1770996300000000,SOLUSDT,5m,82.28,83.66,82.23,83.64,74489.766
1770996600000000,SOLUSDT,5m,83.65,84.34,83.63,83.88,66674.098
1770996900000000,SOLUSDT,5m,83.89,84.16,83.56,83.61,33054.295
1770997200000000,SOLUSDT,5m,83.62,83.63,83.1,83.17,24794.16
1770997500000000,SOLUSDT,5m,83.18,83.34,82.9,82.96,39035.693
1770997800000000,SOLUSDT,5m,82.96,83.31,82.91,83.15,31174.112
1770998100000000,SOLUSDT,5m,83.16,83.34,82.88,83.2,24659.002
1770998400000000,SOLUSDT,5m,83.2,83.38,82.92,83.23,12725.166
1770998700000000,SOLUSDT,5m,83.23,84.13,83.18,83.91,61691.168
1770999000000000,SOLUSDT,5m,83.91,83.91,83.46,83.76,21003.308
1770999300000000,SOLUSDT,5m,83.77,83.94,83.54,83.54,28140.665
1770999600000000,SOLUSDT,5m,83.54,83.75,83.42,83.67,13736.416
1770999900000000,SOLUSDT,5m,83.67,84.1,83.59,84.1,25459.374
1771000200000000,SOLUSDT,5m,84.1,85.0,83.96,84.48,75339.466
1771000500000000,SOLUSDT,5m,84.47,84.63,84.27,84.52,25124.632
1771000800000000,SOLUSDT,5m,84.52,84.58,84.34,84.5,16091.311
1771001100000000,SOLUSDT,5m,84.51,84.54,84.17,84.26,13564.785
1771001400000000,SOLUSDT,5m,84.26,84.59,84.24,84.47,10156.816
1771001700000000,SOLUSDT,5m,84.46,84.63,84.15,84.22,13064.097
1771002000000000,SOLUSDT,5m,84.22,84.24,83.87,83.94,27844.141
1771002300000000,SOLUSDT,5m,83.94,84.03,83.55,83.59,27414.824
1771002600000000,SOLUSDT,5m,83.58,84.15,83.58,84.14,11334.749
1771002900000000,SOLUSDT,5m,84.15,84.36,84.04,84.24,15395.949
1771003200000000,SOLUSDT,5m,84.24,84.52,84.2,84.32,16326.827
1771003500000000,SOLUSDT,5m,84.32,84.42,84.13,84.37,14278.215
1771003800000000,SOLUSDT,5m,84.38,84.71,84.35,84.52,18091.871
1771004100000000,SOLUSDT,5m,84.52,84.58,84.38,84.48,6690.402
1771004400000000,SOLUSDT,5m,84.49,84.59,84.36,84.39,9267.454
1771004700000000,SOLUSDT,5m,84.38,84.5,84.15,84.31,8914.362
1771005000000000,SOLUSDT,5m,84.3,84.54,84.23,84.34,8723.024
1771005300000000,SOLUSDT,5m,84.35,84.52,84.29,84.34,7277.393
1771005600000000,SOLUSDT,5m,84.35,84.73,84.12,84.65,23738.509
1771005900000000,SOLUSDT,5m,84.66,84.89,84.53,84.7,21588.148
1771006200000000,SOLUSDT,5m,84.7,84.88,84.49,84.52,20991.651
1771006500000000,SOLUSDT,5m,84.52,84.63,84.33,84.41,10423.561
1771006800000000,SOLUSDT,5m,84.42,84.8,84.4,84.71,6545.455
1771007100000000,SOLUSDT,5m,84.71,84.78,84.53,84.65,10866.879
1771007400000000,SOLUSDT,5m,84.65,84.86,84.59,84.76,8174.734
1771007700000000,SOLUSDT,5m,84.76,85.45,84.72,85.24,43662.006
1771008000000000,SOLUSDT,5m,85.23,85.41,85.07,85.18,18092.96
1771008300000000,SOLUSDT,5m,85.19,85.5,85.12,85.22,15064.768
1771008600000000,SOLUSDT,5m,85.22,85.59,85.16,85.49,26277.241
1771008900000000,SOLUSDT,5m,85.5,85.54,85.27,85.4,11763.836
1771009200000000,SOLUSDT,5m,85.4,85.5,85.17,85.2,14730.22
1771009500000000,SOLUSDT,5m,85.2,85.45,85.17,85.41,10189.008
1771009800000000,SOLUSDT,5m,85.41,85.63,85.24,85.3,12081.353
1771010100000000,SOLUSDT,5m,85.31,85.31,84.95,85.16,9443.079
1771010400000000,SOLUSDT,5m,85.16,85.4,85.14,85.37,11850.723
1771010700000000,SOLUSDT,5m,85.36,85.38,84.76,84.79,13546.38
1771011000000000,SOLUSDT,5m,84.79,84.89,84.69,84.79,13365.593
1771011300000000,SOLUSDT,5m,84.8,84.9,84.71,84.77,7992.747
1771011600000000,SOLUSDT,5m,84.77,84.78,84.54,84.62,10417.164
1771011900000000,SOLUSDT,5m,84.63,84.76,84.6,84.64,11163.252
1771012200000000,SOLUSDT,5m,84.65,84.82,84.65,84.78,6515.038
1771012500000000,SOLUSDT,5m,84.78,84.95,84.63,84.66,7967.236
1771012800000000,SOLUSDT,5m,84.65,84.7,84.46,84.53,13943.41
1771013100000000,SOLUSDT,5m,84.54,84.66,84.43,84.53,11070.625
1771013400000000,SOLUSDT,5m,84.53,84.63,84.29,84.3,15790.024
1771013700000000,SOLUSDT,5m,84.31,84.52,84.17,84.52,20717.58
1771014000000000,SOLUSDT,5m,84.51,84.72,84.41,84.63,13478.961
1771014300000000,SOLUSDT,5m,84.62,84.65,84.42,84.54,7683.876
1771014600000000,SOLUSDT,5m,84.54,84.78,84.47,84.6,6133.509
1771014900000000,SOLUSDT,5m,84.6,84.76,84.41,84.54,9100.304
1771015200000000,SOLUSDT,5m,84.55,84.75,84.5,84.71,20097.836
1771015500000000,SOLUSDT,5m,84.71,85.05,84.7,85.04,13378.927
1771015800000000,SOLUSDT,5m,85.03,85.06,84.85,84.93,7456.419
1771016100000000,SOLUSDT,5m,84.92,84.92,84.64,84.77,13614.803
1771016400000000,SOLUSDT,5m,84.78,85.05,84.67,85.01,18726.949
1771016700000000,SOLUSDT,5m,85.0,85.19,84.95,85.12,12292.773
1771017000000000,SOLUSDT,5m,85.11,85.19,84.97,85.09,15714.312
1771017300000000,SOLUSDT,5m,85.08,85.09,84.9,84.92,4895.376
1771017600000000,SOLUSDT,5m,84.91,85.02,84.85,84.95,6072.829
1771017900000000,SOLUSDT,5m,84.95,85.08,84.83,84.84,8342.42
1771018200000000,SOLUSDT,5m,84.85,84.9,84.78,84.83,5276.92
1771018500000000,SOLUSDT,5m,84.84,84.84,84.73,84.73,5077.087
1771018800000000,SOLUSDT,5m,84.73,84.84,84.73,84.8,3964.295
1771019100000000,SOLUSDT,5m,84.8,84.8,84.63,84.78,3346.016
1771019400000000,SOLUSDT,5m,84.78,84.78,84.56,84.61,4708.736
1771019700000000,SOLUSDT,5m,84.61,84.86,84.58,84.86,8151.326
1771020000000000,SOLUSDT,5m,84.85,84.87,84.69,84.7,4709.867
1771020300000000,SOLUSDT,5m,84.71,84.93,84.7,84.84,6426.47
1771020600000000,SOLUSDT,5m,84.85,84.92,84.47,84.49,14708.96
1771020900000000,SOLUSDT,5m,84.49,84.62,84.46,84.54,4735.54
1771021200000000,SOLUSDT,5m,84.55,84.67,84.55,84.6,3815.728
1771021500000000,SOLUSDT,5m,84.6,84.75,84.6,84.7,1863.013
1771021800000000,SOLUSDT,5m,84.71,84.75,84.57,84.64,4433.449
1771022100000000,SOLUSDT,5m,84.64,84.65,84.5,84.51,3614.837
1771022400000000,SOLUSDT,5m,84.5,84.7,84.48,84.63,5134.479
1771022700000000,SOLUSDT,5m,84.64,84.72,84.58,84.63,2854.52
1771023000000000,SOLUSDT,5m,84.62,84.65,84.57,84.61,3866.525
1771023300000000,SOLUSDT,5m,84.6,84.67,84.51,84.66,3404.093
1771023600000000,SOLUSDT,5m,84.66,84.66,84.51,84.53,2771.294
1771023900000000,SOLUSDT,5m,84.53,84.53,84.34,84.39,10571.144
1771024200000000,SOLUSDT,5m,84.38,84.43,84.36,84.38,3127.147
1771024500000000,SOLUSDT,5m,84.39,84.52,84.24,84.26,7738.936
1771024800000000,SOLUSDT,5m,84.26,84.44,84.26,84.34,10494.178
1771025100000000,SOLUSDT,5m,84.34,84.41,84.3,84.3,3749.661
1771025400000000,SOLUSDT,5m,84.3,84.45,84.3,84.45,2860.021
1771025700000000,SOLUSDT,5m,84.44,84.44,84.23,84.25,2254.972
1771026000000000,SOLUSDT,5m,84.24,84.33,84.12,84.21,9115.46
1771026300000000,SOLUSDT,5m,84.21,84.37,84.21,84.32,4108.395
1771026600000000,SOLUSDT,5m,84.33,84.38,84.22,84.34,4565.181
1771026900000000,SOLUSDT,5m,84.33,84.41,84.29,84.33,4264.423
1771027200000000,SOLUSDT,5m,84.34,84.39,84.27,84.33,4687.931
1771027500000000,SOLUSDT,5m,84.34,84.36,84.23,84.27,4368.458
1771027800000000,SOLUSDT,5m,84.27,84.39,84.21,84.39,5188.378
1771028100000000,SOLUSDT,5m,84.38,84.51,84.33,84.49,4489.578
1771028400000000,SOLUSDT,5m,84.5,84.5,84.34,84.41,2700.703
1771028700000000,SOLUSDT,5m,84.41,84.48,84.4,84.47,2934.302
1771029000000000,SOLUSDT,5m,84.48,84.73,84.44,84.71,9392.756
1771029300000000,SOLUSDT,5m,84.7,84.72,84.59,84.71,7467.513
1771029600000000,SOLUSDT,5m,84.71,85.01,84.68,84.96,64013.707
1771029900000000,SOLUSDT,5m,84.96,84.97,84.85,84.93,7573.162
1771030200000000,SOLUSDT,5m,84.93,85.07,84.86,85.01,6334.179
1771030500000000,SOLUSDT,5m,85.02,85.1,84.92,84.97,7343.045
1771030800000000,SOLUSDT,5m,84.96,84.96,84.81,84.86,3560.097
1771031100000000,SOLUSDT,5m,84.86,84.91,84.82,84.91,3976.931
1771031400000000,SOLUSDT,5m,84.91,84.96,84.8,84.96,5557.237
1771031700000000,SOLUSDT,5m,84.96,85.21,84.94,85.17,7967.308
1771032000000000,SOLUSDT,5m,85.17,85.19,84.85,84.89,7177.101
1771032300000000,SOLUSDT,5m,84.89,84.94,84.81,84.94,5579.657
1771032600000000,SOLUSDT,5m,84.93,84.94,84.81,84.92,7165.349
1771032900000000,SOLUSDT,5m,84.92,85.06,84.9,84.97,16126.139
1771033200000000,SOLUSDT,5m,84.96,85.06,84.92,84.95,8660.144
1771033500000000,SOLUSDT,5m,84.95,85.06,84.93,85.02,4789.642
1771033800000000,SOLUSDT,5m,85.01,85.08,84.95,84.96,2103.849
1771034100000000,SOLUSDT,5m,84.96,85.02,84.93,84.99,3644.4
1771034400000000,SOLUSDT,5m,84.99,84.99,84.84,84.92,2429.135
1771034700000000,SOLUSDT,5m,84.93,84.98,84.88,84.97,2335.826
1771035000000000,SOLUSDT,5m,84.97,85.01,84.9,84.99,5178.729
1771035300000000,SOLUSDT,5m,85.0,85.0,84.82,84.84,3290.058
1771035600000000,SOLUSDT,5m,84.83,84.83,84.69,84.69,3677.034
1771035900000000,SOLUSDT,5m,84.7,84.78,84.67,84.71,7516.352
1771036200000000,SOLUSDT,5m,84.71,84.8,84.6,84.8,1899.035
1771036500000000,SOLUSDT,5m,84.8,84.9,84.76,84.9,3253.018
1771036800000000,SOLUSDT,5m,84.9,84.92,84.82,84.88,2843.068
1771037100000000,SOLUSDT,5m,84.88,84.93,84.84,84.89,1783.071
1771037400000000,SOLUSDT,5m,84.88,84.91,84.8,84.91,2118.277
1771037700000000,SOLUSDT,5m,84.91,84.93,84.88,84.89,4551.53
1771038000000000,SOLUSDT,5m,84.9,84.98,84.82,84.84,3799.674
1771038300000000,SOLUSDT,5m,84.84,85.03,84.82,84.97,5182.538
1771038600000000,SOLUSDT,5m,84.96,85.05,84.96,85.03,3112.145
1771038900000000,SOLUSDT,5m,85.03,85.04,84.86,84.93,2302.915
1771039200000000,SOLUSDT,5m,84.92,84.95,84.86,84.95,2364.084
1771039500000000,SOLUSDT,5m,84.96,85.04,84.95,84.98,4918.42
1771039800000000,SOLUSDT,5m,84.97,85.18,84.97,85.18,4500.464
1771040100000000,SOLUSDT,5m,85.17,85.3,85.06,85.15,9737.028
1771040400000000,SOLUSDT,5m,85.15,85.17,85.03,85.06,3647.816
1771040700000000,SOLUSDT,5m,85.06,85.06,84.97,85.02,2607.676
1771041000000000,SOLUSDT,5m,85.02,85.08,84.98,85.03,1669.099
1771041300000000,SOLUSDT,5m,85.04,85.15,85.03,85.06,1909.839
1771041600000000,SOLUSDT,5m,85.07,85.07,84.96,84.97,2270.002
1771041900000000,SOLUSDT,5m,84.98,85.03,84.89,84.9,6206.631
1771042200000000,SOLUSDT,5m,84.89,84.96,84.89,84.95,1773.079
1771042500000000,SOLUSDT,5m,84.96,85.02,84.9,84.98,1551.006
1771042800000000,SOLUSDT,5m,84.99,84.99,84.82,84.89,3375.487
1771043100000000,SOLUSDT,5m,84.89,85.03,84.88,85.01,2665.279
1771043400000000,SOLUSDT,5m,85.02,85.1,84.96,85.03,2380.896
1771043700000000,SOLUSDT,5m,85.03,85.03,84.92,84.97,2075.492
1771044000000000,SOLUSDT,5m,84.97,84.99,84.9,84.95,1756.208
1771044300000000,SOLUSDT,5m,84.96,84.97,84.88,84.89,3243.672
1771044600000000,SOLUSDT,5m,84.9,84.92,84.85,84.86,4047.508
1771044900000000,SOLUSDT,5m,84.85,84.9,84.8,84.83,2436.746
1771045200000000,SOLUSDT,5m,84.82,84.85,84.71,84.83,4513.776
1771045500000000,SOLUSDT,5m,84.83,84.86,84.75,84.76,1381.466
1771045800000000,SOLUSDT,5m,84.75,84.96,84.75,84.94,3459.407
1771046100000000,SOLUSDT,5m,84.93,84.99,84.92,84.97,1588.168
1771046400000000,SOLUSDT,5m,84.96,85.03,84.9,85.0,2726.734
1771046700000000,SOLUSDT,5m,85.01,85.01,84.94,84.94,1712.625
1771047000000000,SOLUSDT,5m,84.95,85.01,84.89,84.92,1797.577
1771047300000000,SOLUSDT,5m,84.91,84.93,84.79,84.8,2468.5
1771047600000000,SOLUSDT,5m,84.81,84.83,84.76,84.81,1905.381
1771047900000000,SOLUSDT,5m,84.81,84.86,84.78,84.85,1466.36
1771048200000000,SOLUSDT,5m,84.85,84.9,84.7,84.75,4618.994
1771048500000000,SOLUSDT,5m,84.76,84.77,84.61,84.63,2870.039
1771048800000000,SOLUSDT,5m,84.63,84.69,84.52,84.52,5014.984
1771049100000000,SOLUSDT,5m,84.53,84.59,84.37,84.37,4690.45
1771049400000000,SOLUSDT,5m,84.37,84.54,84.35,84.54,3221.438
1771049700000000,SOLUSDT,5m,84.53,84.72,84.53,84.68,2220.159
1771050000000000,SOLUSDT,5m,84.68,84.69,84.57,84.61,2192.023
1771050300000000,SOLUSDT,5m,84.61,84.77,84.6,84.74,2844.166
1771050600000000,SOLUSDT,5m,84.73,84.81,84.69,84.72,1257.558
1771050900000000,SOLUSDT,5m,84.71,84.8,84.68,84.75,1692.961
1771051200000000,SOLUSDT,5m,84.76,84.77,84.7,84.75,3282.545
1771051500000000,SOLUSDT,5m,84.75,84.82,84.71,84.82,1247.024
1771051800000000,SOLUSDT,5m,84.81,84.93,84.81,84.88,2817.459
1771052100000000,SOLUSDT,5m,84.88,84.93,84.82,84.86,3617.609
1771052400000000,SOLUSDT,5m,84.86,84.93,84.78,84.9,2322.582
1771052700000000,SOLUSDT,5m,84.9,84.92,84.85,84.86,1977.041
1771053000000000,SOLUSDT,5m,84.85,84.88,84.82,84.86,3135.27
1771053300000000,SOLUSDT,5m,84.87,84.94,84.81,84.85,5268.352
1771053600000000,SOLUSDT,5m,84.85,84.92,84.77,84.91,2823.233
1771053900000000,SOLUSDT,5m,84.92,84.95,84.88,84.93,2979.073
1771054200000000,SOLUSDT,5m,84.94,84.98,84.89,84.97,2769.122
1771054500000000,SOLUSDT,5m,84.97,84.97,84.85,84.88,1519.519
1771054800000000,SOLUSDT,5m,84.88,85.07,84.86,85.05,4168.4
1771055100000000,SOLUSDT,5m,85.05,85.1,84.96,85.1,18511.033
1771055400000000,SOLUSDT,5m,85.1,85.27,85.07,85.16,6797.219
1771055700000000,SOLUSDT,5m,85.17,85.26,85.08,85.19,5375.172
1771056000000000,SOLUSDT,5m,85.19,85.44,85.16,85.39,11087.562
1771056300000000,SOLUSDT,5m,85.39,86.07,85.32,85.68,61828.234
1771056600000000,SOLUSDT,5m,85.68,85.69,85.45,85.57,8703.552
1771056900000000,SOLUSDT,5m,85.57,85.85,85.56,85.76,11046.615
1771057200000000,SOLUSDT,5m,85.76,85.76,85.47,85.52,9002.961
1771057500000000,SOLUSDT,5m,85.53,85.57,85.44,85.48,3713.238
1771057800000000,SOLUSDT,5m,85.48,85.79,85.46,85.74,8979.628
1771058100000000,SOLUSDT,5m,85.74,86.17,85.74,86.04,17843.412
1771058400000000,SOLUSDT,5m,86.03,86.12,85.98,86.06,14837.736
1771058700000000,SOLUSDT,5m,86.06,86.3,86.03,86.1,16830.986
1771059000000000,SOLUSDT,5m,86.1,86.15,85.87,86.08,12276.271
1771059300000000,SOLUSDT,5m,86.08,86.41,86.06,86.22,29967.736
1771059600000000,SOLUSDT,5m,86.22,86.34,86.19,86.29,30314.631
1771059900000000,SOLUSDT,5m,86.29,86.33,86.18,86.29,19743.348
1771060200000000,SOLUSDT,5m,86.29,86.38,86.01,86.1,10321.522
1771060500000000,SOLUSDT,5m,86.1,86.25,86.0,86.23,8737.454
1771060800000000,SOLUSDT,5m,86.23,86.34,85.92,85.95,15109.943
1771061100000000,SOLUSDT,5m,85.95,86.01,85.86,85.89,14317.164
1771061400000000,SOLUSDT,5m,85.9,86.04,85.86,85.87,9638.531
1771061700000000,SOLUSDT,5m,85.87,86.06,85.87,86.05,3840.439
1771062000000000,SOLUSDT,5m,86.05,86.05,85.94,86.0,7585.827
1771062300000000,SOLUSDT,5m,85.99,86.12,85.99,86.05,5430.967
1771062600000000,SOLUSDT,5m,86.05,86.12,85.98,86.09,6482.295
1771062900000000,SOLUSDT,5m,86.08,86.11,86.01,86.02,4255.169
1771063200000000,SOLUSDT,5m,86.02,86.02,85.74,85.81,8770.479
1771063500000000,SOLUSDT,5m,85.8,85.89,85.79,85.86,3078.355
1771063800000000,SOLUSDT,5m,85.87,85.95,85.87,85.93,2689.909
1771064100000000,SOLUSDT,5m,85.93,86.0,85.86,85.89,6911.382
1771064400000000,SOLUSDT,5m,85.9,85.93,85.85,85.91,5086.225
1771064700000000,SOLUSDT,5m,85.91,85.93,85.77,85.85,2361.494
1771065000000000,SOLUSDT,5m,85.84,85.93,85.83,85.87,6344.961
1771065300000000,SOLUSDT,5m,85.87,86.01,85.87,85.96,3441.227
1771065600000000,SOLUSDT,5m,85.95,85.95,85.82,85.83,5555.4
1771065900000000,SOLUSDT,5m,85.83,85.86,85.74,85.75,3510.022
1771066200000000,SOLUSDT,5m,85.75,85.91,85.75,85.79,3429.272
1771066500000000,SOLUSDT,5m,85.79,85.86,85.78,85.83,3365.246
1771066800000000,SOLUSDT,5m,85.83,85.97,85.82,85.94,3837.774
1771067100000000,SOLUSDT,5m,85.95,86.08,85.9,86.05,5585.539
1771067400000000,SOLUSDT,5m,86.05,86.7,86.05,86.64,26996.561
1771067700000000,SOLUSDT,5m,86.64,86.8,86.44,86.51,11859.784
1771068000000000,SOLUSDT,5m,86.51,87.16,86.51,87.1,36343.356
1771068300000000,SOLUSDT,5m,87.1,87.1,86.67,86.79,17898.994
1771068600000000,SOLUSDT,5m,86.8,86.9,86.56,86.68,18736.904
1771068900000000,SOLUSDT,5m,86.68,86.77,86.63,86.66,6915.092
1771069200000000,SOLUSDT,5m,86.67,86.9,86.66,86.79,13307.429
1771069500000000,SOLUSDT,5m,86.8,86.95,86.74,86.94,10285.289
1771069800000000,SOLUSDT,5m,86.94,87.29,86.9,87.24,19920.594
1771070100000000,SOLUSDT,5m,87.24,87.33,87.11,87.29,13614.171
1771070400000000,SOLUSDT,5m,87.29,87.32,87.09,87.14,17068.381
1771070700000000,SOLUSDT,5m,87.13,87.26,87.08,87.25,7337.656
1771071000000000,SOLUSDT,5m,87.24,87.28,87.07,87.26,7483.352
1771071300000000,SOLUSDT,5m,87.26,87.28,86.93,87.03,25770.206
1771071600000000,SOLUSDT,5m,87.03,87.25,87.03,87.13,8510.816
1771071900000000,SOLUSDT,5m,87.13,87.17,86.97,87.06,8386.219
1771072200000000,SOLUSDT,5m,87.07,87.07,86.94,86.95,6993.09
1771072500000000,SOLUSDT,5m,86.95,87.01,86.52,86.58,18328.803
1771072800000000,SOLUSDT,5m,86.58,86.65,86.47,86.55,16043.167
1771073100000000,SOLUSDT,5m,86.54,86.68,86.46,86.51,25655.645
1771073400000000,SOLUSDT,5m,86.51,86.55,86.26,86.45,15560.401
1771073700000000,SOLUSDT,5m,86.44,86.59,86.38,86.42,14139.369
1771074000000000,SOLUSDT,5m,86.42,86.61,86.28,86.41,12927.425
1771074300000000,SOLUSDT,5m,86.41,86.9,86.4,86.87,16969.92
1771074600000000,SOLUSDT,5m,86.86,86.9,86.74,86.75,8532.656
1771074900000000,SOLUSDT,5m,86.76,86.76,86.38,86.41,13787.378
1771075200000000,SOLUSDT,5m,86.41,86.45,86.13,86.21,13146.885
1771075500000000,SOLUSDT,5m,86.21,86.31,86.03,86.07,5841.044
1771075800000000,SOLUSDT,5m,86.07,86.32,86.0,86.3,16361.896
1771076100000000,SOLUSDT,5m,86.3,86.43,86.26,86.29,6210.859
1771076400000000,SOLUSDT,5m,86.3,86.42,86.23,86.4,11551.891
1771076700000000,SOLUSDT,5m,86.4,86.68,86.36,86.58,6879.198
1771077000000000,SOLUSDT,5m,86.58,86.66,86.29,86.29,9206.407
1771077300000000,SOLUSDT,5m,86.29,86.44,86.27,86.44,5050.515
1771077600000000,SOLUSDT,5m,86.44,86.58,86.37,86.58,4237.918
1771077900000000,SOLUSDT,5m,86.58,86.72,86.49,86.69,8394.395
1771078200000000,SOLUSDT,5m,86.69,86.82,86.6,86.8,9427.207
1771078500000000,SOLUSDT,5m,86.8,86.94,86.71,86.85,6567.239
1771078800000000,SOLUSDT,5m,86.85,87.02,86.59,86.6,15975.073
1771079100000000,SOLUSDT,5m,86.61,86.8,86.55,86.79,7376.379
1771079400000000,SOLUSDT,5m,86.79,87.2,86.78,87.06,26602.627
1771079700000000,SOLUSDT,5m,87.06,87.16,86.98,87.1,6471.265
1771080000000000,SOLUSDT,5m,87.1,87.13,86.94,87.02,7460.406
1771080300000000,SOLUSDT,5m,87.02,87.13,86.94,87.04,5853.629
1771080600000000,SOLUSDT,5m,87.05,87.23,87.05,87.17,15382.106
1771080900000000,SOLUSDT,5m,87.17,87.52,87.15,87.24,19419.328
1771081200000000,SOLUSDT,5m,87.24,87.4,87.16,87.33,7996.135
1771081500000000,SOLUSDT,5m,87.33,87.51,87.22,87.3,43757.617
1771081800000000,SOLUSDT,5m,87.3,87.3,87.1,87.24,8596.892
1771082100000000,SOLUSDT,5m,87.24,87.6,87.16,87.53,13834.021
1771082400000000,SOLUSDT,5m,87.53,87.64,87.37,87.56,9822.953
1771082700000000,SOLUSDT,5m,87.56,87.69,87.4,87.42,13961.269
1771083000000000,SOLUSDT,5m,87.42,87.51,87.37,87.5,10360.215
1771083300000000,SOLUSDT,5m,87.5,87.53,87.16,87.27,8168.392
1771083600000000,SOLUSDT,5m,87.27,87.38,87.16,87.36,4522.88
1771083900000000,SOLUSDT,5m,87.36,87.5,87.31,87.49,5485.928
1771084200000000,SOLUSDT,5m,87.49,87.52,87.29,87.31,4999.546
1771084500000000,SOLUSDT,5m,87.3,87.52,87.27,87.44,8406.344
1771084800000000,SOLUSDT,5m,87.44,87.46,87.27,87.43,7069.573
1771085100000000,SOLUSDT,5m,87.43,87.44,87.31,87.31,5094.078
1771085400000000,SOLUSDT,5m,87.31,87.54,87.29,87.41,27624.383
1771085700000000,SOLUSDT,5m,87.41,87.53,87.18,87.19,60391.546
1771086000000000,SOLUSDT,5m,87.19,87.25,86.99,87.12,28080.037
1771086300000000,SOLUSDT,5m,87.13,87.42,87.13,87.38,26562.244
1771086600000000,SOLUSDT,5m,87.37,87.84,87.14,87.71,98918.944
1771086900000000,SOLUSDT,5m,87.7,87.83,87.45,87.81,49654.974
1771087200000000,SOLUSDT,5m,87.8,88.03,87.66,87.95,43167.339
1771087500000000,SOLUSDT,5m,87.94,88.16,87.82,88.01,17405.596
1771087800000000,SOLUSDT,5m,88.02,88.26,87.93,88.09,38991.319
1771088100000000,SOLUSDT,5m,88.09,88.22,88.04,88.12,10721.206
1771088400000000,SOLUSDT,5m,88.12,88.16,87.95,87.96,16197.685
1771088700000000,SOLUSDT,5m,87.95,88.06,87.83,87.92,6798.169
1771089000000000,SOLUSDT,5m,87.92,88.19,87.88,88.07,8289.305
1771089300000000,SOLUSDT,5m,88.08,88.15,87.97,88.05,6648.591
1771089600000000,SOLUSDT,5m,88.05,88.3,88.03,88.29,8543.331
1771089900000000,SOLUSDT,5m,88.29,88.47,88.19,88.28,23445.914
1771090200000000,SOLUSDT,5m,88.29,88.39,88.22,88.22,7471.533
1771090500000000,SOLUSDT,5m,88.23,88.24,87.86,87.99,11490.228
1771090800000000,SOLUSDT,5m,87.98,88.11,87.91,88.07,9407.377
1771091100000000,SOLUSDT,5m,88.07,88.14,87.87,88.0,9797.62
1771091400000000,SOLUSDT,5m,88.0,88.14,87.97,88.01,5719.887
1771091700000000,SOLUSDT,5m,88.01,88.09,87.95,88.05,4071.229
1771092000000000,SOLUSDT,5m,88.05,88.16,87.95,88.08,7153.764
1771092300000000,SOLUSDT,5m,88.08,88.22,88.02,88.05,4856.713
1771092600000000,SOLUSDT,5m,88.04,88.14,88.01,88.02,3758.412
1771092900000000,SOLUSDT,5m,88.01,88.14,87.87,88.11,5012.729
1771093200000000,SOLUSDT,5m,88.1,88.15,87.96,87.97,7726.193
1771093500000000,SOLUSDT,5m,87.96,88.0,87.79,87.93,7050.897
1771093800000000,SOLUSDT,5m,87.93,88.15,87.87,88.11,6990.03
1771094100000000,SOLUSDT,5m,88.12,88.21,88.0,88.17,6968.037
1771094400000000,SOLUSDT,5m,88.16,88.23,88.05,88.12,5555.575
1771094700000000,SOLUSDT,5m,88.11,88.29,88.04,88.15,8609.065
1771095000000000,SOLUSDT,5m,88.15,88.18,88.06,88.07,4216.782
1771095300000000,SOLUSDT,5m,88.07,88.13,87.98,88.01,4352.111
1771095600000000,SOLUSDT,5m,88.01,88.03,87.74,88.01,13394.666
1771095900000000,SOLUSDT,5m,88.02,88.04,87.83,87.88,3916.073
1771096200000000,SOLUSDT,5m,87.88,88.02,87.85,87.87,3666.279
1771096500000000,SOLUSDT,5m,87.87,87.99,87.56,87.98,10622.099
1771096800000000,SOLUSDT,5m,87.98,88.06,87.76,87.93,4835.961
1771097100000000,SOLUSDT,5m,87.92,88.02,87.83,87.96,2398.691
1771097400000000,SOLUSDT,5m,87.96,88.16,87.95,88.14,3363.596
1771097700000000,SOLUSDT,5m,88.15,88.15,88.0,88.06,3469.506
1771098000000000,SOLUSDT,5m,88.06,88.12,88.03,88.11,2229.574
1771098300000000,SOLUSDT,5m,88.11,88.31,88.04,88.27,7378.598
1771098600000000,SOLUSDT,5m,88.28,88.33,88.2,88.23,4552.587
1771098900000000,SOLUSDT,5m,88.22,88.22,88.11,88.2,2346.561
1771099200000000,SOLUSDT,5m,88.21,88.44,88.19,88.33,11551.589
1771099500000000,SOLUSDT,5m,88.32,88.36,87.87,87.89,12176.446
1771099800000000,SOLUSDT,5m,87.9,87.99,87.84,87.9,4621.243
1771100100000000,SOLUSDT,5m,87.91,88.07,87.88,87.88,23069.242
1771100400000000,SOLUSDT,5m,87.88,87.96,87.69,87.94,9823.926
1771100700000000,SOLUSDT,5m,87.94,88.0,87.82,87.86,7892.691
1771101000000000,SOLUSDT,5m,87.85,87.86,87.72,87.86,3422.499
1771101300000000,SOLUSDT,5m,87.86,87.9,87.69,87.9,3299.269
1771101600000000,SOLUSDT,5m,87.9,88.01,87.88,87.95,3367.155
1771101900000000,SOLUSDT,5m,87.96,88.14,87.94,88.07,9212.524
1771102200000000,SOLUSDT,5m,88.06,88.11,88.0,88.06,4386.198
1771102500000000,SOLUSDT,5m,88.06,88.18,88.06,88.17,3391.988
1771102800000000,SOLUSDT,5m,88.16,88.31,88.1,88.25,23821.459
1771103100000000,SOLUSDT,5m,88.25,88.44,88.19,88.34,19372.495
1771103400000000,SOLUSDT,5m,88.34,88.34,88.13,88.23,9859.047
1771103700000000,SOLUSDT,5m,88.23,88.32,88.17,88.3,9733.17
1771104000000000,SOLUSDT,5m,88.3,88.31,87.84,87.85,11009.889
1771104300000000,SOLUSDT,5m,87.85,87.89,87.77,87.8,8019.587
1771104600000000,SOLUSDT,5m,87.8,87.85,87.64,87.69,13494.908
1771104900000000,SOLUSDT,5m,87.7,87.71,87.29,87.45,18661.665
1771105200000000,SOLUSDT,5m,87.45,87.72,87.4,87.67,8747.631
1771105500000000,SOLUSDT,5m,87.68,87.81,87.68,87.75,5939.498
1771105800000000,SOLUSDT,5m,87.76,87.89,87.72,87.89,4181.561
1771106100000000,SOLUSDT,5m,87.88,88.08,87.82,88.07,8321.683
1771106400000000,SOLUSDT,5m,88.07,88.15,87.98,88.15,8461.102
1771106700000000,SOLUSDT,5m,88.14,88.18,88.06,88.07,3203.457
1771107000000000,SOLUSDT,5m,88.07,88.3,88.04,88.26,5493.145
1771107300000000,SOLUSDT,5m,88.27,88.28,88.07,88.13,4898.643
1771107600000000,SOLUSDT,5m,88.13,88.15,87.9,88.06,6419.896
1771107900000000,SOLUSDT,5m,88.07,88.12,88.02,88.1,2370.502
1771108200000000,SOLUSDT,5m,88.09,88.22,88.09,88.16,3793.308
1771108500000000,SOLUSDT,5m,88.16,88.76,88.16,88.76,35798.566
1771108800000000,SOLUSDT,5m,88.76,88.89,88.56,88.6,10622.981
1771109100000000,SOLUSDT,5m,88.6,88.7,88.53,88.62,6913.152
1771109400000000,SOLUSDT,5m,88.63,88.79,88.6,88.66,10057.694
1771109700000000,SOLUSDT,5m,88.67,88.73,88.48,88.5,12388.742
1771110000000000,SOLUSDT,5m,88.5,88.66,88.37,88.41,8317.793
1771110300000000,SOLUSDT,5m,88.42,88.65,88.42,88.53,3831.587
1771110600000000,SOLUSDT,5m,88.53,88.83,88.52,88.81,8850.214
1771110900000000,SOLUSDT,5m,88.8,88.9,88.47,88.55,8486.57
1771111200000000,SOLUSDT,5m,88.55,88.62,88.29,88.3,19582.627
1771111500000000,SOLUSDT,5m,88.3,88.45,88.21,88.41,8490.414
1771111800000000,SOLUSDT,5m,88.42,88.59,88.24,88.37,7300.45
1771112100000000,SOLUSDT,5m,88.36,88.36,88.09,88.36,6473.355
1771112400000000,SOLUSDT,5m,88.36,88.39,88.23,88.24,3746.997
1771112700000000,SOLUSDT,5m,88.24,88.33,88.18,88.22,4040.425
1771113000000000,SOLUSDT,5m,88.22,88.27,88.08,88.16,2739.534
1771113300000000,SOLUSDT,5m,88.16,88.2,88.03,88.06,4934.646
1771113600000000,SOLUSDT,5m,88.06,88.12,87.89,88.1,6444.507
1771113900000000,SOLUSDT,5m,88.1,88.25,87.81,87.96,9753.044
1771114200000000,SOLUSDT,5m,87.96,88.06,87.8,87.92,9702.818
1771114500000000,SOLUSDT,5m,87.92,88.36,87.92,88.36,6188.636
1771114800000000,SOLUSDT,5m,88.35,88.42,88.02,88.11,6344.326
1771115100000000,SOLUSDT,5m,88.11,88.16,88.01,88.12,4576.564
1771115400000000,SOLUSDT,5m,88.11,88.2,87.98,87.99,3945.244
1771115700000000,SOLUSDT,5m,87.99,88.04,87.89,87.92,3845.669
1771116000000000,SOLUSDT,5m,87.92,88.01,87.82,87.85,9329.941
1771116300000000,SOLUSDT,5m,87.86,87.98,87.81,87.97,3212.276
1771116600000000,SOLUSDT,5m,87.98,88.1,87.94,88.08,3777.701
1771116900000000,SOLUSDT,5m,88.09,88.33,88.09,88.19,3775.661
1771117200000000,SOLUSDT,5m,88.19,88.33,88.12,88.26,8463.125
1771117500000000,SOLUSDT,5m,88.27,88.72,88.27,88.68,20338.844
1771117800000000,SOLUSDT,5m,88.68,88.72,88.4,88.43,6406.784
1771118100000000,SOLUSDT,5m,88.42,88.51,88.36,88.4,8589.53
1771118400000000,SOLUSDT,5m,88.41,88.41,87.85,87.89,11446.268
1771118700000000,SOLUSDT,5m,87.89,88.03,87.65,87.79,17110.598
1771119000000000,SOLUSDT,5m,87.79,87.93,87.76,87.76,4919.534
1771119300000000,SOLUSDT,5m,87.76,87.91,87.6,87.79,10623.256
1771119600000000,SOLUSDT,5m,87.79,87.98,87.6,87.72,7989.224
1771119900000000,SOLUSDT,5m,87.73,87.85,87.61,87.84,3997.885
1771120200000000,SOLUSDT,5m,87.84,88.15,87.83,88.07,15041.873
1771120500000000,SOLUSDT,5m,88.06,88.33,88.04,88.29,3954.834
1771120800000000,SOLUSDT,5m,88.28,88.36,88.08,88.19,7714.651
1771121100000000,SOLUSDT,5m,88.2,88.5,87.97,88.07,23236.817
1771121400000000,SOLUSDT,5m,88.06,88.17,87.97,88.17,4622.908
1771121700000000,SOLUSDT,5m,88.17,88.28,88.09,88.1,7285.37
1771122000000000,SOLUSDT,5m,88.1,88.1,87.78,87.89,7638.681
1771122300000000,SOLUSDT,5m,87.89,87.96,87.82,87.9,3997.825
1771122600000000,SOLUSDT,5m,87.89,87.92,87.56,87.78,9715.19
1771122900000000,SOLUSDT,5m,87.78,88.07,87.52,88.02,12049.541
1771123200000000,SOLUSDT,5m,88.02,88.14,87.95,88.02,6338.981
1771123500000000,SOLUSDT,5m,88.03,88.24,87.92,87.95,20882.776
1771123800000000,SOLUSDT,5m,87.95,88.15,87.94,88.13,1683.189
1771124100000000,SOLUSDT,5m,88.13,88.24,88.0,88.0,3115.575
1771124400000000,SOLUSDT,5m,88.01,88.15,87.98,88.12,5228.919
1771124700000000,SOLUSDT,5m,88.12,88.25,88.09,88.23,3316.762
1771125000000000,SOLUSDT,5m,88.23,88.27,88.06,88.07,3967.081
1771125300000000,SOLUSDT,5m,88.07,88.22,88.05,88.15,1987.873
