timestamp_ms,symbol,timeframe,open,high,low,close,volume
1704367200000,SYN_RAND_KIPP,5m,133.39738036,134.23353671,132.69544992,133.17992763,370477.2269
1704367500000,SYN_RAND_KIPP,5m,133.17992763,134.0102321,132.47953844,132.96771524,355542.2734
1704367800000,SYN_RAND_KIPP,5m,132.96771524,133.79135439,132.26999595,132.76273718,339353.1992
1704368100000,SYN_RAND_KIPP,5m,132.76273718,133.57894018,132.06868777,132.56683586,322192.6832
1704368400000,SYN_RAND_KIPP,5m,132.56683586,133.374877,131.87728653,132.38165706,304359.9327
1704368700000,SYN_RAND_KIPP,5m,132.38165706,133.18085769,131.69723151,132.20860929,286165.5865
1704369000000,SYN_RAND_KIPP,5m,132.20860929,132.9983393,131.52969333,132.04882856,300084.1804
1704369300000,SYN_RAND_KIPP,5m,132.04882856,132.82850748,131.37554487,131.90314934,318854.5698
1704369600000,SYN_RAND_KIPP,5m,131.90314934,132.67224711,131.23533898,131.77208239,337037.0112
1704369900000,SYN_RAND_KIPP,5m,131.77208239,132.53011977,131.10929353,131.65579976,354328.6024
1704370200000,SYN_RAND_KIPP,5m,131.65579976,132.40234866,130.99728395,131.55412747,370441.5946
1704370500000,SYN_RAND_KIPP,5m,131.55412747,132.28881107,130.89884359,131.46654586,385108.2938
1704370800000,SYN_RAND_KIPP,5m,131.46654586,132.18903866,130.8131717,131.3921977,398085.6201
1704371100000,SYN_RAND_KIPP,5m,131.3921977,132.1022256,130.73914899,131.32990385,409159.2476
1704371400000,SYN_RAND_KIPP,5m,131.32990385,132.02724416,130.6753604,131.27818614,418147.2555
1704371700000,SYN_RAND_KIPP,5m,131.27818614,131.96266772,130.6201247,131.23529717,424903.2255
1704372000000,SYN_RAND_KIPP,5m,131.23529717,131.90680055,130.57153013,131.19925619,429318.7363
1704372300000,SYN_RAND_KIPP,5m,131.19925619,131.85771382,130.52747564,131.16789065,431325.2097
1704372600000,SYN_RAND_KIPP,5m,131.16789065,131.81328715,130.48571662,131.13888223,430895.0786
1704372900000,SYN_RAND_KIPP,5m,131.13888223,131.77125472,130.44391429,131.10981673,428042.2558
1704373200000,SYN_RAND_KIPP,5m,131.10981673,131.72925509,130.39968765,131.07823648,422821.8972
1704373500000,SYN_RAND_KIPP,5m,131.07823648,131.68488363,130.35066681,131.0416942,415329.4619
1704373800000,SYN_RAND_KIPP,5m,131.0416942,131.63574629,130.29454652,130.99780721,405699.0855
1704374100000,SYN_RAND_KIPP,5m,130.99780721,131.57951361,130.22913858,130.94431047,394101.2954
1704374400000,SYN_RAND_KIPP,5m,130.94431047,131.51397367,130.15242195,130.87910743,380740.1057
1704374700000,SYN_RAND_KIPP,5m,130.87910743,131.4370826,130.06258927,130.80031726,365849.5418
1704375000000,SYN_RAND_KIPP,5m,130.80031726,131.34701164,129.95808868,130.70631743,349689.6538
1704375300000,SYN_RAND_KIPP,5m,130.70631743,131.2421893,129.83765978,130.59578046,332542.0866
1704375600000,SYN_RAND_KIPP,5m,130.59578046,131.1213378,129.70036298,130.46770387,314705.2824
1704375900000,SYN_RAND_KIPP,5m,130.46770387,130.98350268,129.5456013,130.32143276,296489.3968
1704376200000,SYN_RAND_KIPP,5m,130.32143276,130.82807494,129.37313415,130.15667415,308357.9482
1704376500000,SYN_RAND_KIPP,5m,130.15667415,130.65480506,129.18308291,129.97350308,327117.3616
1704376800000,SYN_RAND_KIPP,5m,129.97350308,130.46380865,128.97592787,129.77235997,345305.1107
1704377100000,SYN_RAND_KIPP,5m,129.77235997,130.25556355,128.75249701,129.55403979,362617.6198
1704377400000,SYN_RAND_KIPP,5m,129.55403979,130.03089861,128.51394682,129.31967299,378766.1928
1704377700000,SYN_RAND_KIPP,5m,129.31967299,129.79097438,128.2617357,129.07069908,393481.9313
1704378000000,SYN_RAND_KIPP,5m,129.07069908,129.53725643,127.99759084,128.8088334,406520.3138
1704378300000,SYN_RAND_KIPP,5m,128.8088334,129.27148196,127.72346935,128.53602825,417665.3611
1704378600000,SYN_RAND_KIPP,5m,128.53602825,128.99562071,127.44151488,128.25442909,426733.3145
1704378900000,SYN_RAND_KIPP,5m,128.25442909,128.71183121,127.15401065,127.96632738,433575.7654
1704379200000,SYN_RAND_KIPP,5m,127.96632738,128.42241339,126.86333025,127.67411088,438082.1834
1704379500000,SYN_RAND_KIPP,5m,127.67411088,128.12975902,126.57188725,127.38021281,440181.7983
1704379800000,SYN_RAND_KIPP,5m,127.38021281,127.83630081,126.28208496,127.08706107,439844.8053
1704380100000,SYN_RAND_KIPP,5m,127.08706107,127.54446172,125.99626719,126.79702844,437082.8728
1704380400000,SYN_RAND_KIPP,5m,126.79702844,127.25660523,125.71667132,126.5123851,431948.9427
1704380700000,SYN_RAND_KIPP,5m,126.5123851,126.97498795,125.44538432,126.23525408,424536.329
1704381000000,SYN_RAND_KIPP,5m,126.23525408,126.70171516,125.18430274,125.96757068,414977.1275
1704381300000,SYN_RAND_KIPP,5m,125.96757068,126.43870036,124.93509719,125.71104646,403439.9658
1704381600000,SYN_RAND_KIPP,5m,125.71104646,126.18762934,124.69918191,125.46713839,390127.1306
1704381900000,SYN_RAND_KIPP,5m,125.46713839,125.94992945,124.47768992,125.23702352,375271.1218
1704382200000,SYN_RAND_KIPP,5m,125.23702352,125.72674435,124.2714539,125.02157961,359130.692
1704382500000,SYN_RAND_KIPP,5m,125.02157961,125.51891471,124.08099319,124.82137173,341986.4387
1704382800000,SYN_RAND_KIPP,5m,124.82137173,125.32696495,123.90650681,124.63664517,324136.0244
1704383100000,SYN_RAND_KIPP,5m,124.63664517,125.15109618,123.74787259,124.46732436,305889.1063
1704383400000,SYN_RAND_KIPP,5m,124.46732436,124.99118526,123.60465234,124.31301796,315696.6625
1704383700000,SYN_RAND_KIPP,5m,124.31301796,124.84678992,123.47610281,124.17302973,334433.8477
1704384000000,SYN_RAND_KIPP,5m,124.17302973,124.71715982,123.36119218,124.04637508,352615.7272
1704384300000,SYN_RAND_KIPP,5m,124.04637508,124.60125322,123.25862188,123.93180285,369938.067
1704384600000,SYN_RAND_KIPP,5m,123.93180285,124.49775889,123.16685312,123.82782193,386111.2391
1704384900000,SYN_RAND_KIPP,5m,123.82782193,124.40512296,123.08413785,123.73273226,400865.1542
1704385200000,SYN_RAND_KIPP,5m,123.73273226,124.32158022,123.00855355,123.64465964,413953.8624
1704385500000,SYN_RAND_KIPP,5m,123.64465964,124.24518915,122.9380411,123.56159372,425159.7422
1704385800000,SYN_RAND_KIPP,5m,123.56159372,124.17387032,122.87044533,123.48142851,434297.2067
1704386100000,SYN_RAND_KIPP,5m,123.48142851,124.10544727,122.8035572,123.40200458,441215.865
1704386400000,SYN_RAND_KIPP,5m,123.40200458,124.03768917,122.73515705,123.32115231,445803.0835
1704386700000,SYN_RAND_KIPP,5m,123.32115231,123.96835458,122.66305797,123.2367351,447985.904
1704387000000,SYN_RAND_KIPP,5m,123.2367351,123.89523524,122.58514846,123.14669199,447732.2864
1704387300000,SYN_RAND_KIPP,5m,123.14669199,123.81619922,122.49943352,123.04907853,445051.6539
1704387600000,SYN_RAND_KIPP,5m,123.04907853,123.72923245,122.40407328,122.94210524,439994.7328
1704387900000,SYN_RAND_KIPP,5m,122.94210524,123.63247776,122.29741832,122.82417264,432652.6876
1704388200000,SYN_RAND_KIPP,5m,122.82417264,123.52427062,122.17804101,122.69390235,423155.5681
1704388500000,SYN_RAND_KIPP,5m,122.69390235,123.40317078,122.04476204,122.55016324,411670.0941
1704388800000,SYN_RAND_KIPP,5m,122.55016324,123.26798911,121.8966716,122.39209235,398396.8154
1704389100000,SYN_RAND_KIPP,5m,122.39209235,123.11780897,121.73314479,122.2191099,383566.6953
1704389400000,SYN_RAND_KIPP,5m,122.2191099,122.9520018,121.55385085,122.03092813,367437.1761
1704389700000,SYN_RAND_KIPP,5m,122.03092813,122.77023644,121.35875606,121.82755394,350287.7945
1704390000000,SYN_RAND_KIPP,5m,121.82755394,122.572482,121.14812029,121.60928501,332415.4188
1704390300000,SYN_RAND_KIPP,5m,121.60928501,122.35900439,120.92248736,121.3766999,314129.1931
1704390600000,SYN_RAND_KIPP,5m,121.3766999,122.13035654,120.6826695,121.13064219,321866.1317
1704390900000,SYN_RAND_KIPP,5m,121.13064219,121.88736266,120.42972627,120.87219916,340571.0768
1704391200000,SYN_RAND_KIPP,5m,120.87219916,121.63109692,120.1649387,120.6026757,358737.1598
1704391500000,SYN_RAND_KIPP,5m,120.6026757,121.36285729,119.88977913,120.32356403,376059.5045
1704391800000,SYN_RAND_KIPP,5m,120.32356403,121.08413504,119.60587769,120.03650997,392247.5655
1704392100000,SYN_RAND_KIPP,5m,120.03650997,120.7965808,119.31498616,119.74327678,407030.0769
1704392400000,SYN_RAND_KIPP,5m,119.74327678,120.50196809,119.01894008,119.44570721,420159.673
1704392700000,SYN_RAND_KIPP,5m,119.44570721,120.20215499,118.71962013,119.14568485,431417.101
1704393000000,SYN_RAND_KIPP,5m,119.14568485,119.89904506,118.4189134,118.84509547,440614.956
1704393300000,SYN_RAND_KIPP,5m,118.84509547,119.59454829,118.11867568,118.5457893,447600.8726
1704393600000,SYN_RAND_KIPP,5m,118.5457893,119.29054289,117.82069528,118.24954501,452260.1199
1704393900000,SYN_RAND_KIPP,5m,118.24954501,118.98883881,117.52665925,117.95803595,454517.5559
1704394200000,SYN_RAND_KIPP,5m,117.95803595,118.69114358,117.23812259,117.67279951,454338.9071
1704394500000,SYN_RAND_KIPP,5m,117.67279951,118.39903124,116.95648094,117.39520992,451731.3518
1704394800000,SYN_RAND_KIPP,5m,117.39520992,118.11391471,116.68294721,117.12645499,446743.398
1704395100000,SYN_RAND_KIPP,5m,117.12645499,117.83702224,116.41853256,116.86751722,439464.0568
1704395400000,SYN_RAND_KIPP,5m,116.86751722,117.56937813,116.16403181,116.61915931,430021.326
1704395700000,SYN_RAND_KIPP,5m,116.61915931,117.3117881,115.92001362,116.38191451,418580.0098
1704396000000,SYN_RAND_KIPP,5m,116.38191451,117.06482929,115.68681538,116.15608156,405338.9111
1704396300000,SYN_RAND_KIPP,5m,116.15608156,116.8288451,115.46454278,115.94172445,390527.4454
1704396600000,SYN_RAND_KIPP,5m,115.94172445,116.60394482,115.25307405,115.73867675,374401.7328
1704396900000,SYN_RAND_KIPP,5m,115.73867675,116.39000784,115.05206859,115.54655041,357240.2349
1704397200000,SYN_RAND_KIPP,5m,115.54655041,116.18669237,114.86097979,115.36474868,339339.0119
1704397500000,SYN_RAND_KIPP,5m,115.36474868,115.99344838,114.67907167,115.19248298,321006.6791
1704397800000,SYN_RAND_KIPP,5m,115.19248298,115.8095344,114.50543904,115.02879321,326664.9654
1704398100000,SYN_RAND_KIPP,5m,115.02879321,115.63403778,114.33903062,114.8725711,345329.1539
1704398400000,SYN_RAND_KIPP,5m,114.8725711,115.46589811,114.1786747,114.72258614,363471.0179
1704398700000,SYN_RAND_KIPP,5m,114.72258614,115.30393304,114.02310681,114.57751351,380785.0548
1704399000000,SYN_RAND_KIPP,5m,114.57751351,115.14686623,113.87099874,114.43596341,396979.8166
1704399300000,SYN_RAND_KIPP,5m,114.43596341,114.99335657,113.72098836,114.29651124,411782.8748
1704399600000,SYN_RAND_KIPP,5m,114.29651124,114.84202832,113.5717095,114.15772788,424945.4605
1704399900000,SYN_RAND_KIPP,5m,114.15772788,114.69150125,113.42182143,114.01820956,436246.7012
1704400200000,SYN_RAND_KIPP,5m,114.01820956,114.54042036,113.27003706,113.87660654,445497.3835
1704400500000,SYN_RAND_KIPP,5m,113.87660654,114.38748439,113.11514945,113.73165,452543.1754
1704400800000,SYN_RAND_KIPP,5m,113.73165,114.23147252,112.95605582,113.58217664,457267.255
1704401100000,SYN_RAND_KIPP,5m,113.58217664,114.07126869,112.79177882,113.42715031,459592.3006
1704401400000,SYN_RAND_KIPP,5m,113.42715031,113.90588303,112.62148422,113.26568029,459481.8072
1704401700000,SYN_RAND_KIPP,5m,113.26568029,113.73446981,112.44449502,113.09703574,456940.7081
1704402000000,SYN_RAND_KIPP,5m,113.09703574,113.55634162,112.2603014,112.92065617,452015.2912
1704402300000,SYN_RAND_KIPP,5m,112.92065617,113.37097954,112.06856643,112.73615756,444792.4099
1704402600000,SYN_RAND_KIPP,5m,112.73615756,113.17803895,111.8691276,112.54333417,435398.004
1704402900000,SYN_RAND_KIPP,5m,112.54333417,112.97735108,111.66199399,112.34215609,423994.9538
1704403200000,SYN_RAND_KIPP,5m,112.34215609,112.76892022,111.44733939,112.1327626,410780.3062
1704403500000,SYN_RAND_KIPP,5m,112.1327626,112.55291688,111.2254917,111.91545177,395981.9176
1704403800000,SYN_RAND_KIPP,5m,111.91545177,112.3296671,110.99691882,111.69066646,379854.5731
1704404100000,SYN_RAND_KIPP,5m,111.69066646,112.09963828,110.76221169,111.45897747,362675.646
1704404400000,SYN_RAND_KIPP,5m,111.45897747,111.8634221,110.52206484,111.2210641,344740.3734
1704404700000,SYN_RAND_KIPP,5m,111.2210641,111.62171497,110.27725527,110.97769293,326356.8271
1704405000000,SYN_RAND_KIPP,5m,110.97769293,111.37529672,110.02862006,110.72969543,329930.229
1704405300000,SYN_RAND_KIPP,5m,110.72969543,111.12500804,109.77703358,110.47794497,348546.8527
1704405600000,SYN_RAND_KIPP,5m,110.47794497,110.87172751,109.52338483,110.22333394,366657.791
1704405900000,SYN_RAND_KIPP,5m,110.22333394,110.61634871,109.26855548,109.96675171,383956.9298
1704406200000,SYN_RAND_KIPP,5m,109.96675171,110.35975813,109.01339943,109.70906385,400151.9339
1704406500000,SYN_RAND_KIPP,5m,109.70906385,110.10281447,108.75872413,109.45109325,414969.2259
1704406800000,SYN_RAND_KIPP,5m,109.45109325,109.8463298,108.50527433,109.1936036,428158.6463
1704407100000,SYN_RAND_KIPP,5m,109.1936036,109.59105317,108.2537185,108.93728561,439497.7145
1704407400000,SYN_RAND_KIPP,5m,108.93728561,109.33765682,108.00463826,108.68274617,448795.418
1704407700000,SYN_RAND_KIPP,5m,108.68274617,109.08672561,107.75852105,108.4305008,455895.4664
1704408000000,SYN_RAND_KIPP,5m,108.4305008,108.83874944,107.51575597,108.18096929,460678.9529
1704408300000,SYN_RAND_KIPP,5m,108.18096929,108.59411917,107.27663295,107.93447466,463066.3801
1704408600000,SYN_RAND_KIPP,5m,107.93447466,108.35312569,107.04134501,107.69124528,463019.0135
1704408900000,SYN_RAND_KIPP,5m,107.69124528,108.11596219,106.80999346,107.45141988,460539.5417
1704409200000,SYN_RAND_KIPP,5m,107.45141988,107.88272942,106.58259573,107.21505524,455672.0303
1704409500000,SYN_RAND_KIPP,5m,107.21505524,107.65344358,106.35909545,106.98213616,448501.1709
1704409800000,SYN_RAND_KIPP,5m,106.98213616,107.42804645,106.13937434,106.75258721,439150.839
1704410100000,SYN_RAND_KIPP,5m,106.75258721,107.20641746,105.92326543,106.52628579,427781.9835
1704410400000,SYN_RAND_KIPP,5m,106.52628579,106.988387,105.71056705,106.30307607,414589.8852
1704410700000,SYN_RAND_KIPP,5m,106.30307607,106.77375054,105.50105706,106.08278304,399800.8306
1704411000000,SYN_RAND_KIPP,5m,106.08278304,106.5622831,105.29450681,105.8652263,383668.2571
1704411300000,SYN_RAND_KIPP,5m,105.8652263,106.35375321,105.09069409,105.65023292,366468.436
1704411600000,SYN_RAND_KIPP,5m,105.65023292,106.14793615,104.88941483,105.4376489,348495.7671
1704411900000,SYN_RAND_KIPP,5m,105.4376489,105.94462571,104.69049288,105.22734879,330057.7631
1704412200000,SYN_RAND_KIPP,5m,105.22734879,105.74364408,104.4937875,105.01924297,331542.0183
1704412500000,SYN_RAND_KIPP,5m,105.01924297,105.54484946,104.29919838,104.8132824,350106.1431
1704412800000,SYN_RAND_KIPP,5m,104.8132824,105.34814111,104.10666774,104.60946053,368181.3274
1704413100000,SYN_RAND_KIPP,5m,104.60946053,105.15346154,103.91617962,104.40781227,385460.8617
1704413400000,SYN_RAND_KIPP,5m,104.40781227,104.96079574,103.72775623,104.2084101,401651.5379
1704413700000,SYN_RAND_KIPP,5m,104.2084101,104.77016751,103.54145148,104.01135732,416478.6438
1704414000000,SYN_RAND_KIPP,5m,104.01135732,104.58163297,103.35734193,103.81677873,429690.6421
1704414300000,SYN_RAND_KIPP,5m,103.81677873,104.39527136,103.17551561,103.62480908,441063.455
1704414600000,SYN_RAND_KIPP,5m,103.62480908,104.21117378,102.99605888,103.4355798,450404.2812
1704414900000,SYN_RAND_KIPP,5m,103.4355798,104.02942987,102.81904213,103.2492043,457554.8795
1704415200000,SYN_RAND_KIPP,5m,103.2492043,103.85011341,102.64450482,103.06576284,462394.2643
1704415500000,SYN_RAND_KIPP,5m,103.06576284,103.67326712,102.47244036,102.88528713,464840.7668
1704415800000,SYN_RAND_KIPP,5m,102.88528713,103.49888745,102.30278178,102.70774581,464853.4252
1704416100000,SYN_RAND_KIPP,5m,102.70774581,103.32691001,102.13538863,102.53303111,462432.6831
1704416400000,SYN_RAND_KIPP,5m,102.53303111,103.15719635,101.97003588,102.36094764,457620.3818
1704416700000,SYN_RAND_KIPP,5m,102.36094764,102.98952279,101.8064055,102.19120373,450499.0471
1704417000000,SYN_RAND_KIPP,5m,102.19120373,102.82357176,101.64408112,102.02340601,441190.4843
1704417300000,SYN_RAND_KIPP,5m,102.02340601,102.6589265,101.48254639,101.85705761,429853.7027
1704417600000,SYN_RAND_KIPP,5m,101.85705761,102.49506936,101.32118733,101.69156046,416682.2078
1704417900000,SYN_RAND_KIPP,5m,101.69156046,102.33138409,101.15929894,101.52622175,401900.7044
1704418200000,SYN_RAND_KIPP,5m,101.52622175,102.16716256,100.99609604,101.36026483,385761.27
1704418500000,SYN_RAND_KIPP,5m,101.36026483,102.0016157,100.83072855,101.1928443,368539.0602
1704418800000,SYN_RAND_KIPP,5m,101.1928443,101.83388882,100.66230059,101.02306522,350527.6226
1704419100000,SYN_RAND_KIPP,5m,101.02306522,101.66308098,100.48989337,100.85000596,332033.896
1704419400000,SYN_RAND_KIPP,5m,100.85000596,101.48826802,100.31259109,100.67274409,331426.8269
1704419700000,SYN_RAND_KIPP,5m,100.67274409,101.3085287,100.12950918,100.49038474,349935.5049
1704420000000,SYN_RAND_KIPP,5m,100.49038474,101.12297318,99.93982403,100.3020904,367972.0962
1704420300000,SYN_RAND_KIPP,5m,100.3020904,100.93077306,99.74280329,100.10711133,385229.3111
1704420600000,SYN_RAND_KIPP,5m,100.10711133,100.73119193,99.53783563,99.90481543,401413.0835
1704420900000,SYN_RAND_KIPP,5m,99.90481543,100.52361533,99.32445882,99.69471659,416247.58
1704421200000,SYN_RAND_KIPP,5m,99.69471659,100.30757918,99.10238515,99.47650025,429479.8984
1704421500000,SYN_RAND_KIPP,5m,99.47650025,100.08279535,98.87152297,99.25004522,440884.3751
1704421800000,SYN_RAND_KIPP,5m,99.25004522,99.84917343,98.6319935,99.01544073,450266.4294
1704422100000,SYN_RAND_KIPP,5m,99.01544073,99.60683763,98.3841419,98.77299787,457465.8774
1704422400000,SYN_RAND_KIPP,5m,98.77299787,99.35613801,98.12854208,98.52325462,462359.661
1704422700000,SYN_RAND_KIPP,5m,98.52325462,99.09765531,97.86599462,98.26697416,464863.9438
1704423000000,SYN_RAND_KIPP,5m,98.26697416,98.8321988,97.59751762,98.00513602,464935.539
1704423300000,SYN_RAND_KIPP,5m,98.00513602,98.5711489,97.31660681,97.73892019,462572.6454
1704423600000,SYN_RAND_KIPP,5m,97.73892019,98.30268725,97.0339133,97.46968434,457814.8776
1704423900000,SYN_RAND_KIPP,5m,97.46968434,98.02758139,96.75167364,97.19893468,450742.5919
1704424200000,SYN_RAND_KIPP,5m,97.19893468,97.74729795,96.47189074,96.92829124,441475.517
1704424500000,SYN_RAND_KIPP,5m,96.92829124,97.46352316,96.19660119,96.65944839,430170.7149
1704424800000,SYN_RAND_KIPP,5m,96.65944839,97.17812131,95.92781674,96.39413177,417019.9058
1704425100000,SYN_RAND_KIPP,5m,96.39413177,96.89308552,95.66746407,96.13405294,402246.2022
1704425400000,SYN_RAND_KIPP,5m,96.13405294,96.61644296,95.41152585,95.88086296,386100.3087
1704425700000,SYN_RAND_KIPP,5m,95.88086296,96.35255008,95.15857282,95.63610624,368856.2516
1704426000000,SYN_RAND_KIPP,5m,95.63610624,96.09719564,94.91546825,95.4011763,350806.7115
1704426300000,SYN_RAND_KIPP,5m,95.4011763,95.85182434,94.68345078,95.17727438,332258.0379
1704426600000,SYN_RAND_KIPP,5m,95.17727438,95.61768646,94.46352955,94.96537249,329559.6109
1704426900000,SYN_RAND_KIPP,5m,94.96537249,95.39580057,94.25645271,94.76618181,348011.9376
1704427200000,SYN_RAND_KIPP,5m,94.76618181,95.18692187,94.06268245,94.58012759,366009.1403
1704427500000,SYN_RAND_KIPP,5m,94.58012759,94.99151682,93.88237723,94.40733126,383243.3645
1704427800000,SYN_RAND_KIPP,5m,94.40733126,94.80974527,93.71538199,94.24760056,399419.7011
1704428100000,SYN_RAND_KIPP,5m,94.24760056,94.64145049,93.56122661,94.10042793,414261.2091
1704428400000,SYN_RAND_KIPP,5m,94.10042793,94.48615756,93.41913309,93.96499769,427513.634
1704428700000,SYN_RAND_KIPP,5m,93.96499769,94.34308057,93.28803115,93.84020174,438949.7375
1704429000000,SYN_RAND_KIPP,5m,93.84020174,94.21113832,93.16658241,93.72466383,448373.1694
1704429300000,SYN_RAND_KIPP,5m,93.72466383,94.08897864,93.05321234,93.61677171,455621.8112
1704429600000,SYN_RAND_KIPP,5m,93.61677171,93.97501057,92.94614953,93.51471671,460570.5382
1704429900000,SYN_RAND_KIPP,5m,93.51471671,93.86744397,92.84347117,93.4165396,463133.3507
1704430200000,SYN_RAND_KIPP,5m,93.4165396,93.76433542,92.74315378,93.3201817,463264.839
1704430500000,SYN_RAND_KIPP,5m,93.3201817,93.66363929,92.6431276,93.22353981,460960.957
1704430800000,SYN_RAND_KIPP,5m,93.22353981,93.56326272,92.54133322,93.12452335,456259.0909
1704431100000,SYN_RAND_KIPP,5m,93.12452335,93.46112277,92.43577871,93.02111207,449237.4229
1704431400000,SYN_RAND_KIPP,5m,93.02111207,93.3552041,92.32459552,92.9114125,440013.5995
1704431700000,SYN_RAND_KIPP,5m,92.9114125,93.24361542,92.2060912,92.79371126,428742.7274
1704432000000,SYN_RAND_KIPP,5m,92.79371126,93.12464281,92.07879729,92.66652348,415614.7318
1704432300000,SYN_RAND_KIPP,5m,92.66652348,92.99679817,91.94151073,92.52863463,400851.1214
1704432600000,SYN_RAND_KIPP,5m,92.52863463,92.85886104,91.79332716,92.37913423,384701.2156
1704432900000,SYN_RAND_KIPP,5m,92.37913423,92.70991244,91.63366516,92.21744039,367437.8975
1704433200000,SYN_RAND_KIPP,5m,92.21744039,92.54935936,91.46228027,92.04331395,349352.9662
1704433500000,SYN_RAND_KIPP,5m,92.04331395,92.37694913,91.2792685,91.85686213,330752.1662
1704433800000,SYN_RAND_KIPP,5m,91.85686213,92.19277305,91.08505914,91.65853115,325964.4933
1704434100000,SYN_RAND_KIPP,5m,91.65853115,91.99725924,90.88039716,91.44908852,344361.6067
1704434400000,SYN_RAND_KIPP,5m,91.44908852,91.79115501,90.6663159,91.22959538,362320.6659
1704434700000,SYN_RAND_KIPP,5m,91.22959538,91.57549938,90.44410119,91.00137019,379533.2667
1704435000000,SYN_RAND_KIPP,5m,91.00137019,91.35158692,90.21524824,90.76594507,395703.6714
1704435300000,SYN_RAND_KIPP,5m,90.76594507,91.12092423,89.98141282,90.52501652,410553.8457
1704435600000,SYN_RAND_KIPP,5m,90.52501652,90.88999135,89.73719929,90.28039221,423828.1947
1704435900000,SYN_RAND_KIPP,5m,90.28039221,90.6548084,89.49338316,90.03393592,435297.9174
1704436200000,SYN_RAND_KIPP,5m,90.03393592,90.41542799,89.25415736,89.78751245,444764.9033
1704436500000,SYN_RAND_KIPP,5m,89.78751245,90.17359984,89.02102531,89.5429343,452065.1074
1704436800000,SYN_RAND_KIPP,5m,89.5429343,89.93108942,88.79527194,89.30191202,457071.3445
1704437100000,SYN_RAND_KIPP,5m,89.30191202,89.69330686,88.57331544,89.06600953,459695.4559
1704437400000,SYN_RAND_KIPP,5m,89.06600953,89.46448818,88.35333095,88.8366058,459889.811
1704437700000,SYN_RAND_KIPP,5m,88.8366058,89.24236801,88.14114362,88.6148638,457648.1187
1704438000000,SYN_RAND_KIPP,5m,88.6148638,89.02807317,87.93762983,88.40170761,453005.5351
1704438300000,SYN_RAND_KIPP,5m,88.40170761,88.8224905,87.74341377,88.19780778,446038.0642
1704438600000,SYN_RAND_KIPP,5m,88.19780778,88.62625232,87.55886164,88.00357541,436861.2641
1704438900000,SYN_RAND_KIPP,5m,88.00357541,88.43973048,87.38408414,87.81916447,425628.2782
1704439200000,SYN_RAND_KIPP,5m,87.81916447,88.26303882,87.21894684,87.64448222,412527.2272
1704439500000,SYN_RAND_KIPP,5m,87.64448222,88.09604361,87.06308782,87.47920681,397778.005
1704439800000,SYN_RAND_KIPP,5m,87.47920681,87.93838133,86.91594172,87.32281135,381628.5327
1704440100000,SYN_RAND_KIPP,5m,87.32281135,87.78948295,86.7767691,87.17459333,364350.5365
1704440400000,SYN_RAND_KIPP,5m,87.17459333,87.64860353,86.64468993,87.0337082,346234.9192
1704440700000,SYN_RAND_KIPP,5m,87.0337082,87.51485613,86.51872005,86.89920583,327586.805
1704441000000,SYN_RAND_KIPP,5m,86.89920583,87.38724854,86.39780896,86.77006839,320714.0882
1704441300000,SYN_RAND_KIPP,5m,86.77006839,87.26472156,86.28087788,86.64524839,339059.1113
1704441600000,SYN_RAND_KIPP,5m,86.64524839,87.1461874,86.16685644,86.5237054,356983.2522
1704441900000,SYN_RAND_KIPP,5m,86.5237054,87.03056677,86.05471687,86.40444019,374177.5726
